"Modelled_PPG_Item_No","PPG_Cat","Retailer","PPG_Description","Regular_Price","Promoted_Discount","Pantry_Loading_1","Pantry_Loading_2","ACV_Selling","ACV_Feat_Only","ACV_Disp_Only","ACV_Feat_Disp","category_trend","flag_qtr2","flag_qtr3","flag_qtr4","monthno","WB_Comp_RP_1","CB_Comp_RP_1","CB_Comp_RP_2","CB_Comp_TPR_1","Intercept","Market","WB_Comp_RP_2","WB_Comp_RP_3","WB_Comp_RP_4","WB_Comp_TPR_1","WB_Comp_TPR_2","WB_Comp_TPR_3","WB_Comp_TPR_4","WB_Comp_TPR_5","WB_Comp_TPR_6","CB_Comp_RP_3","CB_Comp_TPR_2","CB_Comp_TPR_3","CB_Comp_RP_4","CB_Comp_RP_5","CB_Comp_TPR_4","Model_flag"
"ITEM107CWBEYOND_ROM","Wet Cat","DeMoulas","CW BEYOND 03OZ 6CT",-2.5,4.62564797143268,0,0,10,10,0,0,-1.98435676516953,0,0,0,-0.00202113841526523,0,NA,NA,0,9.9143632378835,"ROM",0,0,NA,-3.39129767229822,0,NA,NA,NA,NA,NA,0,0,NA,NA,0,1
"ITEM10ALPO_Retailer","Wet Dog","DeMoulas","DW ALPO 13.0-13.2OZ",-0.1,1.61165449054166,-0.934123260884206,0,10,0,0,0,0.147658144995043,-0.145623360475885,0.0350289184070813,-0.104052907375969,-0.0813043569015125,0,0,NA,0,1.30729436101284,"Retailer",NA,NA,NA,0,0,NA,NA,NA,NA,NA,NA,NA,NA,NA,NA,0
"ITEM10ALPO_ROM","Wet Dog","DeMoulas","DW ALPO 13.0-13.2OZ",-2.5,0,-3.85596425972729,-4.14068698343873,10,0,0,0,0,0,0,0,0,0,0,NA,0,6.90346675661111,"ROM",NA,NA,NA,0,0,NA,NA,NA,NA,NA,NA,NA,NA,NA,NA,1
"ITEM10CWFANCYFEASTMEDLEYS_Retailer","Wet Cat","DeMoulas","CW FANCY FEAST MEDLEYS 03OZ 12CT",-1.33231011764176,3.21002910666888,0,-0.749979323330514,5.25838278891311,0,0,0,0,0,0,0,0,0,NA,NA,0,5.75691905427313,"Retailer",0,0,NA,0,0,NA,NA,NA,NA,NA,0,0,NA,NA,0,2
"ITEM10CWFANCYFEASTMEDLEYS_ROM","Wet Cat","DeMoulas","CW FANCY FEAST MEDLEYS 03OZ 12CT",0,0,0,0,2.32134934954846,0,8.76840025884373,10.6320195796072,0.368839818245507,0,0,0,0.00207549629001774,0,NA,NA,0,6.88824347996711,"ROM",0,0,NA,0,0,NA,NA,NA,NA,NA,0,0,NA,NA,0,2
"ITEM110CWFANCYFEASTMEDLEYS_ROM","Wet Cat","DeMoulas","CW FANCY FEAST MEDLEYS 03OZ 18CT",-2.5,3.12005948143566,-0.633173950811423,-2.32908105252699,10,0,0,0,0,0,0,0,0,0,NA,NA,0,10.0972560924299,"ROM",0,0,NA,0,0,NA,NA,NA,NA,NA,0,0,NA,NA,0,1
"ITEM115CWFRISKIES_ROM","Wet Cat","DeMoulas","CW FRISKIES 05.5OZ 32CT",-0.18253840447831,0,0,0,3.32576518748478,0,0.930978751097791,0,0.165908479854283,0,0,0,0,0,NA,NA,0,6.96267926962152,"ROM",0,0,NA,0,0,NA,NA,NA,NA,NA,0,0,NA,NA,0,2
"ITEM116CWFANCYFEASTML_ROM","Wet Cat","DeMoulas","CW FANCY FEAST ML 03OZ 30CT",0,0,0,0,4.25871294053188,0.257119260389715,17.218385684882,0,0,0,0,0,0,0,NA,NA,0,6.44370070102045,"ROM",0,0,NA,0,0,NA,NA,NA,NA,NA,0,0,NA,NA,0,2
"ITEM118CWFRISKIES_ROM","Wet Cat","DeMoulas","CW FRISKIES 05.5OZ 48CT",-2.09036510891656,0,0,0,0,1.83288812499972,0,0,0,0,0,0,0,0,NA,NA,0,13.6111637416766,"ROM",0,0,NA,0,0,NA,NA,NA,NA,NA,0,0,NA,NA,0,1
"ITEM11CWFANCYFEASTML_Retailer","Wet Cat","DeMoulas","CW FANCY FEAST ML 03OZ 24CT",-0.294813766290086,0.317591526186963,-0.879966220119998,0,3.87331525188811,0,0,0,0,0,0,0,0,0,NA,NA,0,4.77743971472896,"Retailer",0,0,NA,0,0,NA,NA,NA,NA,NA,0,0,NA,NA,0,2
"ITEM11CWFANCYFEASTML_ROM","Wet Cat","DeMoulas","CW FANCY FEAST ML 03OZ 24CT",-0.320984226512135,0,0,0,2.34885765484511,0.29742205810444,0,0,0.881752973738611,0.0522998264860808,0.109364164457698,0.0279861516455272,0,0,NA,NA,-0.0612830984947183,7.59130605711063,"ROM",0,0,NA,0,0,NA,NA,NA,NA,NA,0,0,NA,NA,0,2
"ITEM120CWBEYOND_ROM","Wet Cat","DeMoulas","CW BEYOND 03OZ 12CT",-2.5,0,-12.6587806095751,-8.29771062191708,0,8.81512586935824,0,0,0,0,0,0,0,0,NA,NA,0,10.8277791859961,"ROM",0,0,NA,0,0,NA,NA,NA,NA,NA,0,0,NA,NA,0,1
"ITEM12BENEFUL_Retailer","Wet Dog","DeMoulas","DW BENEFUL 10OZ",-1.40590517706728,1.34968540012177,0,0,3.48205687032421,0,0,0,0,0,0,0,0.0331714981126822,0,0,NA,0,5.89967536732515,"Retailer",NA,NA,NA,0,0,NA,NA,NA,NA,NA,NA,NA,NA,NA,NA,2
"ITEM12BENEFUL_ROM","Wet Dog","DeMoulas","DW BENEFUL 10OZ",-1.22204632103353,0,0,0,0.594469899369566,0,1.26460151313638,0.149933014493139,0.30837177043843,0.0376334764807848,0.0687921888691188,-0.0441786592742745,0.0115412312749475,0,0,NA,0,9.75158782994738,"ROM",NA,NA,NA,-0.00849823013628058,0,NA,NA,NA,NA,NA,NA,NA,NA,NA,NA,2
"ITEM12CTDENTALIFEDNT_Retailer","Cat Treats","DeMoulas","CT DENTALIFE DNT 01.8OZ",-0.319672399527892,7.9489432158015,0,0,6.5417486363712,0,0,0,0.0846081699279842,0,0,0.243053744721363,-0.0722402783691208,0,0,0,0,1.86090907785361,"Retailer",NA,NA,NA,NA,NA,NA,NA,NA,NA,NA,NA,NA,NA,NA,NA,0
"ITEM12CTDENTALIFEDNT_ROM","Cat Treats","DeMoulas","CT DENTALIFE DNT 01.8OZ",0,0.18587394559408,-3.93810236261572,-0.595566919513522,0,2.89637855940321,0,0,0,0,0,0,-0.0158704514763764,0,0,0,0,5.25882313870532,"ROM",NA,NA,NA,NA,NA,NA,NA,NA,NA,NA,NA,NA,NA,NA,NA,1
"ITEM12FANCYFEAST_Retailer","Dry Cat","DeMoulas","DC FANCY FEAST 01LB",-0.1,0.736817221733407,-0.412250736359219,0,3.45480408222459,0,0,0,0,0,0,0,0.00325109108632904,0,0,0,-0.774227299872165,4.82072595150074,"Retailer",0,0,NA,0,0,0,0,0,NA,0,0,0,0,0,0,2
"ITEM12FANCYFEAST_ROM","Dry Cat","DeMoulas","DC FANCY FEAST 01LB",0,1.38383077116064,0,0,5.78428357905595,0.395562166851422,0,0,0.0180296040289795,0,0,0,0.00797035614542586,0,0,0,0,6.36251429268253,"ROM",0,0,NA,0,0,0,0,0,NA,0,0,0,0,0,0,2
"ITEM132CWFANCYFEASTNATURALSML_ROM","Wet Cat","DeMoulas","CW FANCY FEAST NATURALS ML 03OZ",-2.70718348089683,0,0,0,3.70406234964234,0.514031032861652,0,0,0.817801133528021,-0.0516181875997422,0.243516346913429,0.146322602821547,0.0207090308264334,0,NA,NA,-0.811865349081899,6.95611882010344,"ROM",0,0,NA,0,0,NA,NA,NA,NA,NA,0,0,NA,NA,0,2
"ITEM13CWPURINAONE_Retailer","Wet Cat","DeMoulas","CW PURINA ONE 03OZ",-0.166325286364574,9.98956964220123,0,0,1.97108850743759,0,0,0,0.933466087651173,-0.0813669596525326,0,-0.154065385736499,0.0101165272826412,0,NA,NA,0,6.05317850606864,"Retailer",0,0,NA,-0.280090232768515,0,NA,NA,NA,NA,NA,0,0,NA,NA,0,2
"ITEM13CWPURINAONE_ROM","Wet Cat","DeMoulas","CW PURINA ONE 03OZ",-2.14668873421724,0,0,0,3.15863186177973,0,0,0,0.6428656878804,-0.158493415915214,-0.0431068089962135,-0.0700140843449726,0.010869728290216,0,NA,NA,0,6.66679093871099,"ROM",0,0,NA,0,0,NA,NA,NA,NA,NA,0,0,NA,NA,0,2
"ITEM146CWFANCYFEASTSAVRYCNTR_ROM","Wet Cat","DeMoulas","CW FANCY FEAST SAVRY CNTR 03OZ",0,0,-0.57241277009246,-1.12303779179165,0,10,0,0,0,0,0,0,0,0,NA,NA,0,4.38536408884769,"ROM",0,0,NA,0,0,NA,NA,NA,NA,NA,0,0,NA,NA,0,1
"ITEM147CWFANCYFEASTSAVRYCNTR_ROM","Wet Cat","DeMoulas","CW FANCY FEAST SAVRY CNTR 03OZ 12CT",-1.13435232716574,6.54939213054548,0,0,6.89770640275323,2.17258123791399,8.45874691317382,0,0,0,0,0,0.00403739216266984,0,NA,NA,0,7.5943238912142,"ROM",0,0,NA,0,0,NA,NA,NA,NA,NA,0,0,NA,NA,0,2
"ITEM148CWFRISKIES_ROM","Wet Cat","DeMoulas","CW FRISKIES 05.5OZ 40CT",-0.700125949277811,0,0,0,3.81965940209536,0,1.40051458746379,0,1.74217109019556,0,0,0,0,0,NA,NA,0,6.9411099565892,"ROM",0,0,NA,0,0,NA,NA,NA,NA,NA,0,0,NA,NA,0,2
"ITEM14ALPO_ROM","Wet Dog","DeMoulas","DW ALPO 13.2OZ 12CT",-2.5,0,-2.28438227255562,-1.66008794647881,10,0,0,0,-3.64263611872346,0,0,0,0,0,0,NA,0,13.7655948369556,"ROM",NA,NA,NA,0,0,NA,NA,NA,NA,NA,NA,NA,NA,NA,NA,1
"ITEM14CWFANCYFEASTMEDLEYS_Retailer","Wet Cat","DeMoulas","CW FANCY FEAST MEDLEYS 03OZ",-0.735368458977398,1.6245243125772,-1.27176928490141,0,4.47776902733254,0,0,0,0,0,0,0,0,0,NA,NA,0,5.67297865798394,"Retailer",0,0,NA,-0.577213264580345,0,NA,NA,NA,NA,NA,0,0,NA,NA,0,2
"ITEM14CWFANCYFEASTMEDLEYS_ROM","Wet Cat","DeMoulas","CW FANCY FEAST MEDLEYS 03OZ",-1.74574552879745,0,0,0,1.76749811875359,0.28176634120087,2.56786467494368,0,0.818525461659369,0,0.00961567896410615,0.032706488929153,0.00732401400104312,0,NA,NA,0,9.06424383620169,"ROM",0,0,NA,0,0,NA,NA,NA,NA,NA,0,0,NA,NA,0,2
"ITEM1547FRISKIESML_Retailer","Dry Cat","DeMoulas","DC FRISKIES ML 16LB",-0.759330633118511,0.50123952845915,-0.504709249828422,-0.343992734855089,4.02105081986322,0,0,0,0,0,0,0,0,0,0,0,0,4.37670567097456,"Retailer",0,0,NA,0,0,0,0,0,NA,0,0,0,0,0,0,2
"ITEM1547FRISKIESML_ROM","Dry Cat","DeMoulas","DC FRISKIES ML 16LB",-0.876250457879423,0,0,0,0,0,0,0,0.922441283899681,0,0,0,0,0,0,0,0,8.63382235802775,"ROM",0,0,NA,0,0,0,0,0,NA,0,0,0,0,0,0,2
"ITEM154TIDYCATSCLUMPNONLW_Retailer","Litter","DeMoulas","CL TIDY CATS CLUMP NON-LW 20LB",-1.1629997269224,0.374400900655636,-0.701884731468082,0,3.54237057657584,0,0,0,0,0,0,0,0,NA,NA,NA,0,6.03000554870521,"Retailer",NA,NA,NA,NA,NA,NA,NA,NA,NA,NA,NA,NA,NA,NA,NA,2
"ITEM154TIDYCATSCLUMPNONLW_ROM","Litter","DeMoulas","CL TIDY CATS CLUMP NON-LW 20LB",-2.47544921339397,0,0,0,0,0.0758157232408686,0.239942655987378,0,0.85797832624895,0.0837881385934787,0.0859520340965585,0.076169198493132,0.013903714391596,NA,NA,NA,0,13.7339189794899,"ROM",NA,NA,NA,NA,NA,NA,NA,NA,NA,NA,NA,NA,NA,NA,NA,2
"ITEM1552FRISKIESML_Retailer","Dry Cat","DeMoulas","DC FRISKIES ML 03.2LB",-2.47821493922963,0.536535240873359,-0.246657548578659,0,3.74856979329489,0,0,0,2.43853300208739,0,0,0,0,0,0,0,0,5.16425063638394,"Retailer",0,0,NA,0,0,0,0,0,NA,0,0,0,0,0,0,2
"ITEM1552FRISKIESML_ROM","Dry Cat","DeMoulas","DC FRISKIES ML 03.2LB",-1.3197073452292,0,0,0,2.7872994190129,0,1.02121911605164,4.10523096846232,0.9912133817036,0,0,0,0,0,0,0,-0.0348905870534318,8.27389971179491,"ROM",0,0,NA,0,0,0,0,0,NA,0,0,0,0,0,0,2
"ITEM156CWFANCYFEASTNATURALSML_ROM","Wet Cat","DeMoulas","CW FANCY FEAST NATURALS ML 03OZ 12CT",0,7.72517807615592,-1.97991540203583,0,0,10,0,0,0,0,0,0,0,0,NA,NA,-2.71959531023484,4.31662697589713,"ROM",0,0,NA,-4.59398024905781,0,NA,NA,NA,NA,NA,0,0,NA,NA,0,1
"ITEM15CWFRISKIES_Retailer","Wet Cat","DeMoulas","CW FRISKIES 05.5OZ 24CT",-1.32433138476319,1.86312247434641,-0.429136720463203,0,4.78840940042546,0,0,0,0,0,0,0,0,0,NA,NA,0,5.93453821050828,"Retailer",0,0,NA,0,0,NA,NA,NA,NA,NA,0,0,NA,NA,0,2
"ITEM15CWFRISKIES_ROM","Wet Cat","DeMoulas","CW FRISKIES 05.5OZ 24CT",-1.9264980510738,0,0,0,3.37772718426521,0,0.788281904835685,0,0,0,0,0,0,0,NA,NA,-0.0552271847775185,11.6720329870313,"ROM",0,0,NA,0,0,NA,NA,NA,NA,NA,0,0,NA,NA,0,2
"ITEM1645PURINAONEML_Retailer","Dry Cat","DeMoulas","DC PURINA ONE ML 03.5LB",-0.576147482477457,2.93057906822024,0,0,4.94192348917903,0,0,0,0.598035144842278,0,0,0,0,0,0,0,-6.52538719180904,2.34793885454422,"Retailer",0,0,NA,0,0,0,0,0,NA,0,0,0,0,0,0,2
"ITEM1645PURINAONEML_ROM","Dry Cat","DeMoulas","DC PURINA ONE ML 03.5LB",-0.773790139380841,2.19278047251761,-0.161872274338821,0,3.60957451834505,0,0,0,0.185290884905,0,0,0.0411168898863412,0.0077073805126474,0,0.132223544281821,0.0597218396678416,0,6.88909483594934,"ROM",0,0,NA,0,0,0,0,0,NA,0,0,0,0,0,0,2
"ITEM1656DCBEYONDSIMPLY_ROM","Dry Cat","DeMoulas","DC BEYOND SIMPLY 03LB",0,5.96882581654754,-1.43153049888022,-0.0246853576785206,0,9.97291991535532,0,0,0,0,0,0,-0.00872257394298607,0,0,0,-1.35864657393362,5.04597431438173,"ROM",0,0,NA,0,0,0,0,0,NA,0,0,0,0,0,0,1
"ITEM1657DCBEYONDSIMPLY_ROM","Dry Cat","DeMoulas","DC BEYOND SIMPLY 06LB",-2.5,3.8470512873487,0,-0.523619789920791,0,9.13606561536019,0,0,0,0,0,0,0,0,0,0,0,11.7294574832698,"ROM",0,0,NA,0,0,0,0,0,NA,0,0,0,0,0,0,1
"ITEM1659DCBEYONDORGANIC_ROM","Dry Cat","DeMoulas","DC BEYOND ORGANIC 03LB",-2.5,2.68826475917706,-4.64028222218653,-4.64028220648189,0,0,0,0,0,0,0,0,-0.0713240758415243,0,0,0,0,8.82085127828801,"ROM",0,0,NA,0,0,0,0,0,NA,0,0,0,0,0,0,1
"ITEM1676DCCNPORGANIX_ROM","Dry Cat","DeMoulas","DC C&P ORGANIX 03-4LB",0,0,-0.47155389068758,-3.76551459428963,0,0,0,0,-2.98629832248749,0,0,0,-0.102433613042046,0,0,0,0,7.15801290508363,"ROM",0,0,NA,0,0,0,0,0,NA,0,0,0,0,0,0,1
"ITEM1679DCCATKITTENCHOW_Retailer","Dry Cat","DeMoulas","DC CAT/KITTEN CHOW 13-15LB",-1.01045221722252,1.20373990671302,-0.516132873982398,0,2.69743177096614,0,0,0,0.545794911700461,0,0,0,0.00120441577120977,0,0.634767350149154,0,0,4.04052765654724,"Retailer",0,0,NA,0,0,0,0,0,NA,0,0,0,0,0,0,2
"ITEM1679DCCATKITTENCHOW_ROM","Dry Cat","DeMoulas","DC CAT/KITTEN CHOW 13-15LB",-0.51714112009335,0,0,0,0,0.228406690863385,0.351115380869608,0,0.840614529688821,0,0,0,0.00316912825623421,0,0,0,0,7.92763692390346,"ROM",0,0,NA,0,0,0,0,0,NA,0,0,0,0,0,0,2
"ITEM167TIDYCATSCLUMPNONLW_Retailer","Litter","DeMoulas","CL TIDY CATS CLUMP NON-LW 14LB",-1.16434342975555,0.431996885682419,-0.463652569670767,0,2.33529859871327,0,0,0,0.484118444739304,0,0,0,0.00702052402908717,NA,NA,NA,-0.406052936103846,6.60670339641418,"Retailer",NA,NA,NA,NA,NA,NA,NA,NA,NA,NA,NA,NA,NA,NA,NA,2
"ITEM167TIDYCATSCLUMPNONLW_ROM","Litter","DeMoulas","CL TIDY CATS CLUMP NON-LW 14LB",-1.81876841330167,0.789655297536077,-0.255742317140271,-0.5624285804898,0,0.403671559705666,0.273188971329652,0,0.833526817098517,-0.0153151978027127,0,0,0.00520415465557238,NA,NA,NA,0,10.6295549758727,"ROM",NA,NA,NA,NA,NA,NA,NA,NA,NA,NA,NA,NA,NA,NA,NA,2
"ITEM1680DCCATKITTENCHOW_ROM","Dry Cat","DeMoulas","DC CAT/KITTEN CHOW 12LB",-0.24487456611841,0,0,0,0,7.92822778142386,0,0,0.365856990991601,0,0,0,0,0.0912166858562339,0.0231129476787691,0.762992691118073,0,3.26063371000331,"ROM",0,0,NA,0,0,0,0,0,NA,0,0,0,0,0,0,1
"ITEM1681DCCATKITTENCHOW_ROM","Dry Cat","DeMoulas","DC CAT/KITTEN CHOW 20LB",-0.193696011646697,0,0,0,0,0,0,0,0,0,0,0,0,0,0,0,0,7.05299406844183,"ROM",0,0,NA,0,0,0,0,0,NA,0,0,0,0,0,0,2
"ITEM1682DCCATKITTENCHOW_ROM","Dry Cat","DeMoulas","DC CAT/KITTEN CHOW 25LB",-2.09349316350151,4.62083956630553,-0.460251623858855,-0.58982394895559,0,0.477113369582057,0,1.46806587400297,0.692828568763018,0,0,0,0,0,0.573279686044634,0.796820482233496,-0.260998101942121,8.51408985516814,"ROM",0,0,NA,-3.03112790015276,0,0,0,0,NA,0,-0.543603733255034,-0.180469147358466,0,0,0,1
"ITEM1683DCCATKITTENCHOW_Retailer","Dry Cat","DeMoulas","DC CAT/KITTEN CHOW 03.2LB",-2.08691780412037,1.64961484921256,0,-0.697362878640961,3.03610856859727,0,0,0,0.50021190818571,-0.0876395546417774,0.0881123897705259,0.108918630669987,0.00155961874051225,0,0,0,-5.23242846169837,7.47349303539451,"Retailer",0,0,NA,-1.34652624354294,-1.01907060687984,-1.56963543939417,0,0,NA,0,0,0,0,0,0,2
"ITEM1683DCCATKITTENCHOW_ROM","Dry Cat","DeMoulas","DC CAT/KITTEN CHOW 03.2LB",-0.257956522428671,0,0,0,2.19290125073821,0,2.14826398090865,1.89413774794552,0.59206172408716,0,0,0.0510630221301841,0,0,0,0,0,7.1016058852324,"ROM",0,0,NA,0,0,0,0,0,NA,0,0,0,0,0,0,2
"ITEM1684DCCATKITTENCHOW_ROM","Dry Cat","DeMoulas","DC CAT/KITTEN CHOW 06.3LB",-1.7276195910463,0,0,0,2.65345084846584,0,0,0,1.12948576220519,-0.126956757413383,0,0,0,0,0,0,0,9.22399325825725,"ROM",0,0,NA,0,0,0,0,0,NA,0,0,0,0,0,0,2
"ITEM1685DCCATKITTENCHOW_ROM","Dry Cat","DeMoulas","DC CAT/KITTEN CHOW 01.1LB",-2.5,0,-4.11817324535173,-2.56428117914823,0,0,0,0,-4.32418798588485,0,0,0,-0.0363045254170379,0,0,0,0,12.4211522696177,"ROM",0,0,NA,-2.59508400828277,0,0,0,0,NA,0,0,0,0,0,0,1
"ITEM1687DCCATCHOWNATURALSGF_ROM","Dry Cat","DeMoulas","DC CAT CHOW NATURALS GF 13LB",-2.5,0.0863761839421509,-2.55845184415529,-3.28045793009246,10,5.51280187783856,0,0,-2.1324556032645,0,0,0,0,0,0,0,0,13.2425942045643,"ROM",0,0,NA,0,0,0,0,0,NA,0,0,0,0,0,0,1
"ITEM1688DCCATCHOWNATURALSGF_ROM","Dry Cat","DeMoulas","DC CAT CHOW NATURALS GF 03.2LB",-2.5,2.53513104873526,-0.188961437143439,-1.81653480652732,10,10,0,0,0,0,0,0,0,0,0,0,0,8.54436863052077,"ROM",0,0,NA,0,0,0,0,0,NA,0,0,0,0,0,0,1
"ITEM1689DCCATCHOWNATURALSGF_ROM","Dry Cat","DeMoulas","DC CAT CHOW NATURALS GF 06.3LB",-2.5,3.47668947488148,0,0,0,10,0,0,0,0,0,0,0,0,0,0,0,10.1446061603959,"ROM",0,0,NA,0,0,0,0,0,NA,0,0,0,0,0,0,1
"ITEM1690DCCATKITTENCHOWNATURALS_ROM","Dry Cat","DeMoulas","DC CAT/KITTEN CHOW NATURALS 18LB",0,0,-1.44619671224713,0,11.4185145618606,0,0,0,0.532649370009352,0,0,0,0,0,0,0,0,2.7958967386358,"ROM",0,0,NA,0,0,0,0,0,NA,0,0,0,0,0,0,2
"ITEM1691DCCATKITTENCHOWNATURALS_ROM","Dry Cat","DeMoulas","DC CAT/KITTEN CHOW NATURALS 13LB",-1.3939834340695,1.78523971323184,0,0,0,0.365125809266238,9.81150585021481,0,0.671801411551233,0,0,0,0,0,0,0,0,9.42464742402574,"ROM",0,0,NA,0,0,0,0,0,NA,0,0,0,0,0,0,2
"ITEM1692DCCATKITTENCHOWNATURALS_Retailer","Dry Cat","DeMoulas","DC CAT/KITTEN CHOW NATURALS 03.2LB",-0.984192292095734,2.3136741219408,0,0,5.13335375743762,0,0,0,0,0,0,0,0,0,0,0,0,3.84805732652944,"Retailer",0,0,NA,0,0,0,0,0,NA,0,0,0,0,0,0,2
"ITEM1692DCCATKITTENCHOWNATURALS_ROM","Dry Cat","DeMoulas","DC CAT/KITTEN CHOW NATURALS 03.2LB",-0.760865849246344,0,0,0,1.65179224383129,0.0458791873699533,1.47099727616181,9.58555762597913,0.525640780136024,0,0,0,0.00236377959247775,0,0,0,0,7.91536364041989,"ROM",0,0,NA,0,0,0,0,0,NA,0,0,0,0,0,0,2
"ITEM1693DCCATKITTENCHOWNATURALS_ROM","Dry Cat","DeMoulas","DC CAT/KITTEN CHOW NATURALS 06.3LB",-0.883798974506364,0,0,0,3.26832523622761,0.236711441597636,1.39306415188536,2.66289734757734,0.842059575271457,0,0,0.165076556380876,0,0,0,0,0,7.34303762129266,"ROM",0,0,NA,0,0,0,0,0,NA,0,0,0,0,0,0,2
"ITEM1694DCCATKITTENCHOWNATURALS_ROM","Dry Cat","DeMoulas","DC CAT/KITTEN CHOW NATURALS 01LB",0,0,-3.56461835077965,-2.43343889461189,0,0,0,0,0,0,0,0,0,0.884373502593649,1,0,-1.7384743178302,-2.91902341194013,"ROM",1,0.149852212876546,NA,-3.17944705691655,0,0,0,0,NA,0,0,0,0,0,0,1
"ITEM16CWFRISKIES_Retailer","Wet Cat","DeMoulas","CW FRISKIES 03OZ 12CT",-1.48234768012636,1.54156689003169,-0.679455293516645,-0.0423605421560886,4.24155886713077,0,0,0,0,-0.0154251320408032,0,0,-0.102589538471896,0,NA,NA,0,6.11138827649332,"Retailer",0,0,NA,0,0,NA,NA,NA,NA,NA,0,0,NA,NA,0,0
"ITEM16CWFRISKIES_ROM","Wet Cat","DeMoulas","CW FRISKIES 03OZ 12CT",0,1.44777987132033,-0.091282392571385,-0.836008089025892,10,3.58204331473416,10,0,-1.91384082612729,0,0,0,-0.0320723652128543,0,NA,NA,-6.697161930278,5.93788528029137,"ROM",0,0,NA,-2.92270503379663,0,NA,NA,NA,NA,NA,0,0,NA,NA,0,1
"ITEM1700DCFANCYFEAST_ROM","Dry Cat","DeMoulas","DC FANCY FEAST 03LB",-1.10235097653261,0,0,0,2.01990839469668,0.0709032420215319,0,0,1.16146219356673,0,0,0,0.0047363831974622,0,0,0,0,7.96370079832592,"ROM",0,0,NA,0,0,0,0,0,NA,0,0,0,0,0,0,2
"ITEM1701DCFANCYFEAST_ROM","Dry Cat","DeMoulas","DC FANCY FEAST 07LB",0,0,0,0,0,0,0,0,0.322244812829299,0,0,0,0.011700194850208,0,0,0,0,5.51441066870231,"ROM",0,0,NA,0,0,0,0,0,NA,0,0,0,0,0,0,2
"ITEM1704DCFRISKIESFRMFAV_ROM","Dry Cat","DeMoulas","DC FRISKIES FRM FAV 16LB",0,0,0,0,0,0,0,0,0,0,0,0,0,0,0,0,0,4.17021783336301,"ROM",0,0,NA,0,0,0,0,0,NA,0,0,0,0,0,0,1
"ITEM1705DCFRISKIESFRMFAV_ROM","Dry Cat","DeMoulas","DC FRISKIES FRM FAV 03.2LB",-0.560038120661058,2.04073381954593,-0.945208752767492,0,5.51991891322543,1.33483414142625,0,0,0.520758706098036,-0.243795630027038,-0.162925130967038,-0.0864970719238874,0.0102590196737791,0,0,0,0,5.37825124053281,"ROM",0,0,NA,0,0,0,0,0,NA,0,0,0,0,0,0,2
"ITEM1707DCFRISKIESML_ROM","Dry Cat","DeMoulas","DC FRISKIES ML 12LB",0,3.23898015647276,0,0,0,10,0,0,0.0746977616636481,0,0,0,0.0398312443839511,0,0.43531456788413,0,0,2.69890211828765,"ROM",0,0,NA,0,0,0,0,0,NA,0,0,0,0,0,0,1
"ITEM1708DCFRISKIESML_ROM","Dry Cat","DeMoulas","DC FRISKIES ML 22LB",0,0,0,0,10,0,0,0,0,0,0,0,0,0,0,0,0,3.44420540893662,"ROM",0,0,NA,0,0,0,0,0,NA,0,0,0,0,0,0,1
"ITEM1709DCFRISKIESML_ROM","Dry Cat","DeMoulas","DC FRISKIES ML 01LB",-2.5,0,-7.33402242088705,-6.26982105576534,5.80000624740252,7.62062146161503,0,0,-2.74416404514705,0,0,0,-0.117621874346102,0,0,0,0,11.2024100572249,"ROM",0,0,NA,0,0,0,0,0,NA,0,0,0,0,0,0,1
"ITEM1710DCFRISKIESML_ROM","Dry Cat","DeMoulas","DC FRISKIES ML 18.5LB",-1.26222185313063,2.15219227137231,0,0,0,5.01851281221735,0,0,0.726629969582904,0,0,0,0,0.633441540269679,0.719138559009083,0,0,4.02517063253778,"ROM",0.0314925539995751,0,NA,-0.349080154426957,0,0,0,0,NA,0,0,0,0,0,0,1
"ITEM1711DCFRISKIESML_ROM","Dry Cat","DeMoulas","DC FRISKIES ML 30LB",0,0,0,0,0,0,0,0,0,0,0,0,0,0,0,0,0,4.15050677760947,"ROM",0,0,NA,0,0,0,0,0,NA,0,0,0,0,0,0,1
"ITEM171CLTIDYCATSNONCLUMP_ROM","Litter","DeMoulas","CL TIDY CATS NON-CLUMP 25LB",-0.518174355571103,0,0,0,0,1.96228403607942,5.71359731818347,0,0.407002607237984,0,0,0,0,NA,NA,NA,0,6.54737128025065,"ROM",NA,NA,NA,NA,NA,NA,NA,NA,NA,NA,NA,NA,NA,NA,NA,1
"ITEM1721DCKITKABOODLE_ROM","Dry Cat","DeMoulas","DC KIT KABOODLE 11LB",-0.193422362895945,6.20131574492755,0,0,0,10,10,0,0,0,0,0,0,0,0,0,0,4.99403616062016,"ROM",0,0,NA,0,0,0,0,0,NA,0,0,0,0,0,0,1
"ITEM1722DCKITKABOODLE_ROM","Dry Cat","DeMoulas","DC KIT KABOODLE 13LB",-1.13685008902694,0.189084692878347,-1.42520565888977,-1.88238639957997,0,2.77786082951564,0,0,0.667669814049,0,0,0,0,0,0.0930508288014604,0.130690833778504,0,6.98692568926751,"ROM",0,0,NA,0,0,0,0,0,NA,0,0,0,0,0,0,1
"ITEM1724DCKITKABOODLE_ROM","Dry Cat","DeMoulas","DC KIT KABOODLE 16LB",-2.288320931487,4.78212574260725,0,0,0,0,6.06701608825145,0,0,0,0,0,0,0,0,0,0,11.0927308872975,"ROM",0,0,NA,0,0,0,0,0,NA,0,0,0,0,0,0,1
"ITEM1725DCKITKABOODLE_ROM","Dry Cat","DeMoulas","DC KIT KABOODLE 22LB",0,0.0443999638862212,0,-0.487606272916367,0,3.29516622615187,0,0,0.889379073952657,0,0,0,0,0,0.148364073676363,0,0,3.76974908674529,"ROM",0,0,NA,0,0,0,0,0,NA,0,0,0,0,0,0,1
"ITEM1726DCKITKABOODLE_ROM","Dry Cat","DeMoulas","DC KIT KABOODLE 30LB",-0.925451796295861,0,0,0,0,0,0,0,0,0,0,0,0,0,0,0,0,7.70826568116161,"ROM",0,0,NA,0,0,0,0,0,NA,0,0,0,0,0,0,1
"ITEM1727DCKITKABOODLE_ROM","Dry Cat","DeMoulas","DC KIT KABOODLE 38LB",-0.832128111658941,0.839795379524264,0,-2.81222844228233,0,4.56433325576697,3.92276252859136,0,1.01404424896982,0,0,0,0,0,0.517159959434356,0.535818878854486,0,4.60642246812205,"ROM",0,0,NA,-1.89927907882343,0,0,0,0,NA,0,0,0,0,0,0,1
"ITEM1728DCKITKABOODLE_ROM","Dry Cat","DeMoulas","DC KIT KABOODLE 24LB",0,1.34492629729369,-0.473515128949413,-1.07660102815751,0,0,0,0,-0.974315049407277,0,0,0,-0.057897533685463,0,0,0,0,3.70258734950925,"ROM",0,0,NA,-2.21772516167917,0,0,0,0,NA,0,0,0,0,0,0,1
"ITEM1752DCPURINAONETRGTD_ROM","Dry Cat","DeMoulas","DC PURINA ONE TRGTD 07LB",0,0,0,0,2.24982206021393,0,0.101930853906755,0,0.678076419545008,0,0,0,0,0,0,0,0,6.04321740213868,"ROM",0,0,NA,0,0,0,0,0,NA,0,0,0,0,0,0,2
"ITEM1753DCPURINAONETRGTD_ROM","Dry Cat","DeMoulas","DC PURINA ONE TRGTD 16LB",-0.0710623849669505,0.458666497725833,0,0,0,0.696123629244772,1.05430580557906,0,0,0,0,0,0,0,0,0,0,5.70527601547739,"ROM",0,0,NA,0,0,0,0,0,NA,0,0,0,0,0,0,1
"ITEM1754DCPURINAONETRGTD_Retailer","Dry Cat","DeMoulas","DC PURINA ONE TRGTD 03.5LB",-0.747726984223597,2.70886151831527,0,0,3.77287521820206,0,0,0,0,0,0,0,0,0,0,0,0,4.96990160642822,"Retailer",0,0,NA,0,0,0,0,0,NA,0,0,0,0,0,0,2
"ITEM1754DCPURINAONETRGTD_ROM","Dry Cat","DeMoulas","DC PURINA ONE TRGTD 03.5LB",-0.781449712573784,0,0,0,1.58732160423983,0.0859086710262026,0.451470342741408,0.432757959620164,0.57631416502523,0.0310736664270183,0,0,0.0114659884414458,0,0,0,-0.299496285730391,8.28295931392833,"ROM",0,0,NA,0,0,0,0,0,NA,0,0,0,0,0,0,2
"ITEM1755DCPURINAONETRGTD_ROM","Dry Cat","DeMoulas","DC PURINA ONE TRGTD 02.8LB",-2.5,10,0,0,0,0,0,0,0,0,0,0,0.182780461662677,0,0,0,0,5.74398828362338,"ROM",0,0,NA,0,0,0,0,0,NA,0,0,0,0,0,0,1
"ITEM1756DCPURINAONEML_ROM","Dry Cat","DeMoulas","DC PURINA ONE ML 16LB",0,0.196762364116488,0,-1.05559357996663,0,0,0,0,0,0,0,0,0,0,0,0,0,3.95796294219412,"ROM",0,0,NA,0,0,0,0,0,NA,0,0,0,0,0,0,1
"ITEM1757DCPURINAONEML_ROM","Dry Cat","DeMoulas","DC PURINA ONE ML 22LB",-0.212416222728301,3.877258247105,0,0,0,4.26555175931804,0,10,0,0,0,0,0,0,0,0,0,5.42738144410839,"ROM",0,0,NA,0,0,0,0,0,NA,0,0,0,0,0,0,1
"ITEM1758DCPURINAONEML_ROM","Dry Cat","DeMoulas","DC PURINA ONE ML 07LB",-0.882916228277329,0,0,0,2.26702230937249,0,0,0.699183696003678,0.34129647311046,0,0,0,0.00717389427596038,0,0,0,0,8.06603900484541,"ROM",0,0,NA,0,0,0,0,0,NA,0,0,0,0,0,0,2
"ITEM1759DCPURINAONEML_ROM","Dry Cat","DeMoulas","DC PURINA ONE ML 02.8LB",-1.88702333842254,6.33440680557482,0,0,0,10,0,0,0,0,0,0,0.0118898237271839,1,1,0.607707129392862,-0.290290385067974,0.55977766194311,"ROM",0.55479411298323,0,NA,-1.97596541930616,-1.92555164253648,-1.10270789529424,-1.35104572356493,-2.10491973952756,NA,1,0,0,0,0,0,1
"ITEM1760DCPURINAONETRUINST_ROM","Dry Cat","DeMoulas","DC PURINA ONE TRU INST 06.3LB",0,0,-0.40192779991833,0,9.62385601648132,0.768385692164261,0,0,0,0,0,0,0,0,0,0,0,3.77494663918523,"ROM",0,0,NA,0,0,0,0,0,NA,0,0,0,0,0,0,1
"ITEM1780014609_ROM","Wet Cat","DeMoulas","CW PURINA ONE TRU INST 03OZ",-2.79937735587502,3.2935496176233,0,-0.501870422804507,7.54552181772373,0,0,0,0.481211903242636,0,0,0,0.0182495209923578,0,NA,NA,0,5.28011123062236,"ROM",0,0,NA,0,0,NA,NA,NA,NA,NA,0,0,NA,NA,0,2
"ITEM1780018530_ROM","Wet Cat","DeMoulas","CW PURINA ONE ML 03OZ 12CT",0,0,0,0,0,0,0,0,0,0,0,0,0,0,NA,NA,0,2.63100159619987,"ROM",0,0,NA,0,0,NA,NA,NA,NA,NA,0,0,NA,NA,0,1
"ITEM17CWFANCYFEASTBROTHS_Retailer","Wet Cat","DeMoulas","CW FANCY FEAST BROTHS 01.4OZ 12CT",-2.5,4.0523778729811,0,0,6.64710808089492,0,0,0,-3.04911126514307,0,0,0,0,0,NA,NA,0,10.8011644850721,"Retailer",0,0,NA,-0.833056882466959,-1.30075281485846,NA,NA,NA,NA,NA,0,0,NA,NA,0,1
"ITEM17CWFANCYFEASTBROTHS_ROM","Wet Cat","DeMoulas","CW FANCY FEAST BROTHS 01.4OZ 12CT",-0.621531601895637,0,0,0,3.7218290558807,0,0,0,0,0,0,0,0,0,NA,NA,0,7.04459107707982,"ROM",0,0,NA,0,0,NA,NA,NA,NA,NA,0,0,NA,NA,0,2
"ITEM181CLTIDYCATSNONCLUMP_Retailer","Litter","DeMoulas","CL TIDY CATS NON-CLUMP 20LB",-0.644952583415706,0.401385547452354,-0.58460937791265,-0.0801017506249453,2.80881285354035,0,0,0,0.445600779127956,0,0,0,0,NA,NA,NA,0,4.66525521143606,"Retailer",NA,NA,NA,NA,NA,NA,NA,NA,NA,NA,NA,NA,NA,NA,NA,2
"ITEM181CLTIDYCATSNONCLUMP_ROM","Litter","DeMoulas","CL TIDY CATS NON-CLUMP 20LB",-1.47854098586742,1.10177271962907,0,0,0,0.215372684160133,9.32083886777291,0,0.716340857086565,0,0.0620834499778682,0,0.00053638927091739,NA,NA,NA,-0.0490421683218895,9.4265964597474,"ROM",NA,NA,NA,NA,NA,NA,NA,NA,NA,NA,NA,NA,NA,NA,NA,2
"ITEM184CWFRISKIESLILSOUPS_ROM","Wet Cat","DeMoulas","CW FRISKIES LIL SOUPS 01.2OZ",0,0,0,0,2.63567179610285,0,0,0,0.856623488967819,0,0,0,0,0,NA,NA,0,7.50988265013545,"ROM",0,0,NA,0,0,NA,NA,NA,NA,NA,0,0,NA,NA,0,2
"ITEM188TIDYCATSNONCLUMP_Retailer","Litter","DeMoulas","CL TIDY CATS NON-CLUMP 10LB",-1.10145927317854,0.821735211866433,-0.56169854848428,0,3.13478558525163,0,0,0,0.844047446770176,0,0,0,0,NA,NA,NA,0,4.5050030291179,"Retailer",NA,NA,NA,NA,NA,NA,NA,NA,NA,NA,NA,NA,NA,NA,NA,2
"ITEM188TIDYCATSNONCLUMP_ROM","Litter","DeMoulas","CL TIDY CATS NON-CLUMP 10LB",-0.837386769416274,1.45735941928947,0,0,2.36222649918993,0.217567763413509,3.09507234986623,0,0.566937931976737,0,0.0102961620955092,0.0426872985885163,0,NA,NA,NA,-0.0490548348889959,7.39775489844439,"ROM",NA,NA,NA,NA,NA,NA,NA,NA,NA,NA,NA,NA,NA,NA,NA,2
"ITEM18MTYDG_Retailer","Wet Dog","DeMoulas","DW MTY DG 05.5OZ 12CT",-0.1,0.479628736089085,-0.705811092285608,0,0.1,0,0,0,0.35723706274215,-0.172591771514925,-0.0186362070901845,-0.110979334174837,-0.00355443982505237,0,0,NA,0,1.0601052148065,"Retailer",NA,NA,NA,0,0,NA,NA,NA,NA,NA,NA,NA,NA,NA,NA,0
"ITEM19CTFANCYFEASTDUOSCR_Retailer","Cat Treats","DeMoulas","CT FANCY FEAST DUOS CR 02.1OZ",-0.1,0.1,-1.52596537338499,-3.10764518018173,6.04307341309131,0,0,0,0.898648425166616,0,0,0,-0.177568497966468,0,0,0,0,1.69400264200164,"Retailer",NA,NA,NA,NA,NA,NA,NA,NA,NA,NA,NA,NA,NA,NA,NA,0
"ITEM1CTBEYONDCR_Retailer","Cat Treats","DeMoulas","CT BEYOND CR 02.1OZ",-0.319672399527892,7.9489432158015,0,0,7.36442941459325,0,0,0,0.0846081699279842,0,0,0.243053744721363,-0.246259832077991,0,0,0,0,2.7920506873129,"Retailer",NA,NA,NA,NA,NA,NA,NA,NA,NA,NA,NA,NA,NA,NA,NA,0
"ITEM1CTBEYONDCR_ROM","Cat Treats","DeMoulas","CT BEYOND CR 02.1OZ",0,5.28932583279612,0,0,0,0,0,0,0,0,0,0,0,0,0,0,0,4.20407648441493,"ROM",NA,NA,NA,NA,NA,NA,NA,NA,NA,NA,NA,NA,NA,NA,NA,1
"ITEM1CWFRISKIES_Retailer","Wet Cat","DeMoulas","CW FRISKIES 05.5OZ",-0.833869630880015,3.39553435945187,-1.30512888480094,-4.77507422356794,2.30147771725898,0,0,0,0,-0.0890022818728143,0,0,0.0171801189767741,0,NA,NA,0,8.35800517559943,"Retailer",0,0,NA,0,0,NA,NA,NA,NA,NA,0,0,NA,NA,0,2
"ITEM1CWFRISKIES_ROM","Wet Cat","DeMoulas","CW FRISKIES 05.5OZ",-0.467777281037404,0,0,0,0.34296496298788,0,0.331919707553863,0,0.579007145336701,-0.105188010725386,-0.086711249085954,-0.0493492317451634,-0.00478994139677304,0,NA,NA,-0.35889748081587,11.4512365131613,"ROM",0,0,NA,0,0,NA,NA,NA,NA,NA,0,0,NA,NA,0,2
"ITEM20007DTPRIMEBARSCR_ROM","Dog Treats","DeMoulas","DT PRIME BARS CR 16OZ",0,0,-14.6553145329819,0,0,0,10,0,0,0,0,0,0.244058746467217,0,0,0,0,-0.737266797473857,"ROM",0,0,0,0,0,0,0,0,0,0,0,0,NA,NA,NA,1
"ITEM20BEYONDML_Retailer","Wet Dog","DeMoulas","DW BEYOND GR FR 13OZ",-0.179671090285944,1.15988246863094,0,0,3.05462122602853,0,0,0,0.245883930384891,-0.190756527140622,-0.10880890766352,0,0.00998934338478386,0,0,NA,-2.61055319608838,5.05665226148481,"Retailer",NA,NA,NA,0,0,NA,NA,NA,NA,NA,NA,NA,NA,NA,NA,2
"ITEM20BEYONDML_ROM","Wet Dog","DeMoulas","DW BEYOND GR FR 13OZ",-1.58363123018865,1.10771572422467,0,0,1.50805950940205,0,10.2056518388689,0,0.529422711080974,-0.0270402542932596,0,0,-0.00765652306573848,0,0,NA,0,8.77152894542176,"ROM",NA,NA,NA,0,0,NA,NA,NA,NA,NA,NA,NA,NA,NA,NA,2
"ITEM20CTDENTALIFEDNT_Retailer","Cat Treats","DeMoulas","CT DENTALIFE DNT 13.5OZ",-0.1,0.43005106782788,-0.593855120835168,-0.733217649910368,0.1,0,0,0,0,0,0,0,0.00330793186020867,0,0,0,0,0.912651861385009,"Retailer",NA,NA,NA,NA,NA,NA,NA,NA,NA,NA,NA,NA,NA,NA,NA,0
"ITEM20CWFANCYFEASTML_Retailer","Wet Cat","DeMoulas","CW FANCY FEAST ML 03OZ 12CT",-0.859804442955354,1.8167900870518,-0.983429682259113,-1.15889351890594,4.31579969065248,0,0,0,1.71576772622468,0.110927330278399,-0.118190075005504,0,0.014084873331337,0,NA,NA,-5.35641643301737,2.92306265887914,"Retailer",0,0,NA,0,0,NA,NA,NA,NA,NA,0,0,NA,NA,0,2
"ITEM20CWFANCYFEASTML_ROM","Wet Cat","DeMoulas","CW FANCY FEAST ML 03OZ 12CT",-0.214789673700408,0,0,0,3.32067869585159,0.283638942053831,2.58341968228259,5.55899649173453,0,0,0,0,0,0,NA,NA,-0.0210724728355018,7.34654198491754,"ROM",0,0,NA,0,0,NA,NA,NA,NA,NA,0,0,NA,NA,0,2
"ITEM212BELLA_Retailer","Wet Dog","DeMoulas","DW BELLA 03.5OZ",-0.383425445448634,0.574351622959141,-1.338165572768,0,6.4408542560267,0,0,0,0,0,0,0,0.0376773785712472,0,0,NA,-0.403034328180479,1.60620360677537,"Retailer",NA,NA,NA,0,0,NA,NA,NA,NA,NA,NA,NA,NA,NA,NA,2
"ITEM212BELLA_ROM","Wet Dog","DeMoulas","DW BELLA 03.5OZ",-0.127040535447902,0.854893856417138,0,-1.61055002578156,0,10,0,0,0,0,0,0,0,0,1,NA,0,7.69026312229498,"ROM",NA,NA,NA,0,0,NA,NA,NA,NA,NA,NA,NA,NA,NA,NA,1
"ITEM215DWBELLA_ROM","Wet Dog","DeMoulas","DW BELLA 03.5OZ 12CT",-1.91010521678976,4.00934413705763,0,-0.953167722342649,0,0,10,0,0.273292276917382,0,0,0,0.0202357397022044,1,0,NA,0,8.6036432381685,"ROM",NA,NA,NA,0,0,NA,NA,NA,NA,NA,NA,NA,NA,NA,NA,1
"ITEM217DWBENEFUL_ROM","Wet Dog","DeMoulas","DW BENEFUL 10OZ 12CT",-1.16622107735719,0,0,0,2.6483627283313,0.23943089372745,0,0,0.625380773191919,0,-0.0703533410101775,0.00362034692665698,0,0,0,NA,0,8.76223560202832,"ROM",NA,NA,NA,0,0,NA,NA,NA,NA,NA,NA,NA,NA,NA,NA,2
"ITEM218DWBENEFUL_ROM","Wet Dog","DeMoulas","DW BENEFUL 10OZ 06CT",-1.66866768811207,0,0,0,3.75121731972451,0,0,0,0.61661827173004,0,0,-0.0241522947048599,0.0165471904764154,0,0,NA,0,8.6063434993338,"ROM",NA,NA,NA,0,0,NA,NA,NA,NA,NA,NA,NA,NA,NA,NA,2
"ITEM219DWBENEFUL_ROM","Wet Dog","DeMoulas","DW BENEFUL 03OZ 12CT",0,0,0,0,0,0,3.39798516087763,0,0.390429321522141,0,0,0,0.00272976030980653,0,0,NA,0,6.94843848763403,"ROM",NA,NA,NA,0,0,NA,NA,NA,NA,NA,NA,NA,NA,NA,NA,2
"ITEM21CWFANCYFEASTBROTHS_Retailer","Wet Cat","DeMoulas","CW FANCY FEAST BROTHS 01.4OZ",-0.460808626500512,1.39886033795483,0,0,3.07232151892748,0,0,0,0.318251284031563,0,0,0,0.020704403473266,0,NA,NA,0,5.56862671809246,"Retailer",0,0,NA,0,0,NA,NA,NA,NA,NA,0,0,NA,NA,0,2
"ITEM21CWFANCYFEASTBROTHS_ROM","Wet Cat","DeMoulas","CW FANCY FEAST BROTHS 01.4OZ",-1.32034746488208,4.08291022315312,-0.670300779566681,-0.138318271393011,1.54028784245234,0.0754556384430519,2.26509491303087,0,0.408433572946495,-0.156125000873284,-0.134458514213517,-0.121266497285756,0.00439267575939693,0,NA,NA,0,9.16160466321597,"ROM",0,0,NA,0,0,NA,NA,NA,NA,NA,0,0,NA,NA,0,2
"ITEM220DWBENEFUL_Retailer","Wet Dog","DeMoulas","DW BENEFUL 03OZ 03CT",-0.437548786584625,0.388215505636076,0,0,3.13904786792483,0,0,0,0.322980514313517,0,0,0.0704989279214366,0.0239494749084518,0,0,NA,-0.233710010535949,4.27920858145411,"Retailer",NA,NA,NA,0,0,NA,NA,NA,NA,NA,NA,NA,NA,NA,NA,2
"ITEM220DWBENEFUL_ROM","Wet Dog","DeMoulas","DW BENEFUL 03OZ 03CT",0,0.227533386202392,0,0,3.67884201084318,1.31316646980145,0,0,0.399340666612414,0.0171640003939293,-0.0597486080808604,-0.0582825437320346,0.0121260093327598,0,0,NA,0,6.32807291931228,"ROM",NA,NA,NA,0,0,NA,NA,NA,NA,NA,NA,NA,NA,NA,NA,2
"ITEM222DWBENEFULINCRNMED_ROM","Wet Dog","DeMoulas","DW BENEFUL INCR N MED 03OZ 30CT",-0.933138311574755,0,0,0,15.6709619704034,10.9601482004867,0,0,0,0.715097480771214,0,0,0.0121168177414914,0,0,NA,0,4.80236383934012,"ROM",NA,NA,NA,0,0,NA,NA,NA,NA,NA,NA,NA,NA,NA,NA,2
"ITEM223DWBENEFULSPRFOOD_ROM","Wet Dog","DeMoulas","DW BENEFUL SPRFOOD 09OZ 06CT",-2.5,3.09273436279687,-0.811826453191719,-2.74523240577454,0,10,0,0,-1.4693797469124,0,0,0,-0.14487605648701,0,0,NA,0,11.572049260391,"ROM",NA,NA,NA,0,0,NA,NA,NA,NA,NA,NA,NA,NA,NA,NA,1
"ITEM224DWBENEFULSPRFOOD_ROM","Wet Dog","DeMoulas","DW BENEFUL SPRFOOD 09OZ",-0.918060830622918,3.26958869360034,0,-1.68389789366636,0,0,0,0,0,0,0,0,0,0,0,NA,0,6.44679726006384,"ROM",NA,NA,NA,0,0,NA,NA,NA,NA,NA,NA,NA,NA,NA,NA,1
"ITEM225DWBEYONDGRFR_ROM","Wet Dog","DeMoulas","DW BEYOND GR FR 13OZ 6CT",-1.05061602415996,0,0,0,0,0,0,0,0,0,0,0,0,0,0,NA,0,7.31926664538158,"ROM",NA,NA,NA,0,0,NA,NA,NA,NA,NA,NA,NA,NA,NA,NA,1
"ITEM228CWFANCYFEASTPETITES_ROM","Wet Cat","DeMoulas","CW FANCY FEAST PETITES 02.8OZ",-2.43888668626325,6.29606251486622,0,0,5.96915030803873,0,0,0,0,0,0,0,0.0534790417833927,0,NA,NA,0,6.84460964775067,"ROM",0,0,NA,0,0,NA,NA,NA,NA,NA,0,0,NA,NA,0,2
"ITEM228DWBEYONDWILD_ROM","Wet Dog","DeMoulas","DW BEYOND WILD 13OZ",0,0,-6.77731169618728,-0.723060204129593,0,0,0,0,0.186105167455404,0,0,0,0,0,0,NA,0,5.8527584409602,"ROM",NA,NA,NA,0,0,NA,NA,NA,NA,NA,NA,NA,NA,NA,NA,1
"ITEM232CWFANCYFEASTPETITES_ROM","Wet Cat","DeMoulas","CW FANCY FEAST PETITES 02.8OZ 12CT",0,0,0,0,12.7735495336822,3.31204874712194,0,0,0,0,0,0,0.0609899383251413,0,NA,NA,0,2.60280793973818,"ROM",0,0,NA,0,0,NA,NA,NA,NA,NA,0,0,NA,NA,0,2
"ITEM233CWFANCYFEASTPETITES_ROM","Wet Cat","DeMoulas","CW FANCY FEAST PETITES 02.8OZ 24CT",-3.23786046960175,18.3334287204364,0,0,9.8884835049601,8.16780769648439,20.3513019943712,0,0,0,0,0,0.116911275907484,0,NA,NA,0,12.5734947089832,"ROM",0,0,NA,0,0,NA,NA,NA,NA,NA,0,0,NA,NA,0,2
"ITEM24PURINAONETRUINST_Retailer","Dry Cat","DeMoulas","DC PURINA ONE TRU INST 03.2LB",-0.295706077998707,0.827108304101834,0,-0.472807632884354,2.44528325228418,0,0,0,0.246134979089928,-0.275501038783002,-0.356038247115971,0,0.0192749493133046,0.945757033366824,0,0,0,2.52443791715634,"Retailer",0,0,NA,0,0,0,0,0,NA,0,0,0,0,0,0,2
"ITEM24PURINAONETRUINST_ROM","Dry Cat","DeMoulas","DC PURINA ONE TRU INST 03.2LB",-1.15931785121582,2.12437441614845,0,-1.5184913393741,0,0.400606806188992,0,0,2.37756320705028,0,0,0,-0.073179328964276,0,1,1,-4.14698576278403,-3.00202513045777,"ROM",0,0,NA,-5.65629433948376,-0.897450704647879,0,0,0,NA,0.973080386458322,0,0,1,0.943749060470978,0,1
"ITEM250DWCNPORGANIX_ROM","Wet Dog","DeMoulas","DW C&P ORGANIX 03.5OZ",-1.13111397573906,0.896912358926082,0,-0.487844075515989,0,0,0,0,0,0,0,0,0.0222321152437322,0,0,NA,0,6.29768406652484,"ROM",NA,NA,NA,-0.082834096142719,0,NA,NA,NA,NA,NA,NA,NA,NA,NA,NA,1
"ITEM251DWCNPORGANIX_ROM","Wet Dog","DeMoulas","DW C&P ORGANIX 12.7OZ",-1.96547573232082,3.7653208758319,0,0,0,0,10,0,0,0,0,0,0,0,0,NA,0,8.36388539439944,"ROM",NA,NA,NA,0,0,NA,NA,NA,NA,NA,NA,NA,NA,NA,NA,1
"ITEM252DWCNPPRISTINE_ROM","Wet Dog","DeMoulas","DW C&P PRISTINE 03.5OZ",0,3.10817135404658,0,0,0,0,10,0,0,0,0,0,0,0,0,NA,-11.1439897602248,4.97839292701187,"ROM",NA,NA,NA,0,0,NA,NA,NA,NA,NA,NA,NA,NA,NA,NA,1
"ITEM254DWCNPPRISTINEBONEBROTH_ROM","Wet Dog","DeMoulas","DW C&P PRISTINE BONE BROTH 8.4OZ",0,1.58451566656062,-0.177013864156142,-0.150894708528715,0,0,0,0,-0.00215794641367487,0,0,0,0,0,0.0763756838472904,NA,0,4.65080515087578,"ROM",NA,NA,NA,-0.0237142547615095,-0.620517341610406,NA,NA,NA,NA,NA,NA,NA,NA,NA,NA,1
"ITEM256CWFRISKIES_ROM","Wet Cat","DeMoulas","CW FRISKIES 05.5OZ 60CT",0,0,0,0,0,0,0,0,0,0,0,0,0.0422130085310269,1,NA,NA,0,1.86931602007747,"ROM",1,1,NA,-3.17607182184119,0,NA,NA,NA,NA,NA,0,0,NA,NA,0,1
"ITEM26KITKABOODLE_Retailer","Dry Cat","DeMoulas","DC KIT KABOODLE 03.2LB",-2.5,5.24137249039095,0,0,5.02260616251813,0,0,0,-1.88453705964594,0,0,0,0.0214211717009016,0,0,0,0,6.84402208464693,"Retailer",0,0,NA,0,0,0,0,0,NA,0,0,0,0,0,0,1
"ITEM26KITKABOODLE_ROM","Dry Cat","DeMoulas","DC KIT KABOODLE 03.2LB",-2.5,0.458237628256932,-2.26989545474731,-0.96815227741967,8.06229984470806,0,0,0,0,0,0,0,0,0,0,0,0,8.03828293647728,"ROM",0,0,NA,0,0,0,0,0,NA,0,0,0,0,0,0,1
"ITEM271CWCNPORGANIX_ROM","Wet Cat","DeMoulas","CW C&P ORGANIX 05.5OZ",0,0,-1.20693130774409,-3.42423612007522,0,0,0,0,-5.04622595681803,0,0,0,-0.118248767873428,0,NA,NA,0,11.6945681245547,"ROM",0,0,NA,-0.661325765450741,-12.2035202150115,NA,NA,NA,NA,NA,0,0,NA,NA,0,1
"ITEM273CWCNPPRISTINE_ROM","Wet Cat","DeMoulas","CW C&P PRISTINE 03OZ CAN",0,1.82910518563744,0,-0.445197929607778,0,0,10,0,-5.01528448163143,0,0,0,-0.0790149813668566,0,NA,NA,0,11.5190018783073,"ROM",0,0,NA,-8.95901914409067,0,NA,NA,NA,NA,NA,0,0,NA,NA,0,1
"ITEM275CWFANCYFEASTAPPTZRS_ROM","Wet Cat","DeMoulas","CW FANCY FEAST APPTZRS 01.1OZ",-1.36212593671274,0,0,0,3.719893614349,0.125864701650804,0,0,0.216818209930681,0,0,-0.0701813410086969,0.0385783875001743,0,NA,NA,0,7.19822646542091,"ROM",0,0,NA,0,0,NA,NA,NA,NA,NA,0,0,NA,NA,0,2
"ITEM276CWFANCYFEASTAPPTZRS_ROM","Wet Cat","DeMoulas","CW FANCY FEAST APPTZRS 01.1OZ 12CT",0,0,0,0,0,0,0,0,0.113687419104324,0,0,0,0.0224588843586388,1,NA,NA,0,-1.40555679944282,"ROM",0,0,NA,0,0,NA,NA,NA,NA,NA,0,0,NA,NA,0,1
"ITEM279CWFRISKIESFAV_ROM","Wet Cat","DeMoulas","CW FRISKIES FAV 05.5OZ 24CT",-2.5,2.23008609501146,0,0,0,0,0,0,0,0,0,0,0,0,NA,NA,0,10.6567167084775,"ROM",0,0,NA,0,0,NA,NA,NA,NA,NA,0,0,NA,NA,0,1
"ITEM280CLTIDYCATSCLUMPNONLWBOX_ROM","Litter","DeMoulas","CL TIDY CATS CLUMP NON-LW BOX 23LB - BOX",-0.212624647975204,3.80394758799256,0,0,0,0,10,0,0,0,0,0,0,NA,NA,NA,0,6.36010968480761,"ROM",NA,NA,NA,NA,NA,NA,NA,NA,NA,NA,NA,NA,NA,NA,NA,1
"ITEM280CWFRISKIESFAV_ROM","Wet Cat","DeMoulas","CW FRISKIES FAV 05.5OZ",-1.46980695544963,0,0,0,2.29978704010894,0.195831006390633,8.61766997312575,0,0.780124760398421,-0.245212470918045,-0.078022607624983,-0.0606578071562771,0.0149547145048162,0,NA,NA,0,7.27717008032632,"ROM",0,0,NA,0,0,NA,NA,NA,NA,NA,0,0,NA,NA,0,2
"ITEM281CLTIDYCATSNONCLUMP_ROM","Litter","DeMoulas","CL TIDY CATS NON-CLUMP 40LB",-1.28991964410903,3.50871395697052,0,0,0,0,0,0,0,0,0,0,0,NA,NA,NA,0,5.61541593334723,"ROM",NA,NA,NA,NA,NA,NA,NA,NA,NA,NA,NA,NA,NA,NA,NA,1
"ITEM281CWFRISKIESLILGRILSLURPUR_ROM","Wet Cat","DeMoulas","CW FRISKIES LIL GRIL/SLUR/PUR 01.6OZ 18CT",-1.63480284814324,1.92649210785105,-0.323780933771364,-0.641099424735566,0,10,0,0,0,0,0,0,0,0,NA,NA,0,9.04581998004723,"ROM",0,0,NA,0,0,NA,NA,NA,NA,NA,0,0,NA,NA,0,1
"ITEM281DWDOGCHOWML_ROM","Wet Dog","DeMoulas","DW DOG CHOW ML 13 OZ 12CT",-1.30339923267882,0,-4.52504579635351,-3.67212699798545,10,10,10,0,-2.13501796056155,0,0,0,-0.0324901539670063,0,0,NA,0,9.81499454206149,"ROM",NA,NA,NA,0,0,NA,NA,NA,NA,NA,NA,NA,NA,NA,NA,1
"ITEM282CLTIDYCATSNONCLUMP_ROM","Litter","DeMoulas","CL TIDY CATS NON-CLUMP 30LB",-0.135721184819595,0,0,0,0,0,0,0,0,0,0,0,0,NA,NA,NA,0,7.11355537319676,"ROM",NA,NA,NA,NA,NA,NA,NA,NA,NA,NA,NA,NA,NA,NA,NA,1
"ITEM282CWFRISKIESLILGRILSLURPUR_ROM","Wet Cat","DeMoulas","CW FRISKIES LIL GRIL/SLUR/PUR 01.6OZ",-2.18224906293958,0,0,0,2.36337338429421,0.486973641593255,1.93925601532067,0,1.40296008201555,-0.0729589120249383,-0.190741793750942,-0.299155609643491,0.0290663489721196,0,NA,NA,0,7.08949298109094,"ROM",0,0,NA,0,0,NA,NA,NA,NA,NA,0,0,NA,NA,0,2
"ITEM282DWDOGCHOWML_ROM","Wet Dog","DeMoulas","DW DOG CHOW ML 13 OZ 24CT",-2.5,0,0,0,0,10,10,0,-6.21836675743955,0,0,0,0,0,0,NA,0,17.7910671345769,"ROM",NA,NA,NA,0,0,NA,NA,NA,NA,NA,NA,NA,NA,NA,NA,1
"ITEM283CLTIDYCATSNONCLUMP_ROM","Litter","DeMoulas","CL TIDY CATS NON-CLUMP 50LB",0,0,0,0,0,0,4.14293369324804,0,0,0,0,0,0.00201142895611333,NA,NA,NA,0,5.43413550729172,"ROM",NA,NA,NA,NA,NA,NA,NA,NA,NA,NA,NA,NA,NA,NA,NA,1
"ITEM283CWFRISKIESLILSOUPS_ROM","Wet Cat","DeMoulas","CW FRISKIES LIL SOUPS 01.2OZ 18CT",-2.5,0,-2.90453559614095,-3.76055627162664,10,0,0,0,0,0,0,0,-0.0544803770112829,0,NA,NA,0,10.1333898728567,"ROM",0,0,NA,0,0,NA,NA,NA,NA,NA,0,0,NA,NA,0,1
"ITEM283DWDOGCHOWML_ROM","Wet Dog","DeMoulas","DW DOG CHOW ML 13 OZ 06CT",-2.23854904580418,0,-2.50594008370417,-2.6274319037332,10,0,0,0,0,0,0,0,0,0,0,NA,0,8.37757863516804,"ROM",NA,NA,NA,0,0,NA,NA,NA,NA,NA,NA,NA,NA,NA,NA,1
"ITEM284CLTIDYCATSNONCLUMP_ROM","Litter","DeMoulas","CL TIDY CATS NON-CLUMP 52LB",0,2.42778921677864,0,-0.259997469024566,0,1.12185686574655,0,0,0,0,0,0,0,NA,NA,NA,0,4.66875152461908,"ROM",NA,NA,NA,NA,NA,NA,NA,NA,NA,NA,NA,NA,NA,NA,NA,1
"ITEM284CWFRISKIESPREMIUM_ROM","Wet Cat","DeMoulas","CW FRISKIES PREMIUM 05.5OZ 24CT",-2.5,0,-18.4641968450944,-17.6433710575715,10,0,0,0,-0.942538454075557,0,0,0,-0.106576820922224,0,NA,NA,0,11.7075765496572,"ROM",0,0,NA,0,0,NA,NA,NA,NA,NA,0,0,NA,NA,0,1
"ITEM284DWDOGCHOWML_ROM","Wet Dog","DeMoulas","DW DOG CHOW ML 13 OZ",0,0,-6.6316130263298,-5.04330935178625,8.9732966885851,0,0,0,0,0,0,0,0,0,0,NA,0,6.68130844890482,"ROM",NA,NA,NA,0,0,NA,NA,NA,NA,NA,NA,NA,NA,NA,NA,1
"ITEM285CLTIDYCATSCLUMPNONLW_ROM","Litter","DeMoulas","CL TIDY CATS CLUMP NON-LW 40LB",0,0,-2.16415577735126,-1.8598110123025,10,10,10,0,0,0,0,0,-0.0367293272703759,NA,NA,NA,0,2.98079635774015,"ROM",NA,NA,NA,NA,NA,NA,NA,NA,NA,NA,NA,NA,NA,NA,NA,1
"ITEM285CWFRISKIESPREMIUM_ROM","Wet Cat","DeMoulas","CW FRISKIES PREMIUM 05.5OZ",-2.5,1.24022338081792,-0.880918149834772,-4.84246909412197,10,0.230224521682088,0,0,-1.85202803013664,0,0,0,-0.0165922751123766,0,NA,NA,0,7.39502938182441,"ROM",0,0,NA,0,0,NA,NA,NA,NA,NA,0,0,NA,NA,0,1
"ITEM287CLTIDYCATSCLUMPNONLW_ROM","Litter","DeMoulas","CL TIDY CATS CLUMP NON-LW 35LB",-0.065724210455187,0,0,0,1.41044207301925,0.612197261199591,0.931536005095894,14.0702447040142,0.518256482297593,-0.0379513695621784,0,0,0,NA,NA,NA,0,7.28274038431634,"ROM",NA,NA,NA,NA,NA,NA,NA,NA,NA,NA,NA,NA,NA,NA,NA,2
"ITEM287CWKITKABOODLE_ROM","Wet Cat","DeMoulas","CW KIT KABOODLE 05.35OZ",0,2.19202587698637,-0.108797628490616,-1.20018271382883,0,0,0,0,0,0,0,0,-0.337532410248793,0,NA,NA,-8.26774942584063,8.12723938077539,"ROM",0,0,NA,-2.54290371175764,0,NA,NA,NA,NA,NA,-0.500628291703702,-1.99116085649959,NA,NA,-0.992484329759325,1
"ITEM288CLTIDYCATSCLUMPNONLW_ROM","Litter","DeMoulas","CL TIDY CATS CLUMP NON-LW 20LB 2PK",0,2.85707432573827,0,0,0,10,0,0,0,0,0,0,0,NA,NA,NA,0,4.78279554554869,"ROM",NA,NA,NA,NA,NA,NA,NA,NA,NA,NA,NA,NA,NA,NA,NA,1
"ITEM289CLTIDYCATSCLUMPNONLWPAIL_ROM","Litter","DeMoulas","CL TIDY CATS CLUMP NON-LW PAIL 38LB",0,10,0,0,0,10,10,0,0,0,0,0,0,NA,NA,NA,0,5.49493299622295,"ROM",NA,NA,NA,NA,NA,NA,NA,NA,NA,NA,NA,NA,NA,NA,NA,1
"ITEM28BUSYCHEWNOLACW_Retailer","Dog Treats","DeMoulas","DT BUSY CHEWNOLA CW 04OZ",-1.84640004469195,0.474976875893184,-3.08832891206698,-6.22886406561671,2.58671965917733,0,0,0,0.278285574129453,-0.0247692577112135,0,0,0.00833353309166528,0,0,0,-5.84363529610127,5.73452005925485,"Retailer",0,0,0,-7.08001965879997,-2.68944057741017,0,0,0,0,0,0,0,NA,NA,NA,2
"ITEM28BUSYCHEWNOLACW_ROM","Dog Treats","DeMoulas","DT BUSY CHEWNOLA CW 04OZ",-1.11220118028209,1.06633492100277,0,0,2.33285630363891,0,0,0,0.517184564902719,0,0,0,0,0,0,0,0,6.80257285433784,"ROM",0,0,0,0,0,0,0,0,0,0,0,0,NA,NA,NA,2
"ITEM290CLTIDYCATSCLUMPNONLW_ROM","Litter","DeMoulas","CL TIDY CATS CLUMP NON-LW 10LB",0,0,0,0,0,0,0,0,0,0,0,0,0.00548041789043286,NA,NA,NA,0,4.89668280128377,"ROM",NA,NA,NA,NA,NA,NA,NA,NA,NA,NA,NA,NA,NA,NA,NA,1
"ITEM291CLTIDYCATSBREEZEPELLETS_ROM","Litter","DeMoulas","CL TIDY CATS BREEZE PELLETS 03.5LB",-2.5,3.60896225114032,-3.01131017538165,-3.04137782188559,10,0,0,0,0,0,0,0,-0.210702970231934,NA,NA,NA,0,10.5276728734665,"ROM",NA,NA,NA,NA,NA,NA,NA,NA,NA,NA,NA,NA,NA,NA,NA,1
"ITEM292CLTIDYCATSBREEZEPADS_ROM","Litter","DeMoulas","CL TIDY CATS BREEZE PADS 04CT",-0.436346982533346,0,0,0,0,0,0,0,0,0,0,0,0,NA,NA,NA,0,6.48443049114419,"ROM",NA,NA,NA,NA,NA,NA,NA,NA,NA,NA,NA,NA,NA,NA,NA,1
"ITEM293CLTIDYCATSCLUMPLW_ROM","Litter","DeMoulas","CL TIDY CATS CLUMP LW 19.5LB",-1.11742068230859,0,0,0,0,2.57219501863582,0,0,0.812027467244221,0,0,0,0,NA,NA,NA,0,8.56064626034453,"ROM",NA,NA,NA,NA,NA,NA,NA,NA,NA,NA,NA,NA,NA,NA,NA,1
"ITEM294CLTIDYCATSCLUMPLW_ROM","Litter","DeMoulas","CL TIDY CATS CLUMP LW 17LB - PAIL",0,0,0,0,3.87670584535883,1.34986381807605,1.24926306263277,0,0.552800536591822,0,0.0548111849806503,-0.0118215205646528,0.00400780434936713,NA,NA,NA,0,4.90086077125442,"ROM",NA,NA,NA,NA,NA,NA,NA,NA,NA,NA,NA,NA,NA,NA,NA,2
"ITEM296CLTIDYCATSCLUMPLW_ROM","Litter","DeMoulas","CL TIDY CATS CLUMP LW 06LB",-1.24265126651062,1.18697208505742,-0.419993386957978,-0.37690237891655,0,10,10,6.85947489303304,0,0,0,0,0,NA,NA,NA,-1.29470843225571,8.35465082939282,"ROM",NA,NA,NA,NA,NA,NA,NA,NA,NA,NA,NA,NA,NA,NA,NA,1
"ITEM297CLTIDYCATSNATSTRGNONCLUMP_ROM","Litter","DeMoulas","CL TIDY CATS NAT STRG NON-CLUMP 35LB",-0.311159210681661,0,-2.42834065764549,-3.33391162701111,0,0,10,0,0,0,0,0,0,NA,NA,NA,0,3.57134828063466,"ROM",NA,NA,NA,NA,NA,NA,NA,NA,NA,NA,NA,NA,NA,NA,NA,1
"ITEM298CLTIDYCATSNATSTRGNONCLUMP_ROM","Litter","DeMoulas","CL TIDY CATS NAT STRG NON-CLUMP 20LB",-1.28160194030066,1.00416252845589,-0.209957446096433,0,5.31302811736863,0.245127270091176,3.68054093281038,1.51889258188913,0.344484248687717,0.0413766958703836,0,0,0.00270997825074404,NA,NA,NA,0,7.94675856446571,"ROM",NA,NA,NA,NA,NA,NA,NA,NA,NA,NA,NA,NA,NA,NA,NA,2
"ITEM299CLTIDYCATSNATSTRGNONCLUMP_ROM","Litter","DeMoulas","CL TIDY CATS NAT STRG CLUMP 14LB",0,1.78881258122601,0,-1.92385259833388,0,5.44710578938135,10,10,0,0,0,0,0,NA,NA,NA,0,4.30535731726241,"ROM",NA,NA,NA,NA,NA,NA,NA,NA,NA,NA,NA,NA,NA,NA,NA,1
"ITEM29BEYONDGRFR_Retailer","Dry Cat","DeMoulas","DC BEYOND GR FR 05LB",-1.5667836358219,0.870740024579678,-1.088980557206,-1.25627255854194,3.46194284414432,0,0,0,1.36139313857232,0,0,0,0,0,0,0,0,5.73071377140215,"Retailer",0,0,NA,0,0,0,0,0,NA,0,0,0,0,0,0,2
"ITEM29BEYONDGRFR_ROM","Dry Cat","DeMoulas","DC BEYOND GR FR 05LB",-0.957998252600171,0,0,0,0,0,0,0,0.243492259048671,-0.0127972207688237,-0.00196998381873386,-0.091483192638186,0,0,0.141632187673992,0,-0.101481129005641,8.21241252362482,"ROM",0,0,NA,0,0,0,0,0,NA,0,-0.522720448797041,-0.379372318395025,0,0,-1.4309304102784,2
"ITEM2CWFRISKIES_Retailer","Wet Cat","DeMoulas","CW FRISKIES 05.5OZ 12CT",-0.722824467727988,1.62623849575272,0,-0.574055803810721,3.26230059982864,0,0,0,0,0,0,0,0.0115253734263813,0,NA,NA,0,5.12036788143592,"Retailer",0,0,NA,0,0,NA,NA,NA,NA,NA,0,0,NA,NA,0,2
"ITEM2CWFRISKIES_ROM","Wet Cat","DeMoulas","CW FRISKIES 05.5OZ 12CT",-1.10700649104161,0,0,0,2.38663666013822,0.229457989854758,2.81021735274647,2.5376018924188,0.726887274662292,0,0,0,0.00405440567827754,0,NA,NA,0,8.78110318050295,"ROM",0,0,NA,0,0,NA,NA,NA,NA,NA,0,0,NA,NA,0,2
"ITEM2TIDYCATSCLUMPLW_Retailer","Litter","DeMoulas","CL TIDY CATS CLUMP LW 08.5LB",-0.662278684297276,0.358411196552711,-0.0736670933742402,0,3.31909744708536,0,0,0,0.874343459289028,0,0,0,0,NA,NA,NA,0,4.63220580815936,"Retailer",NA,NA,NA,NA,NA,NA,NA,NA,NA,NA,NA,NA,NA,NA,NA,2
"ITEM2TIDYCATSCLUMPLW_ROM","Litter","DeMoulas","CL TIDY CATS CLUMP LW 08.5LB",-0.795415386721087,0,0,0,0,0.100931271372403,0.492162759526629,0,0.493830228628149,0,0,0,0,NA,NA,NA,0,10.0874776855518,"ROM",NA,NA,NA,NA,NA,NA,NA,NA,NA,NA,NA,NA,NA,NA,NA,2
"ITEM300CLTIDYCATSPURENATUREALT_ROM","Litter","DeMoulas","CL TIDY CATS PURE NATURE ALT 12LB",0,3.84010767130415,-17.914510991889,-20.442828734239,0,9.94502130587474,0,0,-2.97989517550501,0,0,0,-0.0255673690427131,NA,NA,NA,0,7.66626366610578,"ROM",NA,NA,NA,NA,NA,NA,NA,NA,NA,NA,NA,NA,NA,NA,NA,1
"ITEM301CWFANCYFEASTPURELYFILETS_ROM","Wet Cat","DeMoulas","CW FANCY FEAST PURELY FILETS 01OZ",-1.68065271650008,0.310885619897383,-1.35081256449471,-1.13329906323922,10,10,0,0,-5.75060131429484,0,0,0,-0.171120780393238,0,NA,NA,0,13.4924423692236,"ROM",0,0,NA,0,0,NA,NA,NA,NA,NA,0,0,NA,NA,0,1
"ITEM302CLYESTERDAYSNEWSALT_ROM","Litter","DeMoulas","CL YESTERDAYS NEWS ALT 13.2LB",-2.5,0,-2.40831486700609,-2.27205490522903,10,0,0,0,-6.42312265495981,0,0,0,-0.0506970398535097,NA,NA,NA,0,16.0069847094963,"ROM",NA,NA,NA,NA,NA,NA,NA,NA,NA,NA,NA,NA,NA,NA,NA,1
"ITEM302CWPURINAONETRGTD_Retailer","Wet Cat","DeMoulas","CW PURINA ONE TRGTD 03OZ",-2.5,10,0,0,5.76082444405097,0,0,0,-2.44469181793827,0,0,0,0,0,NA,NA,0,5.10804617797531,"Retailer",0,0,NA,0,0,NA,NA,NA,NA,NA,0,0,NA,NA,0,1
"ITEM302CWPURINAONETRGTD_ROM","Wet Cat","DeMoulas","CW PURINA ONE TRGTD 03OZ",-0.372437107454485,1.58777466981156,0,-0.753900415181006,5.2499725146556,0.769855542628261,0,0,0,0,0,0,0,0,NA,NA,0,6.95076957399068,"ROM",0,0,NA,0,0,NA,NA,NA,NA,NA,0,0,NA,NA,0,2
"ITEM302DDDOGCHOWGREENBG_ROM","Dry Dog","DeMoulas","DD DOG CHOW GREEN BG 42-46LB",0,4.78322071302105,0,0,10,0,10,0,3.7301727024828,0,0,0,0,0,0,0,0,-0.109476120774069,"ROM",0,0,NA,0,0,0,0,NA,NA,NA,0,NA,NA,NA,NA,1
"ITEM304CLYESTERDAYSNEWALT_ROM","Litter","DeMoulas","CL YESTERDAYS NEW ALT 10LB",-2.09704995747406,4.36679368376645,0,0,0,0,0,0,-1.46121252731872,0,0,0,-0.10645067968102,NA,NA,NA,0,10.2868720991485,"ROM",NA,NA,NA,NA,NA,NA,NA,NA,NA,NA,NA,NA,NA,NA,NA,1
"ITEM304DDBEYONDGRFR_ROM","Dry Dog","DeMoulas","DD BEYOND GR FR 03LB",0,0.185225239582164,0,0,0,0,0,0,0,0,0,0,0,0,0,0,0,3.33652817447126,"ROM",0,0,NA,0,0,0,0,NA,NA,NA,0,NA,NA,NA,NA,1
"ITEM31CWBEYONDSIMPORGS_Retailer","Wet Cat","DeMoulas","CW BEYOND SIMP ORGS 03OZ",-2.5,2.5,0,0,7.17609205915282,0,0,0,0,0,0,0,-0.0699827437604031,0,NA,NA,0,1.76213133327199,"Retailer",0,0,NA,-1.7169810203072,0,NA,NA,NA,NA,NA,0,0,NA,NA,0,1
"ITEM331DDPUPPYCHOW_Retailer","Dry Dog","DeMoulas","DD PUPPY CHOW 16.5LB",-0.525508673479316,0.882629112358838,0,0,2.43134688917856,0,0,0,0.175485965323223,0,0,0,0.0115295343063939,0,0,0,0,4.15452378941121,"Retailer",0,0,NA,0,0,0,0,NA,NA,NA,0,NA,NA,NA,NA,2
"ITEM331DDPUPPYCHOW_ROM","Dry Dog","DeMoulas","DD PUPPY CHOW 16.5LB",0,0,0,0,3.21334819596331,0.194145908195963,0,0,0.324622923499873,0,-0.027975112601701,0,0,0,0,0,0,5.16069853597855,"ROM",0,0,NA,0,0,0,0,NA,NA,NA,0,NA,NA,NA,NA,2
"ITEM332DDBEYONDSMP_ROM","Dry Dog","DeMoulas","DD BEYOND SMP9 03-4LB",0,0,-0.184975259968292,-0.330036313298691,0,0,0,0,0,0,0,0,0,0.484700983389304,1,0.204365972282118,0,-1.03208712491626,"ROM",0.240927915248718,0,NA,0,0,0,0,NA,NA,NA,0,NA,NA,NA,NA,1
"ITEM335DWPUPPYCHOW_ROM","Wet Dog","DeMoulas","DW PUPPY CHOW 05.5OZ 8 CT",0,0,0,0,0,0,0,0,0,0,0,0,0,0,0,NA,0,3.85562623330846,"ROM",NA,NA,NA,0,0,NA,NA,NA,NA,NA,NA,NA,NA,NA,NA,1
"ITEM336DWPURINAONE_ROM","Wet Dog","DeMoulas","DW PURINA ONE 13OZ 06CT",-1.20989679937717,0,0,0,3.55217397704898,0.114409607376794,0,0,0.799674718391317,0.0620488850493171,0.121951605776636,0.0879709329357116,0.00789827270467978,0,0,NA,-1.06274257863966,7.40029965583752,"ROM",NA,NA,NA,0,0,NA,NA,NA,NA,NA,NA,NA,NA,NA,NA,2
"ITEM337DWPURINAONETRUINST_ROM","Wet Dog","DeMoulas","DW PURINA ONE TRU INST 13OZ 12CT",0,3.44546208869541,0,0,0,0,5.56023545085527,0,0,0,0,0,0,0,0,NA,0,5.72472294188714,"ROM",NA,NA,NA,0,0,NA,NA,NA,NA,NA,NA,NA,NA,NA,NA,1
"ITEM338DWPURINAONETRUINST_ROM","Wet Dog","DeMoulas","DW PURINA ONE TRU INST 13OZ 06CT",-0.862921128978151,0,0,0,4.95827474748712,0,0,0,0.361755552993507,0,0.0132117931842022,0,0.00582397620816148,0,0,NA,0,6.58071023993684,"ROM",NA,NA,NA,0,0,NA,NA,NA,NA,NA,NA,NA,NA,NA,NA,2
"ITEM339DWPURINAONETRUINST_Retailer","Wet Dog","DeMoulas","DW PURINA ONE TRU INST 13OZ",-0.256031757354455,2.99627038976477,0,0,2.90843896202499,0,0,0,0.579923012728377,-0.0887307364030782,-0.147363155541053,0.0245746437928045,0,0,0,NA,0,5.08743779501652,"Retailer",NA,NA,NA,0,0,NA,NA,NA,NA,NA,NA,NA,NA,NA,NA,2
"ITEM339DWPURINAONETRUINST_ROM","Wet Dog","DeMoulas","DW PURINA ONE TRU INST 13OZ",-0.299677421651619,0,0,0,0.825952702440934,0.371017680531341,5.74170053457102,0.779176691567689,0.821553050871007,-0.0323116152397821,-0.0616249161083915,-0.172341504069485,0.0120749743255945,0,0,NA,0,8.00680556747484,"ROM",NA,NA,NA,0,0,NA,NA,NA,NA,NA,NA,NA,NA,NA,NA,2
"ITEM344DDBELLA_Retailer","Dry Dog","DeMoulas","DD BELLA 12LB",-2.5,0.967193356643645,0,0,10,0,0,0,0,0,0,0,0,0,0,0,0,7.7511738877381,"Retailer",0,0,NA,0,0,0,0,NA,NA,NA,0,NA,NA,NA,NA,1
"ITEM357DDDOGCHOWLX_ROM","Dry Dog","DeMoulas","DD DOG CHOW LX 16.5-18LB",-1.61018378626325,2.05508860156323,0,0,10,1.36186867214896,3.19970196037528,0,0,0,0,0,0,0,0,0,0,8.21628462323227,"ROM",0,0,NA,0,0,0,0,NA,NA,NA,0,NA,NA,NA,NA,1
"ITEM364DDMOISTANDMEATY_ROM","Dry Dog","DeMoulas","DD MOIST AND MEATY 012OZ",0,1.05888836873243,-0.234518255535868,0,0,0,0,0,0.203447554536772,0,0,0,0,0,0.305153552317186,0,0,3.92632358607954,"ROM",0,0,NA,0,0,0,0,NA,NA,NA,0,NA,NA,NA,NA,1
"ITEM36CWFANCYFEASTPURELY_Retailer","Wet Cat","DeMoulas","CW FANCY FEAST PURELY 02OZ",-0.659476024938199,0.687729593721703,0,-3.83335679155774,3.4347145830167,0,0,0,0,0,0,0,0.0189921675131888,0,NA,NA,0,4.84108806386245,"Retailer",0,0,NA,0,0,NA,NA,NA,NA,NA,0,0,NA,NA,0,2
"ITEM36CWFANCYFEASTPURELY_ROM","Wet Cat","DeMoulas","CW FANCY FEAST PURELY 02OZ",-0.773949545698209,1.7793110753627,0,-0.373689222648746,1.70296562311351,0.371870037346568,0,0,0.994330525298489,0,-0.041595178800343,0,0,0,NA,NA,0,7.78395745959098,"ROM",0,0,NA,0,0,NA,NA,NA,NA,NA,0,0,NA,NA,0,2
"ITEM37BEGGINMT_Retailer","Dog Treats","DeMoulas","DT BEGGIN MT 06OZ",-0.654734807418498,1.44629147160556,-1.96502233597862,0,0,0,0,0,0.421655927981415,0,-0.0144991918841464,0,0.00124354173657048,0,0,0,0,7.03830923886689,"Retailer",0,0,0,0,0,0,0,0,0,0,0,0,NA,NA,NA,2
"ITEM37BEGGINMT_ROM","Dog Treats","DeMoulas","DT BEGGIN MT 06OZ",-0.75998793349841,1.69870544588144,0,-0.222669565570645,0,0.314967568241233,0.835480052474171,3.37749085095201,1.1260838761301,0.0249094982379726,0,0,0.000800941938289035,0,0,0,0,8.21870935907299,"ROM",0,0,0,0,0,0,0,0,0,0,0,0,NA,NA,NA,2
"ITEM3810018507_ROM","Dog Treats","DeMoulas","DT BUSY TWISTED CW 66OZ",0,0,0,-3.24074111979299,0,4.66051343834786,8.90275294518679,0,0,0,0,0,0.134455494198489,0,0,0,0,2.75208975603275,"ROM",0,0,0,0,0,0,0,0,0,0,0,0,NA,NA,NA,1
"ITEM394DDDOGCHOWLX_ROM","Dry Dog","DeMoulas","DD DOG CHOW LX 13.5LB",-2.5,3.0226577092022,0,-0.407505440847887,0,10,10,0,0,0,0,0,0,0,0,0,0,9.20219714669627,"ROM",0,0,NA,0,0,0,0,NA,NA,NA,0,NA,NA,NA,NA,1
"ITEM39CTFRISKIESPARTYMIXCR_ROM","Cat Treats","DeMoulas","CT FRISKIES PARTY MIX/NAT YUM CR 06OZ",-1.11002648692743,0,0,0,0.527767539724576,0,0,0.627810781125466,0.733348119084556,0,-0.0177534982983675,0,-0.00373000879497559,0,0,0,-1.25019584357765,8.69905708841009,"ROM",NA,NA,NA,NA,NA,NA,NA,NA,NA,NA,NA,NA,NA,NA,NA,2
"ITEM3MTYDG_Retailer","Wet Dog","DeMoulas","DW MTY DG 05.5OZ",-0.1,1.61165449054166,-0.934123260884206,0,10,0,0,0,0.147658144995043,-0.145623360475885,0.0350289184070813,-0.104052907375969,-0.13344729896614,0,0,NA,0,2.10200187976105,"Retailer",NA,NA,NA,0,0,NA,NA,NA,NA,NA,NA,NA,NA,NA,NA,0
"ITEM40032DDDOGCHOWGREENBG_ROM","Dry Dog","DeMoulas","DD DOG CHOW GREEN BG 30-33.5LB",-2.5,0,0,0,0,3.2832913804445,0,0,1.60184392275457,0,0,0,0.0320513442862675,0,0,0,0,10.1233471601919,"ROM",0,0,NA,0,0,0,0,NA,NA,NA,0,NA,NA,NA,NA,1
"ITEM40034DDDOGCHOWGREENBG_ROM","Dry Dog","DeMoulas","DD DOG CHOW GREEN BG 33.6-36LB",0,0,-6.21989375980441,-7.63842766137993,0,10,10,0,-1.82509557971589,0,0,0,0,0,0,0,0,6.79866849635634,"ROM",0,0,NA,0,0,0,0,NA,NA,NA,0,NA,NA,NA,NA,1
"ITEM411DDPURINAONETRUINSTGF_Retailer","Dry Dog","DeMoulas","DD PURINA ONE TRU INST GF 03LB",-2.39822422269528,0.1,-0.885248802294133,0,0.1,0,0,0,0.566024919728287,0,0,0,-0.00498983628896998,0,0,0,0,5.20567598777555,"Retailer",0,0,NA,0,0,0,0,NA,NA,NA,0,NA,NA,NA,NA,0
"ITEM412DDPUPPYCHOW_Retailer","Dry Dog","DeMoulas","DD PUPPY CHOW 04.4LB",-0.468796457582549,2.04558725804902,0,0,3.22813665465021,0,0,0,0,-0.00385545258408006,0,0,0.0190188674482768,0,0,0,0,3.26128830304311,"Retailer",0,0,NA,0,0,0,0,NA,NA,NA,0,NA,NA,NA,NA,2
"ITEM412DDPUPPYCHOW_ROM","Dry Dog","DeMoulas","DD PUPPY CHOW 04.4LB",-0.0684040638624364,4.83659731757712,0,0,2.60634909899266,0,3.38651290028107,0,0.312013993772571,0.0354216860549448,0,0,0.0035306730640831,0,0,0,0,5.35307449686802,"ROM",0,0,NA,0,0,0,0,NA,NA,NA,0,NA,NA,NA,NA,2
"ITEM413DDBENEFULPREMIUM_ROM","Dry Dog","DeMoulas","DD BENEFUL PREMIUM 09.4-12.5LB",-2.5,0,-2.50305313909627,-4.06054944925387,10,3.15097941647653,0,0,-2.12894889609742,0,0,0,0,0,0,0,0,12.5651383908771,"ROM",0,0,NA,0,0,0,0,NA,NA,NA,0,NA,NA,NA,NA,1
"ITEM418DDBEYONDSMP_ROM","Dry Dog","DeMoulas","DD BEYOND SMP9 14.5-15.5LB",-2.5,2.09466811228031,-2.09855121324547,-0.582868778088675,0,10,0,0,0,0,0,0,0,0,0,0,0,10.923166257106,"ROM",0,0,NA,0,0,0,0,NA,NA,NA,0,NA,NA,NA,NA,1
"ITEM421DDPURINAONEML_ROM","Dry Dog","DeMoulas","DD PURINA ONE ML 03LB",0,0.0509523649461215,0,0,0,6.02661959415527,0,0,0,0,0,0,0,0,0,0,0,5.2026022004373,"ROM",0,0,NA,0,0,0,0,NA,NA,NA,0,NA,NA,NA,NA,1
"ITEM427DDDOGCHOWGREENBG_Retailer","Dry Dog","DeMoulas","DD DOG CHOW GREEN BG 18.5-20LB",-1.15403828734414,0.822723933276146,-0.80430437637289,0,3.02369693061421,0,0,0,2.2821611680277,0,0,0,0,0,0,0,0,3.80375653189984,"Retailer",0,0,NA,0,0,0,0,NA,NA,NA,0,NA,NA,NA,NA,2
"ITEM427DDDOGCHOWGREENBG_ROM","Dry Dog","DeMoulas","DD DOG CHOW GREEN BG 18.5-20LB",-0.740287213453024,0,0,0,0,0,0.665064760297701,0,1.66797596979691,0.0652011388412181,0,0,0.000382188047019757,0,0,0,0,7.33607394128707,"ROM",0,0,NA,0,0,0,0,NA,NA,NA,0,NA,NA,NA,NA,2
"ITEM428DDALPO_ROM","Dry Dog","DeMoulas","DD ALPO 14LB",-0.0476912290037277,1.08453643954313,-1.13204373849585,-0.455250142236425,7.86666705103688,0.646484002252448,10,0,0.207766834925887,0,0,0,0,0,0,0,0,4.94394588459012,"ROM",0,0,NA,0,0,0,0,NA,NA,NA,0,NA,NA,NA,NA,1
"ITEM432DDALPO_ROM","Dry Dog","DeMoulas","DD ALPO 04LB",0,0,-1.81680085654612,-2.13515609890225,0,10,0,0,-5.60189692284582,0,0,0,-0.0475866010035114,0,0,0,0,10.3753109939907,"ROM",0,0,NA,0,0,0,0,NA,NA,NA,0,NA,NA,NA,NA,1
"ITEM438DDDOGCHOWGREENBG_ROM","Dry Dog","DeMoulas","DD DOG CHOW GREEN BG 14LB",-0.96423998378097,1.72672193946838,-0.179616235582037,0,0,10,0,0,0,0,0,0,0,0,0,0,0,5.95766503238587,"ROM",0,0,NA,0,0,0,0,NA,NA,NA,0,NA,NA,NA,NA,1
"ITEM454DDPURINAONETRUINST_ROM","Dry Dog","DeMoulas","DD PURINA ONE TRU INST 03.8LB",0,0.507594099228137,0,-0.243378486412563,3.96331274528238,0.341826794974446,0.175527130385489,0,0.46436232127683,-0.0207629393261924,0,-0.135065705388618,0.0118330612510964,0,0,0,0,4.54008839384906,"ROM",0,0,NA,-0.153283264199032,0,0,0,NA,NA,NA,0,NA,NA,NA,NA,2
"ITEM45DENTALIFEDT_Retailer","Dog Treats","DeMoulas","DT DENTALIFE DT 06.8-7.8OZ",-0.841564924777264,0.653071635691778,0,0,1.86394033097709,0,0,0,0.393963329263175,0,0,0,0,0,0,0,0,5.39952423704738,"Retailer",0,0,0,0,0,0,0,0,0,0,0,0,NA,NA,NA,2
"ITEM45DENTALIFEDT_ROM","Dog Treats","DeMoulas","DT DENTALIFE DT 06.8-7.8OZ",0,0.457793832462169,0,0,4.00555160892587,0,0,0,0,0,0,0,0,0,0,0,-0.0934159642798229,5.66013994500967,"ROM",0,0,0,0,0,0,0,0,0,0,0,0,NA,NA,NA,1
"ITEM461DDBELLA_Retailer","Dry Dog","DeMoulas","DD BELLA 03LB",-2.5,4.64369317339831,0,-1.64959725081561,6.45241861435763,0,0,0,0,0,0,0,0,0,0,0,0,5.12091226168401,"Retailer",0,0,NA,0,0,0,0,NA,NA,NA,0,NA,NA,NA,NA,1
"ITEM461DDBELLA_ROM","Dry Dog","DeMoulas","DD BELLA 03LB",-2.5,0.578725136300058,0,0,10,10,0,0,-3.63953315080523,0,0,0,-0.111727522946918,0,0,0,0,12.7297884327007,"ROM",0,0,NA,0,0,0,0,NA,NA,NA,0,NA,NA,NA,NA,1
"ITEM465DDPURINAONETRUINST_ROM","Dry Dog","DeMoulas","DD PURINA ONE TRU INST 27.5LB",-0.0199104117358903,0,-2.97092553426732,-1.36159010077599,0,0,0,0,0,0,0,0,0,0,0,0,0,4.11300737761535,"ROM",0,0,NA,0,0,0,0,NA,NA,NA,0,NA,NA,NA,NA,1
"ITEM469DDDOGCHOWGREENBG_ROM","Dry Dog","DeMoulas","DD DOG CHOW GREEN BG 04LB",-2.5,0,-2.88376680322914,-6.16531577775684,0,10,10,0,0,0,0,0,0,0,0,0,0,8.34162047175814,"ROM",0,0,NA,0,0,0,0,NA,NA,NA,0,NA,NA,NA,NA,1
"ITEM471DDPURINAONETRUINSTGF_ROM","Dry Dog","DeMoulas","DD PURINA ONE TRU INST GF 06LB",0,5.15674870394548,0,0,0,0,0,0,-8.22290876933538,0,0,0,0,1,1,0,0,8.14243725318794,"ROM",0,0,NA,0,0,0,0,NA,NA,NA,0,NA,NA,NA,NA,1
"ITEM473DDPURINAONETRUINST_ROM","Dry Dog","DeMoulas","DD PURINA ONE TRU INST 12LB",-1.2522130658312,0,0,0,0,10,0,0,0,0,0,0,0,0,0,0,0,8.12565947340975,"ROM",0,0,NA,0,0,0,0,NA,NA,NA,0,NA,NA,NA,NA,1
"ITEM485DDBEYONDGRFR_Retailer","Dry Dog","DeMoulas","DD BEYOND GR FR 13LB",-1.45805105526132,1.30316434457167,0,0,5.48413528715527,0,0,0,0,0,0,0,0,0,0,0,0,6.78192687048206,"Retailer",0,0,NA,0,0,0,0,NA,NA,NA,0,NA,NA,NA,NA,2
"ITEM485DDBEYONDGRFR_ROM","Dry Dog","DeMoulas","DD BEYOND GR FR 13LB",-2.5,0,-5.84839765981891,-3.00485180091927,0,0,0,0,0,0,0,0,0,0,1,0,0,7.27516842534941,"ROM",0,0,NA,0,0,0,0,NA,NA,NA,0,NA,NA,NA,NA,1
"ITEM487BEGGINMT_Retailer","Dog Treats","DeMoulas","DT BEGGIN MT 25OZ",-1.84270326305168,0.518833714715456,0,0,2.81333575926634,0,0,0,0.231373125809703,0,-0.0270479421705274,0.055091467736927,0.0115030882772639,0,0,0,-1.20361937488809,7.22799412927935,"Retailer",0,0,0,0,0,0,0,0,0,0,0,0,NA,NA,NA,2
"ITEM487BEGGINMT_ROM","Dog Treats","DeMoulas","DT BEGGIN MT 25OZ",-1.62599008021516,0.722301074855457,-0.105732700935828,-0.324064657629648,0.931310996097462,0,1.56109034299902,1.69654163691531,0.599231939960183,0,0,0,0.0036454712307716,0,0.0607438522662245,0,0,10.0327506375536,"ROM",0,0,0,0,0,0,0,0,0,0,0,0,NA,NA,NA,2
"ITEM497DDMOISTANDMEATY_ROM","Dry Dog","DeMoulas","DD MOIST AND MEATY 036OZ",0,1.00497645524915,0,-0.304917187422467,0,0,0,0,0,0,0,0,0,0,0,0,0,5.56171899147365,"ROM",0,0,NA,0,0,0,0,NA,NA,NA,0,NA,NA,NA,NA,1
"ITEM4CWFRISKIES_Retailer","Wet Cat","DeMoulas","CW FRISKIES 03OZ 24CT",-1.48234768012636,1.54156689003169,-0.679455293516645,-0.0423605421560886,4.63127251895244,0,0,0,0,-0.0154251320408032,0,0,0.00292144418555688,0,NA,NA,0,5.80347331154894,"Retailer",0,0,NA,0,0,NA,NA,NA,NA,NA,0,0,NA,NA,0,0
"ITEM4CWFRISKIES_ROM","Wet Cat","DeMoulas","CW FRISKIES 03OZ 24CT",-1.31947254951571,10,0,0,10,0,0,0,0,0,0,0,-0.156540789241713,0,NA,NA,-0.343972567879065,7.15114584561168,"ROM",0,0,NA,-2.5684565991087,0,NA,NA,NA,NA,NA,-0.460268348839375,0,NA,NA,0,1
"ITEM504DDPURINAONETRUINST_ROM","Dry Dog","DeMoulas","DD PURINA ONE TRU INST 07.4LB",-1.37981094113972,0.273381887033827,-0.68574295967216,-1.71287042829241,7.62446362060259,0,0,0,0,0,0,0,0,1,0,0,0,6.62472230275974,"ROM",0,0,NA,-0.353066533629443,-0.777185626771208,0,0,NA,NA,NA,0,NA,NA,NA,NA,1
"ITEM508DDPURINAONEML_Retailer","Dry Dog","DeMoulas","DD PURINA ONE ML 16.5LB",-1.09772498587267,0.323799684962192,-2.10470435690714,0,3.61139484907962,0,0,0,0,0,0,0,0,0,0,0,0,6.64267210822709,"Retailer",0,0,NA,0,0,0,0,NA,NA,NA,0,NA,NA,NA,NA,2
"ITEM508DDPURINAONEML_ROM","Dry Dog","DeMoulas","DD PURINA ONE ML 16.5LB",-0.667822771498712,0,0,0,2.39336808179444,0,3.93774529384392,3.30835454680258,0.207288138462786,0,0,0,0,0,0,0,0,8.37352374815992,"ROM",0,0,NA,0,0,0,0,NA,NA,NA,0,NA,NA,NA,NA,2
"ITEM510DDBENEFUL_ROM","Dry Dog","DeMoulas","DD BENEFUL 48LB",-1.30544429289317,0,0,0,0,4.63236777479179,0,9.95439408937889,0,0,0,0,0,0,0,0,0,9.99303952585263,"ROM",0,0,NA,0,0,0,0,NA,NA,NA,0,NA,NA,NA,NA,1
"ITEM514DDMOISTANDMEATY_Retailer","Dry Dog","DeMoulas","DD MOIST AND MEATY 072OZ",-0.210479569534878,0.471285632344643,-0.269554327324108,-0.264177998628446,2.44434523370439,0,0,0,0.535418233994042,-0.0130101322425129,0,0,0,0,0,0,0,3.71859870707479,"Retailer",0,0,NA,0,0,0,0,NA,NA,NA,0,NA,NA,NA,NA,2
"ITEM514DDMOISTANDMEATY_ROM","Dry Dog","DeMoulas","DD MOIST AND MEATY 072OZ",-0.109005681570522,0,0,0,0,0,0,0,0.634950214889454,0,0,0.00506213020799323,0,0,0,0,0,6.72650715715803,"ROM",0,0,NA,0,0,0,0,NA,NA,NA,0,NA,NA,NA,NA,2
"ITEM530DDBEYONDSMBRDSPRFOOD_ROM","Dry Dog","DeMoulas","DD BEYOND SM-BRD/SPR FOOD 03-4LB",0,0,0,0,0,0,0,0,0.994613628005913,0,0,0,0,0,0.0220556301050734,0,0,2.07881031449681,"ROM",0,0,NA,0,0,0,0,NA,NA,NA,0,NA,NA,NA,NA,1
"ITEM53ALPOVARIETYSNAPSCR_Retailer","Dog Treats","DeMoulas","DT ALPO VARIETY SNAPS CR 32OZ",-1.69798712113831,0.565330799909284,-0.59155467743162,-0.499122463561515,5.07406309031899,0,0,0,0.306837122376798,0,0,0,0.0679619286002848,0,0,0,-1.98761454497824,3.17965292245292,"Retailer",0,0,0,0,0,0,0,0,0,0,0,0,NA,NA,NA,2
"ITEM53ALPOVARIETYSNAPSCR_ROM","Dog Treats","DeMoulas","DT ALPO VARIETY SNAPS CR 32OZ",-1.82746878599818,2.93711806898966,0,-0.439580454553316,2.65756425770614,0,9.98070702382521,0,0.572606778352686,0,0,0,0,0,0,0,-0.0839466084843485,8.03151894072295,"ROM",0,0,0,0,0,0,0,0,0,0,0,0,NA,NA,NA,2
"ITEM558DDPURINAONETRUINSTGF_ROM","Dry Dog","DeMoulas","DD PURINA ONE TRU INST GF 12.5LB",-2.5,0,0,0,0,0,0,0,-6.49192944816799,0,0,0,0,0,0,0,0,18.516945131744,"ROM",0,0,NA,0,0,0,0,NA,NA,NA,0,NA,NA,NA,NA,1
"ITEM559DDPURINAONETRUINST_ROM","Dry Dog","DeMoulas","DD PURINA ONE TRU INST 15LB",-1.22528016617508,1.34863848310006,0,0,3.16876919697176,0.456263545418837,0,0,0.131970464120545,0,0,0,0,0,0,0,0,9.18746110788078,"ROM",0,0,NA,0,0,0,0,NA,NA,NA,0,NA,NA,NA,NA,2
"ITEM561DDMOISTANDMEATY_ROM","Dry Dog","DeMoulas","DD MOIST AND MEATY 360OZ",-0.506227202860218,0,0,0,0,0,0.389291318768032,0,0.0799079446746979,0,0,0,0,0,0,0,0,6.37367349622968,"ROM",0,0,NA,0,0,0,0,NA,NA,NA,0,NA,NA,NA,NA,1
"ITEM562DDMOISTANDMEATY_ROM","Dry Dog","DeMoulas","DD MOIST AND MEATY 216OZ",-0.971743848861593,0,0,0,0,1.36968457562908,0,0,0.714451764415309,0,0,0,0.00881720776395124,0,0,0,0,7.53023044224189,"ROM",0,0,NA,0,0,0,0,NA,NA,NA,0,NA,NA,NA,NA,2
"ITEM578DDPURINAONETRUINST_ROM","Dry Dog","DeMoulas","DD PURINA ONE TRU INST 36LB",-2.28261450674383,0.232594739713408,0,0,0,3.59625187549119,0,0,0,0,0,0,0,0,0,0,0,13.2027303496726,"ROM",0,0,NA,0,0,0,0,NA,NA,NA,0,NA,NA,NA,NA,1
"ITEM593DDPURINAONEML_ROM","Dry Dog","DeMoulas","DD PURINA ONE ML 40LB",-0.80079606233157,1.57989613220753,0,-0.256378888505488,0,1.43665926910089,0,0,1.25394487328998,0,0,0,0,0,0,0,0,7.66810323121812,"ROM",0,0,NA,0,0,0,0,NA,NA,NA,0,NA,NA,NA,NA,2
"ITEM595DDDOGCHOWGREENBG_ROM","Dry Dog","DeMoulas","DD DOG CHOW GREEN BG 04.4LB",-2.5,0,-1.51772725269339,-3.47801395427297,7.14707798895914,0,10,10,-2.82137619103048,0,0,0,0,0,0,0,0,11.2656893892903,"ROM",0,0,NA,0,0,0,0,NA,NA,NA,0,NA,NA,NA,NA,1
"ITEM598DDPURINAONEML_ROM","Dry Dog","DeMoulas","DD PURINA ONE ML 31.1LB",-0.861726505565789,0,0,0,0,0.360533399477615,0,0,0.493437995622087,0,0,0,0,0,0,0,0,8.68063128618839,"ROM",0,0,NA,0,0,0,0,NA,NA,NA,0,NA,NA,NA,NA,2
"ITEM598PRIMEBONESCW_ROM","Dog Treats","DeMoulas","DT PRIME JERKY  MT 05OZ",-2.5,8.13753409566016,0,0,0,10,0,0,0,0,0,0,0,0,0,0,0,7.01143762869047,"ROM",0,0,0,0,0,0,0,0,0,0,0,0,NA,NA,NA,1
"ITEM5CTFRISKIESPARTYMIXCR_Retailer","Cat Treats","DeMoulas","CT FRISKIES PARTY MIX/NAT YUM CR 02.1OZ",-2.14462832987012,3.12194337947648,-2.24202222253987,0,4.9887705586181,0,0,0,0.465789128372549,0,0,0.155839128640677,0,0,0,0,0,4.38785954391185,"Retailer",NA,NA,NA,NA,NA,NA,NA,NA,NA,NA,NA,NA,NA,NA,NA,2
"ITEM5CTFRISKIESPARTYMIXCR_ROM","Cat Treats","DeMoulas","CT FRISKIES PARTY MIX/NAT YUM CR 02.1OZ",-0.707643998572194,0,0,0,0.518187264723102,0.452706249762708,1.25993654052632,0,0.328211364184428,-0.0415617400962486,-0.0245265917781221,0.00907771081333961,0,0,0,0,0,9.30641009180499,"ROM",NA,NA,NA,NA,NA,NA,NA,NA,NA,NA,NA,NA,NA,NA,NA,2
"ITEM60004CWFANCYFEASTML_ROM","Wet Cat","DeMoulas","CW FANCY FEAST ML 03OZ  12CT",0,0,-9.77618795972246,-2.70069230281057,10,0,10,0,0,0,0,0,0,0,NA,NA,0,4.00323700438002,"ROM",0,0,NA,0,0,NA,NA,NA,NA,NA,0,0,NA,NA,0,1
"ITEM60048CWFRISKIESPREMIUM_ROM","Wet Cat","DeMoulas","CW FRISKIES PREMIUM 03.5OZ",0,2.09721220362932,0,0,6.5252014224366,0,0,0,0,0,0,0,0,0,NA,NA,0,6.3011573292373,"ROM",0,0,NA,0,0,NA,NA,NA,NA,NA,0,0,NA,NA,0,2
"ITEM60078CWPURINAONETRUINST_ROM","Wet Cat","DeMoulas","CW PURINA ONE TRU INST 03OZ 12CT",0,6.61849947547661,-6.92286636147615,0,10,10,0,0,0,0,0,0,0,0,NA,NA,0,3.33328405639635,"ROM",0,0,NA,-2.40673791331354,0,NA,NA,NA,NA,NA,0,0,NA,NA,0,1
"ITEM600DDPURINAONEML_ROM","Dry Dog","DeMoulas","DD PURINA ONE ML 08LB",-1.31470612330954,0,0,0,2.256269850516,0,0,0,0.476983277095793,0,0,0,0.00239291442830434,0,0,0,0,9.65972465324117,"ROM",0,0,NA,0,0,0,0,NA,NA,NA,0,NA,NA,NA,NA,2
"ITEM601DDPURINAONEML_ROM","Dry Dog","DeMoulas","DD PURINA ONE ML 44LB",-0.365885337651827,0,0,0,0,4.17627412120394,6.39537981983709,0,0,0,0,0,0,0,0,0,0,6.75505704338357,"ROM",0,0,NA,0,0,0,0,NA,NA,NA,0,NA,NA,NA,NA,1
"ITEM603DTALPODT_ROM","Dog Treats","DeMoulas","DT ALPO DT 21OZ",-1.31061352010603,0,-0.419798066446469,0,0,0,0,0,0,0,0,0,0,0,0,0,0,7.67265191281531,"ROM",0,0,0,0,0,0,0,0,0,0,0,0,NA,NA,NA,1
"ITEM605DTALPOVARIETYSNAPSCR_ROM","Dog Treats","DeMoulas","DT ALPO VARIETY SNAPS CR 60OZ",-2.5,0,0,0,10,0,0,0,0,0,0,0,0,0,0,0,0,7.67376071730666,"ROM",0,0,0,0,0,0,0,0,0,0,0,0,NA,NA,NA,1
"ITEM606DDDOGCHOWGREENBG_ROM","Dry Dog","DeMoulas","DD DOG CHOW GREEN BG 48-55LB",-2.5,0,-7.00772572564376,-2.03310692145219,10,10,10,0,0,0,0,0,0,0,0,0,0,12.3111301619136,"ROM",0,0,NA,0,0,0,0,NA,NA,NA,0,NA,NA,NA,NA,1
"ITEM606DTALPOVARIETYSNAPSCR_ROM","Dog Treats","DeMoulas","DT ALPO VARIETY SNAPS CR 16OZ",0,0,-2.72267620542644,0,0,0,0,0,0,0,0,0,-0.0312593732638296,0,0,0,-0.261845088323244,6.36449108612916,"ROM",0,0,0,-1.93596046850615,-0.264292786508561,-0.53422884274527,-2.14488760919719,-0.454132370271325,0,0,-2.51165330248956,0,NA,NA,NA,1
"ITEM607DTTBONZMT_ROM","Dog Treats","DeMoulas","DT T BONZ MT 40OZ",0,0,0,0,0,0,0,0,0,0,0,0,0,0,0,0,0,4.4851697250473,"ROM",0,0,0,0,0,0,0,0,0,0,0,0,NA,NA,NA,1
"ITEM608DTTBONZMT_ROM","Dog Treats","DeMoulas","DT T BONZ MT 10OZ",-2.5,1.60057519584145,0,0,0,10,0,0,0,0,0,0,0,0,0,0,0,5.99283538462203,"ROM",0,0,0,0,0,0,0,0,0,0,0,0,NA,NA,NA,1
"ITEM610DTALPOTWISTABLESMT_ROM","Dog Treats","DeMoulas","DT ALPO TWIST-ABLES MT 05.5OZ",-0.014290387975321,1.25633306886926,0,-0.479802075401851,0,0,0,0,0.146052245597637,0,0,0,0,1,0,0,0,-5.8053033358957,"ROM",1,1,1,-3.93201763451065,0,0,0,0,0,0,0,0,NA,NA,NA,1
"ITEM611DTBEGGINFUNSIZEMT_ROM","Dog Treats","DeMoulas","DT BEGGIN FUN SIZE MT 01.3OZ",-2.5,0,-2.46443138903525,-4.78082619308768,0,0,0,0,0,0,0,0,0,0,0,0,0,4.96611364957894,"ROM",0,0,0,0,0,0,0,0,0,0,0,0,NA,NA,NA,1
"ITEM612DTBEGGINMT_ROM","Dog Treats","DeMoulas","DT BEGGIN MT 03OZ",-1.32809838320182,2.28410225682383,-0.521528096829943,-0.283956583664213,0,0,0,0,1.15285465329763,0,0,0,-0.0317886445792998,0.249882108317686,0,0,-0.208766989378818,4.83207640860236,"ROM",0,0,0,-1.05727231487133,-0.788280099175058,-0.0717679678813086,-0.502286790877118,0,0,0,-0.282560939427425,-1.06532204155435,NA,NA,NA,1
"ITEM613DTBEGGINMT_ROM","Dog Treats","DeMoulas","DT BEGGIN MT 08.5-9OZ",0,2.73374208607698,0,0,0,0,0,0,0.523056422641411,0,0,0,0.0199696755664826,0,1,0.81957791411027,0,-2.06475872214491,"ROM",0,0,0,-0.427081961052895,-2.42796127668911,-0.88313361031236,-0.779768950797338,-2.89041237007038,-0.847339794063132,1,0,0,NA,NA,NA,1
"ITEM614DTBEGGINMT_ROM","Dog Treats","DeMoulas","DT BEGGIN MT 40OZ",-2.59709297219334,2.32278712751992,-0.683705210296951,0,0,0,0.580230447972676,2.97000523315098,0.986510447118272,0,0,0,0.0148804630054892,0,0,0,0,12.300754550126,"ROM",0,0,0,0,0,0,0,0,0,0,0,0,NA,NA,NA,2
"ITEM615DDPURINAONETRUINSTHIPRO_ROM","Dry Dog","DeMoulas","DD PURINA ONE TRU INST HI-PRO 15LB",0,0,0,0,0,3.3412822953974,0,0,0.570593582008645,0,0,-0.0626256452179546,0.0286536905121263,0,0,0,0,4.46006431651401,"ROM",0,0,NA,0,0,0,0,NA,NA,NA,0,NA,NA,NA,NA,2
"ITEM617DDPURINAONETRUINSTHIPRO_ROM","Dry Dog","DeMoulas","DD PURINA ONE TRU INST HI-PRO 27.5LB",0,3.48560503841808,0,0,0,0,0,0,0,0,0,0,0.00664184638335019,0,0,0,0,3.23260585796298,"ROM",0,0,NA,0,0,0,0,NA,NA,NA,0,NA,NA,NA,NA,1
"ITEM617DTBEGGINMT_ROM","Dog Treats","DeMoulas","DT BEGGIN MT 32OZ 2CT",-2.5,3.42399570286718,-0.0469848106768336,-0.609653768326099,0,2.55442235019038,2.2298909547245,5.64856674030235,0.527123539736586,0,0,0,0,0.114741126878055,0.0231413251463768,0.386311404290363,0,8.68206965056961,"ROM",1,0,0,-0.760858726602955,0,0,0,0,0,0.690153565967236,0,0,NA,NA,NA,1
"ITEM618DTBENEFULBAKEDCR_ROM","Dog Treats","DeMoulas","DT BENEFUL BAKED CR 19.5-22OZ",-0.948615720069555,0,0,0,0,0,0,0,0,0,0,0,0,0,0,0,0,7.31253531131281,"ROM",0,0,0,0,0,0,0,0,0,0,0,0,NA,NA,NA,1
"ITEM619DTBENEFULBAKEDCR_ROM","Dog Treats","DeMoulas","DT BENEFUL BAKED CR 32-36OZ",0,0,0,0,10,0,0,0,0,0,0,0,0,0,0,0,0,3.05622998855454,"ROM",0,0,0,0,0,0,0,0,0,0,0,0,NA,NA,NA,1
"ITEM61BUSYTWISTEDCW_Retailer","Dog Treats","DeMoulas","DT BUSY TWISTED CW 05.3-7OZ",-0.138656619561651,0.977470043468955,-0.209984183827074,-0.256713127183077,2.32699802781291,0,0,0,0.217429203641425,0,0,0.00872102377061544,0,0,0,0,0,3.934029368697,"Retailer",0,0,0,0,0,0,0,0,0,0,0,0,NA,NA,NA,2
"ITEM61BUSYTWISTEDCW_ROM","Dog Treats","DeMoulas","DT BUSY TWISTED CW 05.3-7OZ",-1.26071421546568,0.898492684467717,0,-0.563436350250864,1.73194465333942,0,0,0,0.701742858684771,0,0.0152445327624608,0.0351329113417544,-0.0118401464286529,0,0,0,0,7.15338575486267,"ROM",0,0,0,0,0,0,0,0,0,0,0,0,NA,NA,NA,2
"ITEM620DTBENEFULBAKEDCR_ROM","Dog Treats","DeMoulas","DT BENEFUL BAKED CR 08.5-9.5OZ",-0.637791317434026,0,-1.35413993764076,-2.63906208963542,10,0,0,0,0,0,0,0,0,0,0,0,0,5.46965790022059,"ROM",0,0,0,0,0,0,0,0,0,0,0,0,NA,NA,NA,1
"ITEM642DDPURINAONEMLTRGTD_Retailer","Dry Dog","DeMoulas","DD PURINA ONE ML TRGTD 16.5LB",-1.65253682180571,0.762828871643801,0,0,3.61915196923214,0,0,0,0.554331391583311,0,0,0,0,0,0,0,0,7.70685798360921,"Retailer",0,0,NA,0,0,0,0,NA,NA,NA,0,NA,NA,NA,NA,2
"ITEM642DDPURINAONEMLTRGTD_ROM","Dry Dog","DeMoulas","DD PURINA ONE ML TRGTD 16.5LB",-0.326400351008959,0,0,0,0,0.0572411849907937,0,9.87934245768389,0.910323481655886,0,-0.0354935116584286,-0.0157520295693528,0.0031223350021205,0,0,0,0,7.13384760715096,"ROM",0,0,NA,0,0,0,0,NA,NA,NA,0,NA,NA,NA,NA,2
"ITEM643DDPURINAONEMLTRGTD_ROM","Dry Dog","DeMoulas","DD PURINA ONE ML TRGTD 07.4-8LB",0,0,0,0,2.08621587137924,0.441858368980692,1.37158283098521,0.677252653546226,0.682493704809271,-0.0245568422695448,0,-0.0992647455684923,0.0102615259809821,0,0,0,0,5.53178915663925,"ROM",0,0,NA,0,0,0,0,NA,NA,NA,0,NA,NA,NA,NA,2
"ITEM654DDDOGCHOWHIPROTEIN_ROM","Dry Dog","DeMoulas","DD DOG CHOW HI PROTEIN 20LB",0,2.29264047706242,0,-1.23656903370425,0,10,0,0,1.94280717106449,0,0,0,0.00180252062053984,0,0,0,0,1.00255560125493,"ROM",0,0,NA,0,0,0,0,NA,NA,NA,0,NA,NA,NA,NA,1
"ITEM656DTBUSYCW_ROM","Dog Treats","DeMoulas","DT BUSY CW 06.5-7OZ",-1.29286124857786,0.483901551922059,-0.0426225981988578,-0.399323824142498,0,0,7.89408685975195,0,0.883201687825233,0.0943081506962614,0.0471250404170836,0,0.0141188344991389,0,0,0,0,7.9541271266675,"ROM",0,0,0,0,0,0,0,0,0,0,0,0,NA,NA,NA,2
"ITEM657DDPURINAONEMLTRGTD_ROM","Dry Dog","DeMoulas","DD PURINA ONE ML TRGTD 15LB",0,0,-0.013039045726896,-0.517574301700156,0,10,0,0,1.47741854200809,0,0,0,0,0,0,0,0,0.332800254291422,"ROM",0,0,NA,0,0,0,0,NA,NA,NA,0,NA,NA,NA,NA,1
"ITEM657DTBUSYCW_ROM","Dog Treats","DeMoulas","DT BUSY CW 17-21OZ",-1.05521035561175,0,0,0,0,0.0281612133992359,0.131251876707912,0,0.854542994740383,0,0,-0.0520845369164718,0.00440448612830489,0,0,0,0,8.84010277132411,"ROM",0,0,0,0,0,0,0,0,0,0,0,0,NA,NA,NA,2
"ITEM658DTBUSYCW_ROM","Dog Treats","DeMoulas","DT BUSY CW 35OZ",0,0.500676480556801,-0.324805625208438,-0.451323676503041,8.83587292289984,0,0,0,0.547092382354322,0,0,0,0.0204051324601765,0,0,0,0,3.77952533036047,"ROM",0,0,0,0,0,0,0,0,0,0,0,0,NA,NA,NA,1
"ITEM65TBONZMT_Retailer","Dog Treats","DeMoulas","DT T BONZ MT 04.5OZ",-0.518061195462636,1.95509884080572,0,0,2.2633682640461,0,0,0,0.565742596917108,0,0,0.0465879508415132,0.00392966508716568,0,0,0,0,3.30316321760749,"Retailer",0,0,0,0,0,0,0,0,0,0,0,0,NA,NA,NA,2
"ITEM65TBONZMT_ROM","Dog Treats","DeMoulas","DT T BONZ MT 04.5OZ",0,2.98203321781179,0,0,0,10,0,0,0,0,0,0,-0.000588035631342304,0,0.153150899997883,0.45240380054372,0,6.84946661015076,"ROM",0,0,0,-0.655193859472231,0,0,0,0,0,0,0,0,NA,NA,NA,1
"ITEM660DTBUSYCW_ROM","Dog Treats","DeMoulas","DT BUSY CW 01.2-1.7OZ",0,0,-1.31400196238069,-2.08750325637166,0,0,0,0,0,0,0,0,-0.0248567867049803,0,0,0,0,5.34657699801185,"ROM",0,0,0,0,0,0,0,0,0,0,0,0,NA,NA,NA,1
"ITEM661DTBUSYCWNOLACW_ROM","Dog Treats","DeMoulas","DT BUSY CWNOLA CW 20OZ",-0.881826331872565,0.148930826787679,0,0,10.557482254791,0,2.72323703017646,0,0,0,0,0,0,0,0,0,0,5.85214379332917,"ROM",0,0,0,0,0,0,0,0,0,0,0,0,NA,NA,NA,2
"ITEM662DTBUSYTWISTSCW_ROM","Dog Treats","DeMoulas","DT BUSY TWISTS CW 06.5OZ",-1.81681081082206,5.35652186209994,-6.17873827279853,0,0,0,0,0,0,0,0,0,0,0.416687411994552,0,0,-2.64264113699159,8.49772371294511,"ROM",0,0,0,0,0,0,0,0,0,0,-0.550892097488006,-0.745343926107235,NA,NA,NA,1
"ITEM663DTBUSYWRAPSCW_ROM","Dog Treats","DeMoulas","DT BUSY WRAPS CW 07.8OZ",-1.31510803246367,0,0,-0.134059322929261,3.24692133987442,3.05697130865992,10,0,0,0,0,0,0,0,0,0,0,7.98793755784583,"ROM",0,0,0,0,0,0,0,0,0,0,0,0,NA,NA,NA,1
"ITEM664DDDOGCHOWHIPROTEIN_ROM","Dry Dog","DeMoulas","DD DOG CHOW HI PROTEIN 13LB",0,0,0,0,0,10,0,0,0.186713259578826,0,0,0,0.0332284849883984,0,0,0,0,2.68806908295396,"ROM",0,0,NA,0,0,0,0,NA,NA,NA,0,NA,NA,NA,NA,1
"ITEM664DTBUSYRIBHIDECW_ROM","Dog Treats","DeMoulas","DT BUSY RIB HIDE CW 17.5OZ",-2.5,0,0,0,0,0,0,0,0.607651204617986,0,0,0,0,0,0.973990056544442,0,0,9.47467125306685,"ROM",0,0,0,-6.94634853330489,0,0,0,0,0,0,0,0,NA,NA,NA,1
"ITEM665DTBUSYRIBHIDECW_ROM","Dog Treats","DeMoulas","DT BUSY RIB HIDE CW 08.8OZ",-2.07467782809061,0,0,0,0,0,0,0,0.593022402574504,-0.204789519868238,-0.061333376970177,0,-0.0111294470812684,0,0,0,0,9.4423524936118,"ROM",0,0,0,-0.613149765607131,0,0,0,0,0,0,0,0,NA,NA,NA,2
"ITEM666DTBUSYROLLHIDECW_ROM","Dog Treats","DeMoulas","DT BUSY ROLLHIDE CW 12OZ",-0.968706483161592,1.86829192975612,0,0,5.61685014773152,0,0.79913433083476,0,0.530213951969555,0,0,0,0,0,0,0,0,5.96807647955349,"ROM",0,0,0,0,0,0,0,0,0,0,0,0,NA,NA,NA,2
"ITEM667DTBUSYROLLHIDECW_ROM","Dog Treats","DeMoulas","DT BUSY ROLLHIDE CW 20OZ",-0.66997499640332,2.25970509522544,-0.0526835774192411,0,0,0,4.0602005986982,0,0.113523321309125,0,0,0,0,0.0150098272259711,0,0,0,7.1353740049707,"ROM",0,0,0,0,0,0,0,0,0,0,0,0,NA,NA,NA,1
"ITEM668DTBUSYROLLHIDECW_ROM","Dog Treats","DeMoulas","DT BUSY ROLLHIDE CW 04-6OZ",-0.389226948177494,0,-1.66520523801307,0,2.67556121197979,0,1.62184418867631,0,0.631156608582044,-0.011888766210815,-0.0395793361561797,0,-0.0114707639590908,0,0,0,0,6.08537555403334,"ROM",0,0,0,0,0,0,0,0,0,0,0,0,NA,NA,NA,2
"ITEM669DTBUSYTWISTEDCW_ROM","Dog Treats","DeMoulas","DT BUSY TWISTED CW 20.2-21OZ",-0.931715022741124,0,0,0,0,0,1.08489921885923,0,0.69577573679293,0,0,0,0,0,0,0,0,7.87654084557835,"ROM",0,0,0,0,0,0,0,0,0,0,0,0,NA,NA,NA,2
"ITEM66ALPODT_Retailer","Dog Treats","DeMoulas","DT ALPO DT 08.8OZ",-0.189963824035231,1.87518092051345,-0.324406154529685,-0.395206736447274,1.65351275245854,0,0,0,0.0779310239554087,-0.0180690516030195,0,0,0,0,0,0,0,4.48858289293887,"Retailer",0,0,0,0,0,0,0,0,0,0,0,0,NA,NA,NA,2
"ITEM66ALPODT_ROM","Dog Treats","DeMoulas","DT ALPO DT 08.8OZ",0,0,-0.938476792331385,-0.91891405557067,0,10,0,0,0,0,0,0,0,0,0.604649598109239,0,0,4.40592900705313,"ROM",0,0,0,0,0,0,0,0,0,0,0,0,NA,NA,NA,1
"ITEM670DTBUSYTWISTEDCW_ROM","Dog Treats","DeMoulas","DT BUSY TWISTED CW 36OZ",-0.720427630429374,0,0,0,0,0.826481507164006,0,0,0.598132798531609,0,0,0,0,0,0,0,0,7.10247160941882,"ROM",0,0,0,0,0,0,0,0,0,0,0,0,NA,NA,NA,2
"ITEM671DTBUSYTWISTEDCW_ROM","Dog Treats","DeMoulas","DT BUSY TWISTED CW 50.5OZ",0,0,-1.5223476501557,-0.495473380218501,0,0,0,0,0,0,0,0,-0.322847363694229,0,0,0,0,6.98988070609141,"ROM",0,0,0,0,0,0,0,0,0,0,0,0,NA,NA,NA,1
"ITEM673DTCNPGOODBUDDYMT_ROM","Dog Treats","DeMoulas","DT C&P GOOD BUDDY MT 04.5-5OZ",0,1.99393948950021,-0.425598163324365,-1.83352156985136,0,0,0,0,0,0,0,0,0,0.663106735723779,0.401301626210192,0.0779958865136692,0,2.66878223794173,"ROM",0,0,0,-6.53493560069903,0,0,0,0,0,0,0,0,NA,NA,NA,1
"ITEM674DTCNPORGANIXCR_ROM","Dog Treats","DeMoulas","DT C&P ORGANIX CR 12OZ",0,0.178855063970426,-3.86500908535119,-2.13639140938113,0,0,10,0,0,0,0,0,-0.249935469574176,1,0,0,-2.88340937034566,5.58747046566689,"ROM",0,0,0,-1.46049684675296,-5.78272974388862,0,0,0,0,0,-0.783181741361649,0,NA,NA,NA,1
"ITEM683DDPURINAONEMLTRGTD_ROM","Dry Dog","DeMoulas","DD PURINA ONE ML TRGTD 31.1LB",0,0,-0.156789069627285,0,0,1.99618215152908,0,1.21094434590554,0,0,0,0,0,0,0,0,0,5.5161340463141,"ROM",0,0,NA,0,0,0,0,NA,NA,NA,0,NA,NA,NA,NA,1
"ITEM684DDDOGCHOWHIPROTEIN_ROM","Dry Dog","DeMoulas","DD DOG CHOW HI PROTEIN 03.5LB",-2.5,2.191979438505,-0.507463558257677,-3.75751934386325,0,0,0,0,-5.24604396341221,0,0,0,-0.0293825303584019,0,0,0,0,12.9771230025216,"ROM",0,0,NA,0,0,0,0,NA,NA,NA,0,NA,NA,NA,NA,1
"ITEM689DDPURINAONETRUINSTBNB_ROM","Dry Dog","DeMoulas","DD PURINA ONE TRU INST B&B 15LB",-1.9749742335678,3.36124141881762,-0.393813723110944,-3.29512430186788,0,0,0,0,-6.59550901541078,0,0,0,0,1,1,1,0,10.1246734519556,"ROM",0,0,NA,-24.8339340792828,-10.775215795182,0,0,NA,NA,NA,0,NA,NA,NA,NA,1
"ITEM691DTDENTALIFEACTIVEFRESHDT_ROM","Dog Treats","DeMoulas","DT DENTALIFE ACTIVEFRESH DT 24.1OZ",-1.2849366265898,0.11435013977053,-1.50563859673623,-2.29800222761071,0,5.64202903703915,0,0,0.241722813110635,0,0,0,-0.0028109518778177,0,0,0,0,8.43122911285597,"ROM",0,0,0,0,0,0,0,0,0,0,0,0,NA,NA,NA,1
"ITEM692DTDENTALIFEACTIVEFRESHDT_ROM","Dog Treats","DeMoulas","DT DENTALIFE ACTIVEFRESH DT 06.1-7.2OZ",-1.5289490196563,1.35047538036314,-0.263899850565869,-0.231346850557975,3.95124598945987,0,0,0,0.375760038523844,0,0,0,-0.0109767564416436,0,0,0,0,7.71353866631999,"ROM",0,0,0,0,0,0,0,0,0,0,0,0,NA,NA,NA,1
"ITEM694DTDENTALIFEACTIVEFRESHDT_ROM","Dog Treats","DeMoulas","DT DENTALIFE ACTIVEFRESH DT 16.9OZ",-2.5,1.67312838605064,0,-0.836584317789206,0,10,0,0,0,0,0,0,-0.00412744422473761,0,0,0,0,9.13878304880416,"ROM",0,0,0,0,0,0,0,0,0,0,0,0,NA,NA,NA,1
"ITEM695DTDENTALIFEACTIVEFRESHDT_ROM","Dog Treats","DeMoulas","DT DENTALIFE ACTIVEFRESH DT 15.5OZ",-0.0747576855524789,1.38634781590364,0,-0.0727520148568074,0,0,0,0,0,0,0,0,-0.0218267470777049,0,0,0,0,5.12178415405663,"ROM",0,0,0,0,0,0,0,0,0,0,0,0,NA,NA,NA,1
"ITEM696DDPURINAONEMLPUPPY_ROM","Dry Dog","DeMoulas","DD PURINA ONE ML PUPPY 03LB",0,0,0,0,0,0,0,0,0,0,0,0,0.122916741057947,0,0,0,0,0.948598778963381,"ROM",0,0,NA,0,0,0,0,NA,NA,NA,0,NA,NA,NA,NA,1
"ITEM696DTDENTALIFEDT_ROM","Dog Treats","DeMoulas","DT DENTALIFE DT 17.1-20.7OZ",-1.25436619863537,0,0,0,0,0.332446290858817,0,0,0.21683018100126,0,0,0,0.000514929096689003,0.52851700914133,0.447221866661761,0,-0.241092549627262,7.22394494741204,"ROM",0.0433195941187173,0,0,0,0,0,0,0,0,0,0,0,NA,NA,NA,1
"ITEM69CTWHISKERLICKINSCR_ROM","Cat Treats","DeMoulas","CT WHISKER LICKINS CR 10OZ",-0.213924183691543,0,0,0,7.19593687830514,0.882097633672085,0,0,0,0,0,0,0,0,0,0,0,4.77361055972304,"ROM",NA,NA,NA,NA,NA,NA,NA,NA,NA,NA,NA,NA,NA,NA,NA,1
"ITEM6BEYONDGRFR_Retailer","Dry Cat","DeMoulas","DC BEYOND GR FR 03LB",-0.736670301098723,3.12639780798582,0,0,3.70165010208255,0,0,0,0.353149733410515,0,0,0,0,0,0,0,0,4.32189134356581,"Retailer",0,0,NA,0,0,0,0,0,NA,0,0,0,0,0,0,2
"ITEM6BEYONDGRFR_ROM","Dry Cat","DeMoulas","DC BEYOND GR FR 03LB",-1.75538315550596,0,0,0,2.17613965496838,0,0,0,0.195087079010439,0.0241801522838915,-0.0333610705853468,0,0,0,0,0,-0.346274194394465,10.1274148078476,"ROM",0,0,NA,0,0,0,0,0,NA,0,0,0,0,0,0,2
"ITEM6CWBEYOND_Retailer","Wet Cat","DeMoulas","CW BEYOND 03OZ",-1.44055610293098,3.68697339560164,-1.60596150553034,-2.08599707939324,2.86468361764609,0,0,0,0.922470148510348,-0.156033577720331,-0.306938252739937,-0.320288004300654,0.0310556005846705,0,NA,NA,0,4.63170554004427,"Retailer",0,0,NA,0,0,NA,NA,NA,NA,NA,0,0,NA,NA,0,2
"ITEM6CWBEYOND_ROM","Wet Cat","DeMoulas","CW BEYOND 03OZ",-2.44818315334129,0,0,0,1.71249662662484,1.05691967836411,0,0,0.343662557230123,-0.159601311557896,-0.149976778202903,-0.129907446377777,0.011479908523126,0,NA,NA,-0.419121758201802,8.57392970392301,"ROM",0,0,NA,0,0,NA,NA,NA,NA,NA,0,0,NA,NA,0,2
"ITEM70CTWHISKERLICKINSCR_ROM","Cat Treats","DeMoulas","CT WHISKER LICKINS CR 04OZ",0,0.909990294866991,0,-1.10760670873979,7.8816483539639,0,0,0,0,0,0,0,0,0,0,0,0,4.61949072539899,"ROM",NA,NA,NA,NA,NA,NA,NA,NA,NA,NA,NA,NA,NA,NA,NA,1
"ITEM751DDBENEFUL_ROM","Dry Dog","DeMoulas","DD BENEFUL 28LB",0,0,0,0,0,0.186982203438493,0,0,0.0342614817692554,0,0,0,0,0.321443037713671,0.656680814700887,0.194354615252526,0,1.00643269465557,"ROM",0.344409083464002,0.205977724777401,NA,0,0,0,0,NA,NA,NA,0,NA,NA,NA,NA,1
"ITEM752DDALPO_ROM","Dry Dog","DeMoulas","DD ALPO 16LB",-2.5,0,-1.19484826491145,-3.12942349747013,0,10,0,0,-7.40303167745771,0,0,0,-0.0606914599985841,0,0,0,0,18.4763361530368,"ROM",0,0,NA,0,0,0,0,NA,NA,NA,0,NA,NA,NA,NA,1
"ITEM753DDALPO_ROM","Dry Dog","DeMoulas","DD ALPO 28-31LB",0,0,0,-1.00270026636648,0,10,0,0,0.286753904825957,0,0,0,0,0,0,0,0,3.70198589079093,"ROM",0,0,NA,0,0,0,0,NA,NA,NA,0,NA,NA,NA,NA,1
"ITEM755DDBENEFULPREMIUM_ROM","Dry Dog","DeMoulas","DD BENEFUL PREMIUM 03LB",0,0.616933670641599,-0.581391755290973,0,0,10,0,0,-6.22937283078314,0,0,0,0,0,0,0,0,9.83336544990605,"ROM",0,0,NA,0,0,0,0,NA,NA,NA,0,NA,NA,NA,NA,1
"ITEM756DDBENEFULPREMIUM_ROM","Dry Dog","DeMoulas","DD BENEFUL PREMIUM 03.3-4.5LB",-2.5,0,0,0,0,0,0,0,-0.426651637274587,0,0,0,0,1,1,1,0,5.89890119328024,"ROM",0,0,NA,-1.04326152988292,-2.23934707614173,-1.06223293206334,0,NA,NA,NA,0,NA,NA,NA,NA,1
"ITEM757DDBENEFUL_ROM","Dry Dog","DeMoulas","DD BENEFUL 12LB",-1.18803397063296,1.45465348949629,-0.029221050919908,-0.820857868827462,0,3.68242015204788,0,0,0,0,0,0,0,0,0.405155414882081,0,0,7.64036245242523,"ROM",0,0,NA,-0.64772410286312,-1.11496352452522,0,0,NA,NA,NA,0,NA,NA,NA,NA,1
"ITEM758DDBENEFUL_Retailer","Dry Dog","DeMoulas","DD BENEFUL 14LB",-2.43033125559677,2.87589834667422,0,0,3.86949026143277,0,0,0,0,0,0,0,0,0,0,0,0,9.83355318094885,"Retailer",0,0,NA,0,0,0,0,NA,NA,NA,0,NA,NA,NA,NA,2
"ITEM758DDBENEFUL_ROM","Dry Dog","DeMoulas","DD BENEFUL 14LB",-1.34321140797874,0,0,0,0,0.0786030067486957,0,3.88054626336286,0.804334136521983,0,0,0,0,0,0,0,-0.0939556426911016,10.7608673554564,"ROM",0,0,NA,0,0,0,0,NA,NA,NA,0,NA,NA,NA,NA,2
"ITEM759DDBENEFUL_Retailer","Dry Dog","DeMoulas","DD BENEFUL 03.5LB",-2.43033125559677,8.34493294106282,0,0,5.7751947319848,0,0,0,0,0,0,0,0,0,0,0,-4.79491799517577,5.92292311290906,"Retailer",0,0,NA,0,0,0,0,NA,NA,NA,0,NA,NA,NA,NA,1
"ITEM759DDBENEFUL_ROM","Dry Dog","DeMoulas","DD BENEFUL 03.5LB",-2.22054974235235,0.816485119587345,-3.14471481510319,-2.53799315197103,4.11998386918069,0.138899299059236,0.41857855007562,0,0.471951229742294,0,0,0,-0.00183775679779964,0,0,0,0,9.63224549471967,"ROM",0,0,NA,0,0,0,0,NA,NA,NA,0,NA,NA,NA,NA,2
"ITEM760DDBENEFUL_ROM","Dry Dog","DeMoulas","DD BENEFUL 40LB",-0.811760461128003,0,0,0,0,0,0,0,0,0,0,0,0,0,0,0,0,8.463680255923,"ROM",0,0,NA,0,0,0,0,NA,NA,NA,0,NA,NA,NA,NA,1
"ITEM761DDBENEFUL_ROM","Dry Dog","DeMoulas","DD BENEFUL 06.3LB",-2.5,0,-0.86064448712372,-4.20571179451793,10,5.68190582434772,4.56737979614605,0,-4.91279551630094,0,0,0,0,0,0,0,0,14.9025130152629,"ROM",0,0,NA,0,0,0,0,NA,NA,NA,0,NA,NA,NA,NA,1
"ITEM781DDCNPORGANIX_ROM","Dry Dog","DeMoulas","DD C&P ORGANIX 10LB",-2.5,1.307248814877,-2.60285886637394,-3.01818057236596,0,0,0,0,0,0,0,0,0,0,0,0,0,11.457042834443,"ROM",0,0,NA,0,0,0,0,NA,NA,NA,0,NA,NA,NA,NA,1
"ITEM782DDCNPORGANIX_ROM","Dry Dog","DeMoulas","DD C&P ORGANIX 18LB",-2.5,3.37125889918051,-1.18742639867592,0,0,0,0,0,0,0,0,0,0,0.511825636743151,0,0,-1.21667142790912,9.81058366289521,"ROM",0.412869130171007,0,NA,-7.8166157643481,0,0,0,NA,NA,NA,-1.29769613446557,NA,NA,NA,NA,1
"ITEM783DDCNPORGANIX_ROM","Dry Dog","DeMoulas","DD C&P ORGANIX 04LB",-2.19451670026824,2.11134699608556,0,0,0,0,8.24501805714369,0,0,0,0,0,-0.0137647360364811,0,0,0,0,11.4700663050193,"ROM",0,0,NA,0,0,0,0,NA,NA,NA,0,NA,NA,NA,NA,1
"ITEM784DDCNPPRISTINE_ROM","Dry Dog","DeMoulas","DD C&P PRISTINE 04LB",-0.900034165893851,2.31399701713823,0,0,0,0,10,0,0,0,0,0,-0.00667888531017112,1,0,0,-0.344592495983926,4.56457952155919,"ROM",0,0,NA,0,0,0,0,NA,NA,NA,0,NA,NA,NA,NA,1
"ITEM78CTFRISKIESPARTYMIXCR_ROM","Cat Treats","DeMoulas","CT FRISKIES PARTY MIX CR 20OZ 2CT",-0.842877434975436,6.68959812541989,0,0,0,3.3591247655895,0,0.921675985359755,0.426650959142981,0,0,0,0,0,0.262951746730741,0.633107687971961,0,6.55922984655471,"ROM",NA,NA,NA,NA,NA,NA,NA,NA,NA,NA,NA,NA,NA,NA,NA,1
"ITEM791DDDOGCHOWGREENBG_ROM","Dry Dog","DeMoulas","DD DOG CHOW GREEN BG 46-48LB",-2.5,0,-35.9324416747631,-41.4461710219196,10,0,10,0,0,0,0,0,0.164889324303481,0,0,0,0,8.68555986308288,"ROM",0,0,NA,0,0,0,0,NA,NA,NA,0,NA,NA,NA,NA,1
"ITEM793DDDOGCHOWLX_ROM","Dry Dog","DeMoulas","DD DOG CHOW LX 04LB",0,0,0,0,0,3.96618734009193,0,0,0,0,0,0,0,0,0,0,0,4.75395422414678,"ROM",0,0,NA,0,0,0,0,NA,NA,NA,0,NA,NA,NA,NA,1
"ITEM7PURINAONE_Retailer","Wet Dog","DeMoulas","DW PURINA ONE 13OZ",-0.18554615204355,3.3608593695493,-0.332693607431893,0,3.19297507192618,0,0,0,1.98166690529198,-0.078498397686338,-0.126760682585097,0.00974994407181814,0,0,0,NA,0,3.91963434358314,"Retailer",NA,NA,NA,0,0,NA,NA,NA,NA,NA,NA,NA,NA,NA,NA,2
"ITEM7PURINAONE_ROM","Wet Dog","DeMoulas","DW PURINA ONE 13OZ",-0.476405289785079,0,0,0,0.801742891466725,0.388351837187817,0.520917420303896,0,0.766280867597302,0,-0.0368574657561591,-0.0695510521311969,0.00977308844196316,0,0,NA,0,8.41040748477906,"ROM",NA,NA,NA,0,0,NA,NA,NA,NA,NA,NA,NA,NA,NA,NA,2
"ITEM8001CTFANCYFEASTSAVORYCRAVINGS_ROM","Cat Treats","DeMoulas","CT FANCY FEAST SAVORY CRAVINGS 3OZ",0,1.47451368058947,0,-2.36922535216376,0,6.82542328824788,0,0,1.43706870469162,0,0,0,-0.100835414900386,0,0,0,0,3.52931405243992,"ROM",NA,NA,NA,NA,NA,NA,NA,NA,NA,NA,NA,NA,NA,NA,NA,1
"ITEM8019CTKITKABOODLECR_ROM","Cat Treats","DeMoulas","CT KIT KABOODLE CR 09OZ",0,10,0,0,0,0,0,0,0,0,0,0,0.203199475747326,0,0,0,0,0.0204607595742261,"ROM",NA,NA,NA,NA,NA,NA,NA,NA,NA,NA,NA,NA,NA,NA,NA,1
"ITEM8036CTWHISKERLICKINSAO_ROM","Cat Treats","DeMoulas","CT WHISKER LICKINS AO",-1.89579847068526,0,0,0,0,0,10,0,0,0,0,0,0,0,0,0,0,6.99310063918905,"ROM",NA,NA,NA,NA,NA,NA,NA,NA,NA,NA,NA,NA,NA,NA,NA,1
"ITEM803DTPIONEERWOMANMT_ROM","Dog Treats","DeMoulas","DT PIONEER WOMAN MT 05OZ",-1.62992950788615,1.84064153687565,-0.0788534568309648,-0.0425428158730961,7.4355056848051,4.11542865143254,10,10,0,0,0,0,-0.293426574990936,0,0,0,0,9.249192307451,"ROM",0,0,0,0,0,0,0,0,0,0,0,0,NA,NA,NA,1
"ITEM805DTPRIMEBONESCW_ROM","Dog Treats","DeMoulas","DT PRIME BONES CW 09.7-11.5OZ",-2.33467359865695,2.10052778755547,-0.00977906775671826,-0.558787196822213,0,0,8.44706639295894,0,1.1054972412341,0,0,0,-0.0473914127593637,0,0,0,0,10.5336838128405,"ROM",0,0,0,0,0,0,0,0,0,0,0,0,NA,NA,NA,1
"ITEM807DTPRIMEBONESCW_ROM","Dog Treats","DeMoulas","DT PRIME BONES CW 21-22.8OZ",0,0,-0.362489734860816,0,0,8.73064383357405,0,0,0,0,0,0,0,0,0,0,0,3.35519530596792,"ROM",0,0,0,0,0,0,0,0,0,0,0,0,NA,NA,NA,1
"ITEM808DTPRIMEBONESCW_ROM","Dog Treats","DeMoulas","DT PRIME BONES CW 39.7OZ",-0.71529608777763,2.46051167950691,0,0,0,8.43104525769507,0.820833324610552,9.53691118045382,0.342827721269124,0,0,0,0,0,0,0,0,7.52102726269053,"ROM",0,0,0,0,0,0,0,0,0,0,0,0,NA,NA,NA,1
"ITEM818DDMOISTANDMEATYHIPROTEIN_ROM","Dry Dog","DeMoulas","DD MOIST AND MEATY HI PROTEIN 72OZ",0,0,0,0,0,0,0,0,0.944889501267523,0,0,0,0,0,0,0,-0.393975049422889,4.05902837516642,"ROM",0,0,NA,0,0,0,0,NA,NA,NA,0,NA,NA,NA,NA,1
"ITEM821CTFANCYFEASTPUREFLAKED_Retailer","Cat Treats","DeMoulas","CT FANCY FEAST PURE FLAKED 01.06OZ",-1.95985447404332,2.07348365136133,-3.92819121817932,-4.78579381633176,3.84647969147832,0,0,0,0.160690451190016,0,0,0,0.00376694905131285,0,0,0,0,5.74799332517446,"Retailer",NA,NA,NA,NA,NA,NA,NA,NA,NA,NA,NA,NA,NA,NA,NA,2
"ITEM821CTFANCYFEASTPUREFLAKED_ROM","Cat Treats","DeMoulas","CT FANCY FEAST PURE FLAKED 01.06OZ",0,0,0,-6.9233051671475,10,0.494898930638451,0,0,0,0,0,0,0,0,0,0,0,5.38336382449345,"ROM",NA,NA,NA,NA,NA,NA,NA,NA,NA,NA,NA,NA,NA,NA,NA,1
"ITEM823DTPUPPYCHOWMT_ROM","Dog Treats","DeMoulas","DT PUPPY CHOW MT 24OZ",0,0.447950694965965,-1.46506260461836,-2.26244469267519,0,0,0,0,0,0,0,0,-0.111794455754829,0,1,0,0,2.07453623231362,"ROM",0,0,0,0,0,0,0,0,0,0,0,0,NA,NA,NA,1
"ITEM824DTPUPPYCHOWMT_ROM","Dog Treats","DeMoulas","DT PUPPY CHOW MT 07OZ",0,3.52089191185627,0,0,0,0,0,0,0,0,0,0,0,0,0,0,0,4.88812083621689,"ROM",0,0,0,0,0,0,0,0,0,0,0,0,NA,NA,NA,1
"ITEM826DTPURINAONETRUEINSTMT_ROM","Dog Treats","DeMoulas","DT PURINA ONE TRUE INST MT 07OZ",-0.964547895457768,0,-1.13697408831836,-1.25068266231285,10,0,0,0,0.114170640753544,0,0,0,-0.0317809978507023,1,0,0,-0.928586029159143,1.90023377603161,"ROM",0.204335880695721,0,0,-0.494521969004724,0,0,0,0,0,0,-0.212659630166834,-0.510487423582742,NA,NA,NA,1
"ITEM841DDPROPLANESSENTIAL_ROM","Dry Dog","DeMoulas","DD PRO PLAN ESSENTIAL 17-18LB",-1.4826572964128,1.57347398570182,0,0,0,0,0,0,0,0,0,0,0,0,0,0,0,6.25973862430549,"ROM",0,0,NA,0,0,0,0,NA,NA,NA,0,NA,NA,NA,NA,1
"ITEM842CTFANCYFEASTSAVORYCRAVINGS_ROM","Cat Treats","DeMoulas","CT FANCY FEAST SAVORY CRAVINGS 01OZ",-0.365379488038091,3.16432580727523,0,0,5.84418173213604,0.85731348974062,2.96286583670364,0,1.36221360756428,0,0,0,0,0,0,0,0,4.58554041272284,"ROM",NA,NA,NA,NA,NA,NA,NA,NA,NA,NA,NA,NA,NA,NA,NA,2
"ITEM844DDPROPLANSPECIALIZED_ROM","Dry Dog","DeMoulas","DD PRO PLAN SPECIALIZED 24-34LB",0,4.24305172549501,-4.36016041258026,-0.262031401571174,0,0,10,0,0,0,0,0,0,0,0,0,0,1.1103737428515,"ROM",0,0,NA,0,0,0,0,NA,NA,NA,0,NA,NA,NA,NA,1
"ITEM846DDPUPPYCHOW_ROM","Dry Dog","DeMoulas","DD PUPPY CHOW 32-36LB",0,3.00173179527249,-0.343209152489767,-0.214615937023484,0,0,0,0,0,0,0,0,0,0.385945760342673,0.00836544444448306,0,0,3.0027823755055,"ROM",0,0,NA,-2.74166180769475,0,0,0,NA,NA,NA,0,NA,NA,NA,NA,1
"ITEM847DDPUPPYCHOW_ROM","Dry Dog","DeMoulas","DD PUPPY CHOW 04LB",0,0,-0.676043492327995,-0.29598019140486,0,0,0,0,0,0,0,0,0.0111588367746678,0,0,0,0,4.60729530460444,"ROM",0,0,NA,0,0,0,0,NA,NA,NA,0,NA,NA,NA,NA,1
"ITEM848DDPUPPYCHOW_ROM","Dry Dog","DeMoulas","DD PUPPY CHOW 40LB",-2.5,2.95244017840725,-2.11059055620053,0,0,0,0,0,-4.912173655993,0,0,0,0,0,0,0,0,15.2273535186635,"ROM",0,0,NA,0,0,0,0,NA,NA,NA,0,NA,NA,NA,NA,1
"ITEM849DDPURINAONEMLTRGTD_ROM","Dry Dog","DeMoulas","DD PURINA ONE ML TRGTD 40LB",-0.232109060586247,0.795336916682634,0,0,0,0,0,0,0,0,0,0,0,0,0,0,0,5.56907345933033,"ROM",0,0,NA,0,0,0,0,NA,NA,NA,0,NA,NA,NA,NA,1
"ITEM850DDPURINAONEMLTRGTD_ROM","Dry Dog","DeMoulas","DD PURINA ONE ML TRGTD 12.5LB",0,0,0,0,0,0,0,0,0,0,0,0,0.0920081890240464,0,0,0,0,1.11046530713722,"ROM",0,0,NA,0,0,0,0,NA,NA,NA,0,NA,NA,NA,NA,1
"ITEM851DDPURINAONEMLTRGTD_ROM","Dry Dog","DeMoulas","DD PURINA ONE ML TRGTD 03.8-4LB",0,0,0,-0.467740589967265,0,2.3041398506281,7.83737588151182,0,0.24961942781204,0,0,0,0.0316737486968088,0,0,0,0,4.30498309005605,"ROM",0,0,NA,0,0,0,0,NA,NA,NA,0,NA,NA,NA,NA,1
"ITEM853DDPURINAONEML_ROM","Dry Dog","DeMoulas","DD PURINA ONE ML 04LB",-1.20236029756343,1.04790834244408,0,0,0,0.148060677187579,0.768152473885036,0,0.180135026938531,-0.0297612670433058,0.00754075255883012,0,0.00665832900967579,0,0,0,0,10.0376854965621,"ROM",0,0,NA,0,0,0,0,NA,NA,NA,0,NA,NA,NA,NA,2
"ITEM854DDPURINAONEML_ROM","Dry Dog","DeMoulas","DD PURINA ONE ML 13.5LB",0,0,0,0,0,0,0,0,0.812902982587505,0,0,0,0.00098712571095881,0,0.350568820087989,0.144245421631758,-1.49830653479776,2.72102980419439,"ROM",0,0,NA,0,0,0,0,NA,NA,NA,0,NA,NA,NA,NA,1
"ITEM856DDPURINAONETRUINSTBNB_ROM","Dry Dog","DeMoulas","DD PURINA ONE TRU INST B&B 03.8LB",-2.5,10,0,0,10,10,0,0,-9.79017116460792,0,0,0,0,0,1,0,0,16.9772830775812,"ROM",0,0,NA,-1.53133053219108,-9.82170691532885,-1.4771473082957,-8.8990432864849,NA,NA,NA,0,NA,NA,NA,NA,1
"ITEM858DDPURINAONETRUINSTHIPRO_ROM","Dry Dog","DeMoulas","DD PURINA ONE TRU INST HI-PRO 03.8LB",-2.5,4.23950469616011,0,0,0,3.65658589108494,0,0,0.342989634596927,0,0,0,0,0,0,0,0,10.2058550002935,"ROM",0,0,NA,0,0,0,0,NA,NA,NA,0,NA,NA,NA,NA,1
"ITEM859DDPURINAONETRUINST_ROM","Dry Dog","DeMoulas","DD PURINA ONE TRU INST 02.8LB",0,0.252975342343552,-0.150731687293207,-1.09744188111782,0,0,0,0,0.0838914723098833,0,0,0,0.00507662157066789,0.0348391425394484,0.372004107044961,0,-0.305687096973187,3.39331058541531,"ROM",0,0,NA,0,0,0,0,NA,NA,NA,0,NA,NA,NA,NA,1
"ITEM8CTFRISKIESPARTYMIXCR_Retailer","Cat Treats","DeMoulas","CT FRISKIES PARTY MIX/NAT YUM CR 20OZ",-0.758320954871153,0.350702269219492,-0.63987349965626,-0.513212184952594,3.65836564254299,0,0,0,0,0,0,0,0,0,0,0,0,4.46159022010383,"Retailer",NA,NA,NA,NA,NA,NA,NA,NA,NA,NA,NA,NA,NA,NA,NA,2
"ITEM8CTFRISKIESPARTYMIXCR_ROM","Cat Treats","DeMoulas","CT FRISKIES PARTY MIX/NAT YUM CR 20OZ",-0.624482632986161,0,0,0,0,0.463573617829007,1.6529531397302,6.46872842145344,0.293238058860014,-0.0156824297021734,0.0143615264813253,0,0.0058788903853497,0,0,0,0,8.26106116373799,"ROM",NA,NA,NA,NA,NA,NA,NA,NA,NA,NA,NA,NA,NA,NA,NA,2
"ITEM8CWFANCYFEASTML_Retailer","Wet Cat","DeMoulas","CW FANCY FEAST ML 03OZ",-1.83483419420612,0.94473699413198,0,0,3.53366993258654,0,0,0,0.612162631688354,0,0,0,0.00521722828828025,0,NA,NA,-0.407147091264052,6.85198096768909,"Retailer",0,0,NA,0,0,NA,NA,NA,NA,NA,0,0,NA,NA,0,2
"ITEM8CWFANCYFEASTML_ROM","Wet Cat","DeMoulas","CW FANCY FEAST ML 03OZ",-1.7194113915774,0,0,0,0,0,0.513204714655555,0,0.670197571553779,0,0,0,0.0150298533569067,0,NA,NA,0,11.6806656944355,"ROM",0,0,NA,0,0,NA,NA,NA,NA,NA,0,0,NA,NA,0,2
"ITEM911DTTREKKERSMT_ROM","Dog Treats","DeMoulas","DT TREKKERS MT 05OZ",-0.552655007856486,0.978154646544111,0,0,0,0,10,0,1.85519142154644,0,0,0,-0.0689141851085033,0,0,0,0,4.33205826034463,"ROM",0,0,0,0,0,0,0,0,0,0,0,0,NA,NA,NA,1
"ITEM91CTFRISKIESPARTYMIXCR_ROM","Cat Treats","DeMoulas","CT FRISKIES PARTY MIX/NAT YUM CR 30OZ",0,3.73837434683083,0,0,0,0,0,0,0.368467677615179,0,0,0,-0.00799251489766927,0.218317704184573,0,0,-0.16833461855069,4.90843358067752,"ROM",NA,NA,NA,NA,NA,NA,NA,NA,NA,NA,NA,NA,NA,NA,NA,1
"ITEM920DTZUKESMININTRLSMT_ROM","Dog Treats","DeMoulas","DT ZUKES MINI NTRLS MT 06OZ",0,8.92275056283223,-1.31605794170815,-2.18832405522223,0,0,0,0,0,0,0,0,0.210357330962325,0,0,0,0,0.0375562925757582,"ROM",0,0,0,0,0,0,0,0,0,0,0,0,NA,NA,NA,1
"ITEM99CWFANCYFEASTML_ROM","Wet Cat","DeMoulas","CW FANCY FEAST ML 03OZ 48CT",-0.41632631612867,0,0,0,0,0,0,0,0,0,0,0,0,0,NA,NA,0,7.97534203620896,"ROM",0,0,NA,0,0,NA,NA,NA,NA,NA,0,0,NA,NA,0,1
