"Modelled_PPG_Item_No","PPG_Cat","Retailer","PPG_Description","Regular_Price","Promoted_Discount","Pantry_Loading_1","Pantry_Loading_2","ACV_Selling","ACV_Feat_Only","ACV_Disp_Only","ACV_Feat_Disp","category_trend","flag_qtr2","flag_qtr3","flag_qtr4","monthno","WB_Comp_RP_1","WB_Comp_RP_2","WB_Comp_TPR_1","CB_Comp_RP_1","CB_Comp_RP_2","CB_Comp_TPR_1","Intercept","Market","WB_Comp_RP_3","WB_Comp_TPR_2","WB_Comp_TPR_3","WB_Comp_TPR_4","WB_Comp_TPR_5","CB_Comp_RP_3","CB_Comp_RP_4","CB_Comp_RP_5","CB_Comp_TPR_2","CB_Comp_TPR_3","WB_Comp_RP_4","WB_Comp_RP_5","CB_Comp_TPR_4","CB_Comp_TPR_5","CB_Comp_TPR_6","Model_flag"
"ITEM109BENEFUL_Retailer","Wet Dog","Big Y","DW BENEFUL 10OZ 12CT",-0.1,2.23985038287642,0,0,2.93081779525922,0,0,0,0,0,0,0,0,NA,NA,0,0,NA,0,2.73008177545942,"Retailer",NA,0,NA,NA,NA,NA,NA,NA,0,0,NA,NA,NA,NA,NA,2
"ITEM109BENEFUL_ROM","Wet Dog","Big Y","DW BENEFUL 10OZ 12CT",-1.54317505593274,0,0,0,1.86478240578551,0.585548655710651,0,0,0.815579754088272,0,-0.0464424698455293,0.0234760156067003,0,NA,NA,0,0,NA,-0.250915797149984,9.6237058701411,"ROM",NA,0,NA,NA,NA,NA,NA,NA,-0.680577484913898,0,NA,NA,NA,NA,NA,2
"ITEM10CWFRISKIES_Retailer","Wet Cat","Big Y","CW FRISKIES 05.5OZ 12CT",-0.356399369825741,2.09097523929977,0,-0.524035241614843,2.70033405937499,0,0,0,0,-0.0357272220556062,0,0.0288832729385352,0.021400980481104,0,0,0,0,NA,-0.493303588469676,4.51087180330746,"Retailer",NA,0,NA,NA,NA,NA,NA,NA,0,0,NA,NA,NA,NA,NA,2
"ITEM10CWFRISKIES_ROM","Wet Cat","Big Y","CW FRISKIES 05.5OZ 12CT",-1.16282191911122,0,0,0,1.75234646376243,0,1.35551061098163,3.00705173514928,0.313044260021569,0,0,0,0.0116016852766674,0,0,0,0,NA,0,9.27326125176176,"ROM",NA,0,NA,NA,NA,NA,NA,NA,0,0,NA,NA,NA,NA,NA,2
"ITEM112CWFANCYFEASTML_ROM","Wet Cat","Big Y","CW FANCY FEAST ML 03OZ 48CT",-0.752837364950522,0,0,0,0,0,0,0,0,0,0,0,0,0,0,0,0,NA,-15.1523889344598,8.85669196025823,"ROM",NA,0,NA,NA,NA,NA,NA,NA,0,0,NA,NA,NA,NA,NA,1
"ITEM118CWBEYOND_ROM","Wet Cat","Big Y","CW BEYOND 03OZ 6CT",-2.5,0,-5.04107704561911,-1.54689196886399,10,10,0,0,-1.36461922644329,0,0,0,-0.0303966725442733,0,0,-2.09827102833153,0,NA,-3.19470205910751,9.18708717810352,"ROM",NA,0,NA,NA,NA,NA,NA,NA,0,0,NA,NA,NA,NA,NA,1
"ITEM11ALPO_Retailer","Wet Dog","Big Y","DW ALPO 13.0-13.2OZ",-2.17851641889684,1.72586835355862,0,-0.553206632420086,7.28955031634495,0,0,0,0,0,0,0,0,NA,NA,0,0,NA,0,1.62713663532747,"Retailer",NA,0,NA,NA,NA,NA,NA,NA,0,0,NA,NA,NA,NA,NA,1
"ITEM11ALPO_ROM","Wet Dog","Big Y","DW ALPO 13.0-13.2OZ",-2.5,0,-6.88949192272365,-6.91255566996341,9.70799979501579,0,0,0,-3.20933749758329,0,0,0,0,NA,NA,0,0,NA,-7.92618491235593,9.76034523320534,"ROM",NA,0,NA,NA,NA,NA,NA,NA,0,0,NA,NA,NA,NA,NA,1
"ITEM121CWFANCYFEASTMEDLEYS_ROM","Wet Cat","Big Y","CW FANCY FEAST MEDLEYS 03OZ 18CT",-2.5,5.95245306218631,0,0,10,0,0,0,0,0,0,0,-0.00509205692717533,0,0,-0.622845347291943,0,NA,0,10.1371214805896,"ROM",NA,0,NA,NA,NA,NA,NA,NA,0,0,NA,NA,NA,NA,NA,1
"ITEM126CWFANCYFEASTML_ROM","Wet Cat","Big Y","CW FANCY FEAST ML 03OZ 30CT",0,0,0,0,3.57899349430452,0.0931005163256361,3.86551674899778,0,0.381110615984774,0,0,0,0,0,0,-0.891106903049863,0,NA,0,5.96363191082685,"ROM",NA,0,NA,NA,NA,NA,NA,NA,0,0,NA,NA,NA,NA,NA,2
"ITEM128CWFRISKIES_Retailer","Wet Cat","Big Y","CW FRISKIES 05.5OZ 32CT",-2.37022044584977,2.83809695437996,-0.927175143260805,0,4.32271006802578,0,0,0,0,0,0,0,0,0,0,0,0.363787421687065,NA,0,8.172507323562,"Retailer",NA,0,NA,NA,NA,NA,NA,NA,0,0,NA,NA,NA,NA,NA,2
"ITEM128CWFRISKIES_ROM","Wet Cat","Big Y","CW FRISKIES 05.5OZ 32CT",-0.446501181596057,0,0,0,2.45379684824918,0.421679578478698,2.3768055918167,0,0.485587467065532,0,0,0.053916404630738,0,0,0,0,0,NA,-1.81708877468898,7.6369676979355,"ROM",NA,0,NA,NA,NA,NA,NA,NA,0,0,NA,NA,NA,NA,NA,2
"ITEM12CWBEYOND_Retailer","Wet Cat","Big Y","CW BEYOND 03OZ",-2.09850527128663,0.975814005437236,0,-0.512592087200343,1.18844072234198,0.227120156573218,0,0,0,-0.112435882380193,-0.127131355043243,-0.248174012480968,0.0217780987205466,0,0,-0.445930891911448,0,NA,0,6.8253836643632,"Retailer",NA,0,NA,NA,NA,NA,NA,NA,0,0,NA,NA,NA,NA,NA,2
"ITEM12CWBEYOND_ROM","Wet Cat","Big Y","CW BEYOND 03OZ",-1.75755383949882,0,0,0,0,1.08091288171147,1.3403108793188,0,0,-0.0410875666119459,0,0.00432654358837796,0,0,0,0,0,NA,-0.0977410974775914,8.58342474005203,"ROM",NA,0,NA,NA,NA,NA,NA,NA,0,0,NA,NA,NA,NA,NA,2
"ITEM130CWFRISKIES_ROM","Wet Cat","Big Y","CW FRISKIES 05.5OZ 48CT",-2.10068776774777,0,0,0,0,1.02008926496684,0,0,0,0,0,0,0,0,0,0,0,NA,0,13.4862298604722,"ROM",NA,0,NA,NA,NA,NA,NA,NA,0,0,NA,NA,NA,NA,NA,1
"ITEM133CWBEYOND_ROM","Wet Cat","Big Y","CW BEYOND 03OZ 12CT",-2.5,0.484596087527887,-5.36164685176223,-6.86254450809703,0,10,0,0,-0.204808537042137,0,0,0,0,0,0,0,0.218625036033736,NA,-0.752759813842614,9.52697397788038,"ROM",NA,0,NA,NA,NA,NA,NA,NA,0,0,NA,NA,NA,NA,NA,1
"ITEM134CWFRISKIES_ROM","Wet Cat","Big Y","CW FRISKIES 05.5OZ 40CT",-0.353674549436422,0,0,0,1.64913031661635,0,1.46173048438402,0,1.31240964441219,0,0,0,0,0,0,0,0,NA,0,6.83583434879864,"ROM",NA,0,NA,NA,NA,NA,NA,NA,0,0,NA,NA,NA,NA,NA,2
"ITEM146TIDYCATSCLUMPNONLW_Retailer","Litter","Big Y","CL TIDY CATS CLUMP NON-LW 35LB",-2.5,2.5,-1.74794589159523,-1.74794578136846,7.13043550275556,0,0,0,0,0,0,0,0,NA,NA,NA,NA,NA,0,7.956049634185,"Retailer",NA,NA,NA,NA,NA,NA,NA,NA,0,NA,NA,NA,NA,NA,NA,1
"ITEM146TIDYCATSCLUMPNONLW_ROM","Litter","Big Y","CL TIDY CATS CLUMP NON-LW 35LB",-0.0754367735114693,0,0,0,1.47733947102085,0.430346511200074,0.570242509380331,0,0.421465091929448,0,0,0,0,NA,NA,NA,NA,NA,0,7.09235455132143,"ROM",NA,NA,NA,NA,NA,NA,NA,NA,0,NA,NA,NA,NA,NA,NA,2
"ITEM14CATCHOWLX_ROM","Dry Cat","Big Y","DC CAT/KITTEN CHOW 06.3LB",-1.03596501184907,0,0,0,2.89313320995462,0,1.75415345532955,0,1.20377284831505,-0.0747985702812147,0,0,0,0,0,0,0,0,0,7.07514994618094,"ROM",0,0,0,0,0,0,0,NA,0,0,0,0,0,0,0,2
"ITEM150TIDYCATSCLUMPNONLW_Retailer","Litter","Big Y","CL TIDY CATS CLUMP NON-LW 20LB",-0.135718679893585,2.33894660940755,0,0,3.26476831849616,0,0,0,0,0,0,0,0,NA,NA,NA,NA,NA,0,3.61469018255171,"Retailer",NA,NA,NA,NA,NA,NA,NA,NA,0,NA,NA,NA,NA,NA,NA,2
"ITEM150TIDYCATSCLUMPNONLW_ROM","Litter","Big Y","CL TIDY CATS CLUMP NON-LW 20LB",-2.1244075065902,0,0,0,1.43389119277948,0.0732249396986921,0,0,1.2006937849036,0.0949334856048524,0.0805904582858246,0.0755241060899743,0.0055041592185631,NA,NA,NA,NA,NA,0,11.4356733993064,"ROM",NA,NA,NA,NA,NA,NA,NA,NA,0,NA,NA,NA,NA,NA,NA,2
"ITEM152DOGCHOWML_Retailer","Wet Dog","Big Y","DW DOG CHOW ML 13 OZ",-1.96162781413442,10,0,-1.04288037819321,7.03686637939481,0,0,0,-1.58482687645451,0,0,0,0,NA,NA,0,0,NA,0,2.86137742917389,"Retailer",NA,0,NA,NA,NA,NA,NA,NA,0,0,NA,NA,NA,NA,NA,1
"ITEM152DOGCHOWML_ROM","Wet Dog","Big Y","DW DOG CHOW ML 13 OZ",0,0,-5.59619258878576,-4.9140354890429,5.44983955601065,1.08304213522197,0,0,0,0,0,0,0,NA,NA,0,0,NA,0,6.9330662122827,"ROM",NA,0,NA,NA,NA,NA,NA,NA,0,0,NA,NA,NA,NA,NA,1
"ITEM155DWBELLA_ROM","Wet Dog","Big Y","DW BELLA 03.5OZ 12CT",-1.85476856936523,2.65048055932835,0,0,0,0,10,0,1.2185850158571,0,0,0,0.0130588609632297,NA,NA,-0.163812611190716,0,NA,-0.803401421927747,8.49254192515064,"ROM",NA,0,NA,NA,NA,NA,NA,NA,-0.298416350005649,-0.235661417976647,NA,NA,NA,NA,NA,1
"ITEM156DWBELLA_ROM","Wet Dog","Big Y","DW BELLA 03.5OZ",-0.435016041992698,1.97983469875077,0,-0.513691250847479,6.01700864913379,2.54838521778207,0,0,0.898576264136862,0.0813352726800466,-0.0413383378426687,-0.042029733431743,0.0100040538263929,NA,NA,0,0,NA,0,5.98841969146754,"ROM",NA,0,NA,NA,NA,NA,NA,NA,0,0,NA,NA,NA,NA,NA,2
"ITEM157CWFANCYFEASTNATURALSML_ROM","Wet Cat","Big Y","CW FANCY FEAST NATURALS ML 03OZ 12CT",-1.8984309616609,0,-2.34146235227203,0,0,10,0,0,0,0,0,0,0,0,0,-3.10406410725582,0,NA,-1.63765153544552,8.08462312570419,"ROM",NA,-7.08240761432875,NA,NA,NA,NA,NA,NA,0,0,NA,NA,NA,NA,NA,1
"ITEM158DWBENEFUL_ROM","Wet Dog","Big Y","DW BENEFUL 10OZ 06CT",-1.42035976646508,0,0,0,4.02562288394974,0.475102193651269,0,0,0.395576373239961,0,0,-0.0301644260993543,0.0163696805186043,NA,NA,0,0,NA,0,7.85338245444778,"ROM",NA,0,NA,NA,NA,NA,NA,NA,0,0,NA,NA,NA,NA,NA,2
"ITEM159DWBENEFUL_ROM","Wet Dog","Big Y","DW BENEFUL 03OZ 12CT",-0.185349374541292,0,0,0,1.52773164150728,0,2.26798233399256,0,0.561404968798101,0.0440778321604529,0,0,0.00391773729882938,NA,NA,0,0,NA,0,6.20001862842396,"ROM",NA,0,NA,NA,NA,NA,NA,NA,0,0,NA,NA,NA,NA,NA,2
"ITEM15CWPURINAONE_Retailer","Wet Cat","Big Y","CW PURINA ONE 03OZ",-0.819901672351976,4.18039172933723,0,0,4.31746266691059,0,0,0,0,0,0,0,0,0,0,0,0,NA,0,2.75425495077234,"Retailer",NA,0,NA,NA,NA,NA,NA,NA,0,0,NA,NA,NA,NA,NA,2
"ITEM15CWPURINAONE_ROM","Wet Cat","Big Y","CW PURINA ONE 03OZ",-3.21282696490038,10.9221255680988,0,0,2.68569086402033,2.14858398630552,0,0,0.362559524888027,-0.167679929902898,-0.0541450922183591,0,0.019819146850781,0,0,0,0,NA,0,6.89108671131121,"ROM",NA,0,NA,NA,NA,NA,NA,NA,0,0,NA,NA,NA,NA,NA,2
"ITEM15PURINAONE_Retailer","Wet Dog","Big Y","DW PURINA ONE 13OZ",-0.302573544504172,1.90713755729043,0,-0.83828907948502,3.71976473176376,0,0,0,0.508019779806646,0.0250294756234953,-0.034170034034168,-0.0935719080039144,0.0157687845933421,NA,NA,0,0,NA,0,2.33763296884477,"Retailer",NA,0,NA,NA,NA,NA,NA,NA,0,0,NA,NA,NA,NA,NA,2
"ITEM15PURINAONE_ROM","Wet Dog","Big Y","DW PURINA ONE 13OZ",-2.09388378418689,0,0,0,2.49059318555575,0.504685987207468,0,0,1.12649994826341,-0.0709123454851404,-0.135792199660158,-0.198175490841369,0.0340710379857368,NA,NA,-0.236906020921082,0,NA,-0.0286649730959998,7.31404090767747,"ROM",NA,0,NA,NA,NA,NA,NA,NA,-0.0862368175904731,-0.226613997579636,NA,NA,NA,NA,NA,2
"ITEM161DWBENEFULINCRNMED_ROM","Wet Dog","Big Y","DW BENEFUL INCR N MED 03OZ 30CT",-7.63215167635251,21.2091017823818,0,0,10.5531673383466,0,0,0,0,0.392248367276694,0,-0.00322065079011378,0.107880020072692,NA,NA,0,0,NA,0,24.8281138443191,"ROM",NA,0,NA,NA,NA,NA,NA,NA,0,0,NA,NA,NA,NA,NA,2
"ITEM162CWFRISKIESFAV_Retailer","Wet Cat","Big Y","CW FRISKIES FAV 05.5OZ",-1.39094919181508,2.5,0,0,6.21712750205059,0,0,0,-4.8082020732289,0,0,0,0,0,0,0,0,NA,0,6.07200844309154,"Retailer",NA,0,NA,NA,NA,NA,NA,NA,0,0,NA,NA,NA,NA,NA,1
"ITEM162CWFRISKIESFAV_ROM","Wet Cat","Big Y","CW FRISKIES FAV 05.5OZ",-1.12271071619263,3.6624271806644,0,-0.738855582319425,2.35435986922918,0.77545657460363,0,0,0.48305831247713,-0.232822248114394,-0.149451877383589,-0.0561824484302825,0.0151059005292998,0,0,0,0,NA,0,7.64697755155882,"ROM",NA,0,NA,NA,NA,NA,NA,NA,0,0,NA,NA,NA,NA,NA,2
"ITEM162DWBENEFULSPRFOOD_ROM","Wet Dog","Big Y","DW BENEFUL SPRFOOD 09OZ 06CT",-2.5,0,-1.20519981514246,-1.90296344046615,0,10,0,0,0,0,0,0,-0.0762465701165437,NA,NA,0,0,NA,0,8.91914612078321,"ROM",NA,0,NA,NA,NA,NA,NA,NA,0,0,NA,NA,NA,NA,NA,1
"ITEM163DWBEYONDGRFR_ROM","Wet Dog","Big Y","DW BEYOND GR FR 13OZ 6CT",-1.02640267798469,0,0,0,0,1.5556855652426,0,0,0,0,0,0,0,NA,NA,0,0,NA,0,7.22067309416489,"ROM",NA,0,NA,NA,NA,NA,NA,NA,0,0,NA,NA,NA,NA,NA,2
"ITEM164DWBEYONDGRFR_ROM","Wet Dog","Big Y","DW BEYOND GR FR 13OZ",-1.89646528766233,0,0,0,2.23433076044143,1.22118042073676,0.995795008962851,0,0.649110277466588,-0.0274336136137898,0,0,-0.00548236399149164,NA,NA,0,0,NA,-0.0773298949133624,8.0174813011814,"ROM",NA,0,NA,NA,NA,NA,NA,NA,0,0,NA,NA,NA,NA,NA,2
"ITEM167TIDYCATSCLUMPNONLW_Retailer","Litter","Big Y","CL TIDY CATS CLUMP NON-LW 14LB",-0.163672471877016,1.59780897963611,0,0,2.51432707411667,0,0,0,0,0,0,0,0,NA,NA,NA,NA,NA,0,4.08444437599646,"Retailer",NA,NA,NA,NA,NA,NA,NA,NA,0,NA,NA,NA,NA,NA,NA,2
"ITEM167TIDYCATSCLUMPNONLW_ROM","Litter","Big Y","CL TIDY CATS CLUMP NON-LW 14LB",-1.93259821760656,0.96397006481221,-0.56489174709025,-0.845627133220374,0,0.287359840956911,2.70646800407578,0,1.1528467868532,0,0,0,0,NA,NA,NA,NA,NA,0,10.5280747706489,"ROM",NA,NA,NA,NA,NA,NA,NA,NA,0,NA,NA,NA,NA,NA,NA,2
"ITEM16BENEFULMEDLEYS_Retailer","Wet Dog","Big Y","DW BENEFUL 03OZ 03CT",-0.257115668100432,2.05904921742566,-0.184925175281403,0,1.62523121675579,0,0,0,0,0,0,0,0,NA,NA,0,0,NA,-0.204332120880533,5.28423224754392,"Retailer",NA,0,NA,NA,NA,NA,NA,NA,0,0,NA,NA,NA,NA,NA,2
"ITEM16BENEFULMEDLEYS_ROM","Wet Dog","Big Y","DW BENEFUL 03OZ 03CT",0,0,-0.0808596183092369,-0.281118337106878,2.98449532715582,0.836270642615159,0,0,1.08665404013491,0.118873521337492,0,-0.13963704134853,0,NA,NA,0,0,NA,0,5.82001584913818,"ROM",NA,0,NA,NA,NA,NA,NA,NA,0,0,NA,NA,NA,NA,NA,2
"ITEM16CWFANCYFEASTMEDLEYS_Retailer","Wet Cat","Big Y","CW FANCY FEAST MEDLEYS 03OZ",-2.5,2.58021641124218,0,0,4.46796048066393,0.0718455269652644,0,0,-0.17376671999161,0,0,0.0230256747941936,0,0,0,0,0,NA,0,4.87422558497712,"Retailer",NA,0,NA,NA,NA,NA,NA,NA,0,0,NA,NA,NA,NA,NA,2
"ITEM16CWFANCYFEASTMEDLEYS_ROM","Wet Cat","Big Y","CW FANCY FEAST MEDLEYS 03OZ",-2.73012359752414,0,0,0,1.71555178333594,0.0892988784864833,0,0,1.50246504876095,0,0.0227289801586495,0,0.00907634114552249,0,0,0,0,NA,-0.44020678887735,8.18124668041143,"ROM",NA,0,NA,NA,NA,NA,NA,NA,0,0,NA,NA,NA,NA,NA,2
"ITEM170DWBEYONDWILD_ROM","Wet Dog","Big Y","DW BEYOND WILD 13OZ",0,0,-1.96438319835692,0,0,0,0,0,0,0,0,0,0.00784741789224197,NA,NA,0,0,NA,0,5.7208707424206,"ROM",NA,0,NA,NA,NA,NA,NA,NA,0,0,NA,NA,NA,NA,NA,1
"ITEM1780014609_ROM","Wet Cat","Big Y","CW PURINA ONE TRU INST 03OZ",-1.02720801111302,4.59979738409489,-2.63754509220964,-1.6595405401865,4.41361597695607,5.28574318227001,0,0,0,-0.46321175058516,-0.126468154822121,0,0.00264274441651648,0,0,0,0,NA,0,6.51809919751811,"ROM",NA,0,NA,NA,NA,NA,NA,NA,0,0,NA,NA,NA,NA,NA,2
"ITEM1780018530_ROM","Wet Cat","Big Y","CW PURINA ONE ML 03OZ 12CT",-2.5,0,-3.66594387649914,-1.82941690975872,10,0,0,0,0,0,0,0,0,0,0,0,0,NA,0,9.12294184424447,"ROM",NA,0,NA,NA,NA,NA,NA,NA,0,0,NA,NA,NA,NA,NA,1
"ITEM179TIDYCATSNONCLUMP_ROM","Litter","Big Y","CL TIDY CATS NON-CLUMP 10LB",-0.604679660777744,1.59806241982151,0,0,1.78143354427679,0.329355164807102,0,0,0.776362475424747,0,0,0.0201850362432833,-0.0048770098271083,NA,NA,NA,NA,NA,0,6.87181244390337,"ROM",NA,NA,NA,NA,NA,NA,NA,NA,0,NA,NA,NA,NA,NA,NA,2
"ITEM183CLTIDYCATSNONCLUMP_ROM","Litter","Big Y","CL TIDY CATS NON-CLUMP 25LB",-0.795782337732033,0,0,0,0,0.263977384271989,0,8.69164534729631,0.25722565833977,0,0,0,0,NA,NA,NA,NA,NA,0,6.93824921977937,"ROM",NA,NA,NA,NA,NA,NA,NA,NA,0,NA,NA,NA,NA,NA,NA,1
"ITEM189YESTERDAYSNEWSALT_ROM","Litter","Big Y","CL YESTERDAYS NEWS ALT 13.2LB",-2.5,5.45497531067558,-1.92565953390112,-10.7795070146885,10,7.72988959260624,0,0,0,0,0,0,0,NA,NA,NA,NA,NA,-1.77994994500742,9.04494656447295,"ROM",NA,NA,NA,NA,NA,NA,NA,NA,-1.91965423672142,NA,NA,NA,NA,NA,NA,1
"ITEM18CTFRISKIESPARTYMIXCR_Retailer","Cat Treats","Big Y","CT FRISKIES PARTY MIX/NAT YUM CR 20OZ",-0.1,0.524970472188427,0,-1.2798167308824,5.77892651495233,0,0,0,0,0,0,0,-0.050862757611215,0,0,0,0,0,0,2.53661226181848,"Retailer",NA,NA,NA,NA,NA,NA,NA,NA,NA,NA,NA,NA,NA,NA,NA,0
"ITEM18CTFRISKIESPARTYMIXCR_ROM","Cat Treats","Big Y","CT FRISKIES PARTY MIX/NAT YUM CR 20OZ",-0.850389849864255,0,0,0,1.00234561976797,0.218840186642874,0.981725784553774,0,0.375510544723606,0,0.0283722778132023,0,0,0,0,-0.473972357440544,0,0,0,8.29567145855911,"ROM",NA,NA,NA,NA,NA,NA,NA,NA,NA,NA,NA,NA,NA,NA,NA,2
"ITEM192DWCNPORGANIX_ROM","Wet Dog","Big Y","DW C&P ORGANIX 03.5OZ",0,1.29447621485538,-0.176128739746308,-1.0559369478218,0,0,0,0,0,0,0,0,0,NA,NA,0,0,NA,0,5.14940401526594,"ROM",NA,0,NA,NA,NA,NA,NA,NA,0,0,NA,NA,NA,NA,NA,1
"ITEM193CWFRISKIESLILSOUPS_ROM","Wet Cat","Big Y","CW FRISKIES LIL SOUPS 01.2OZ",0,0.84492076799555,0,0,2.04558147441991,0,0,0,1.07709501519348,0.02789163634604,0,-0.0671026790055957,0,0,0,0,0,NA,-2.47984256045612,7.14635978860085,"ROM",NA,0,NA,NA,NA,NA,NA,NA,0,0,NA,NA,NA,NA,NA,2
"ITEM193DWCNPORGANIX_ROM","Wet Dog","Big Y","DW C&P ORGANIX 12.7OZ",-0.0509143315843148,2.19697208997482,0,0,0,0,0,0,-1.0047753228578,0,0,0,-0.0285521604463794,NA,NA,-11.4151421390146,0,NA,-1.29259707010722,6.72261377818475,"ROM",NA,0,NA,NA,NA,NA,NA,NA,0,0,NA,NA,NA,NA,NA,1
"ITEM194DWCNPPRISTINE_ROM","Wet Dog","Big Y","DW C&P PRISTINE 03.5OZ",-2.5,3.3200571432908,0,0,0,0,10,0,0,0,0,0,0,NA,NA,0,1,NA,-5.84757319997514,3.0815794453484,"ROM",NA,0,NA,NA,NA,NA,NA,NA,-3.68198512347897,-2.95194478916652,NA,NA,NA,NA,NA,1
"ITEM196DWCNPPRISTINEBONEBROTH_ROM","Wet Dog","Big Y","DW C&P PRISTINE BONE BROTH 8.4OZ",-2.5,0.461847143393323,-1.05012315791562,-1.1067615340576,0,0,0,0,0,0,0,0,0,NA,NA,0,0,NA,0,6.63604909577647,"ROM",NA,0,NA,NA,NA,NA,NA,NA,0,0,NA,NA,NA,NA,NA,1
"ITEM198CLTIDYCATSNONCLUMP_ROM","Litter","Big Y","CL TIDY CATS NON-CLUMP 20LB",-1.93768033220519,2.35597463362131,-0.2272401154551,-0.253251944086896,0,0.135101157657195,0,9.9484979556663,0.919299433307575,0,0.0921423550814665,0,0,NA,NA,NA,NA,NA,0,9.93269013596248,"ROM",NA,NA,NA,NA,NA,NA,NA,NA,0,NA,NA,NA,NA,NA,NA,2
"ITEM19ALPO_Retailer","Wet Dog","Big Y","DW ALPO 13.2OZ 12CT",-2.5,1.02254873979255,-0.0541442691300623,-2.45444331576414,7.59238416524897,0,0,0,0,0,0,0,0,NA,NA,0,0,NA,0,7.43178204440103,"Retailer",NA,0,NA,NA,NA,NA,NA,NA,0,0,NA,NA,NA,NA,NA,1
"ITEM19ALPO_ROM","Wet Dog","Big Y","DW ALPO 13.2OZ 12CT",-2.5,0,-2.36204929852389,-2.47995852736163,10,10,0,0,-2.56940269005786,0,0,0,0,NA,NA,0,0,NA,0,12.6742398035982,"ROM",NA,0,NA,NA,NA,NA,NA,NA,0,0,NA,NA,NA,NA,NA,1
"ITEM1CATCHOWNATURALS_Retailer","Dry Cat","Big Y","DC CAT/KITTEN CHOW NATURALS 03.2LB",-1.17232481139582,0.901727792318479,-0.904771148923477,-0.460593276268985,2.70404638305036,0,0,0,0.628585228795226,0,0,0,0,0,0,0,0,0,-1.21770202677827,5.02693366097307,"Retailer",0,0,0,0,0,0,0,NA,0,0,0,0,0,0,0,2
"ITEM1CATCHOWNATURALS_ROM","Dry Cat","Big Y","DC CAT/KITTEN CHOW NATURALS 03.2LB",-0.835944293253281,2.21221307215242,0,0,1.19260170343062,0.0765550882185267,0,0,0.863533720757175,0,0,0,0,0,0,0,0,0,-0.127133069215244,7.73173973198233,"ROM",0,0,0,0,0,0,0,NA,0,0,0,0,0,0,0,2
"ITEM1CTBEYONDCR_Retailer","Cat Treats","Big Y","CT BEYOND CR 02.1OZ",-0.1,0.1,-1.886828650443,0,3.14826425681122,0,0,0,0,0,0,0,-0.281724465287167,0,0,0,0,0,0,3.84854352480537,"Retailer",NA,NA,NA,NA,NA,NA,NA,NA,NA,NA,NA,NA,NA,NA,NA,0
"ITEM1CTBEYONDCR_ROM","Cat Treats","Big Y","CT BEYOND CR 02.1OZ",0,8.71014384573229,0,0,0,10,0,0,0,0,0,0,0,0,0,0,0,0,0,3.64320739240417,"ROM",NA,NA,NA,NA,NA,NA,NA,NA,NA,NA,NA,NA,NA,NA,NA,1
"ITEM1CWFRISKIES_Retailer","Wet Cat","Big Y","CW FRISKIES 05.5OZ",-0.413425184043781,6.55666703963664,-0.566307421619469,0,0,0,0,0,0,0,0,0,0,0,0,0,0,NA,0,10.2759592047515,"Retailer",NA,0,NA,NA,NA,NA,NA,NA,0,0,NA,NA,NA,NA,NA,2
"ITEM1CWFRISKIES_ROM","Wet Cat","Big Y","CW FRISKIES 05.5OZ",-0.28801535664692,0,0,0,0.357397104608884,0.142580512211356,0,0,0.790889088279853,-0.0583315839890039,-0.0365746859624791,0,-0.0109039149138568,0,0,-0.111016129240408,0,NA,-0.209649364997471,11.2641894186579,"ROM",NA,0,NA,NA,NA,NA,NA,NA,0,0,NA,NA,NA,NA,NA,2
"ITEM207CWFRISKIESSTUFFD_Retailer","Wet Cat","Big Y","CW FRISKIES PREMIUM 05.5OZ",-1.39094919181508,2.5,0,0,6.58539347134184,0,0,0,-5.65722577610306,0,0,0,0,0,0,0,0,NA,0,7.12779809551599,"Retailer",NA,0,NA,NA,NA,NA,NA,NA,0,0,NA,NA,NA,NA,NA,1
"ITEM207CWFRISKIESSTUFFD_ROM","Wet Cat","Big Y","CW FRISKIES PREMIUM 05.5OZ",-2.5,0,-9.66177201340079,-11.5435358380121,10,0.989836459146387,0,0,-1.17517551469958,0,0,0,0,0,0,0,0,NA,0,6.22953190261331,"ROM",NA,0,NA,NA,NA,NA,NA,NA,0,0,NA,NA,NA,NA,NA,1
"ITEM223DWDOGCHOWML_ROM","Wet Dog","Big Y","DW DOG CHOW ML 13 OZ 12CT",-1.78984723882258,0.875190844633943,-0.57148313662611,-1.26897610122598,10,10,10,0,-0.499050202615018,0,0,0,-0.00780412941146166,NA,NA,0,0,NA,0,8.50347564442047,"ROM",NA,0,NA,NA,NA,NA,NA,NA,0,0,NA,NA,NA,NA,NA,1
"ITEM224DWDOGCHOWML_ROM","Wet Dog","Big Y","DW DOG CHOW ML 13 OZ 24CT",-2.5,0,-4.68883648488056,-7.20530556778206,0,0,10,0,-3.61999983600243,0,0,0,0,NA,NA,0,0,NA,0,14.7513093645111,"ROM",NA,0,NA,NA,NA,NA,NA,NA,0,0,NA,NA,NA,NA,NA,1
"ITEM225DWDOGCHOWML_ROM","Wet Dog","Big Y","DW DOG CHOW ML 13 OZ 06CT",-2.5,0,-2.83744856511185,-2.18915400337018,10,6.05051439276594,0,0,0,0,0,0,0,NA,NA,0,0,NA,0,8.44312453250234,"ROM",NA,0,NA,NA,NA,NA,NA,NA,0,0,NA,NA,NA,NA,NA,1
"ITEM235TIDYCATSNATSTRGNONCLUMP_Retailer","Litter","Big Y","CL TIDY CATS NAT STRG NON-CLUMP 20LB",-0.135608892842192,0.249976794904357,0,0,2.61673460866974,0,0,0,0,0,0,0,0,NA,NA,NA,NA,NA,0,3.07787042007368,"Retailer",NA,NA,NA,NA,NA,NA,NA,NA,0,NA,NA,NA,NA,NA,NA,2
"ITEM235TIDYCATSNATSTRGNONCLUMP_ROM","Litter","Big Y","CL TIDY CATS NAT STRG NON-CLUMP 20LB",0,0,-0.707295947789827,-0.727480565612574,5.80533711250532,0,2.67846850647694,0,0.310803949738254,0,0,0,0.0288618284954839,NA,NA,NA,NA,NA,0,4.27134485934739,"ROM",NA,NA,NA,NA,NA,NA,NA,NA,0,NA,NA,NA,NA,NA,NA,2
"ITEM23CWFANCYFEASTPURELY_Retailer","Wet Cat","Big Y","CW FANCY FEAST PURELY 02OZ",-0.311128938099019,1.70475895155708,0,0,2.82069192735998,0,0,0,0,0,0,0,0,0,0,0,0,NA,0,4.75358653628066,"Retailer",NA,0,NA,NA,NA,NA,NA,NA,0,0,NA,NA,NA,NA,NA,2
"ITEM23CWFANCYFEASTPURELY_ROM","Wet Cat","Big Y","CW FANCY FEAST PURELY 02OZ",-1.26927487751431,1.14755493441417,0,-0.257866802347302,1.21616206919615,0.612282739732539,0,0,0.134861999495533,-0.013265029457167,-0.102302599582164,-0.0536146085000349,0.0084503692465761,0,0,0,0,NA,-0.179463842663443,8.70693920384047,"ROM",NA,0,NA,NA,NA,NA,NA,NA,-0.0715346713543418,0,NA,NA,NA,NA,NA,2
"ITEM240CWFANCYFEASTPETITES_Retailer","Wet Cat","Big Y","CW FANCY FEAST PETITES 02.8OZ",-0.538819765240317,1.71758170100421,0,0,5.45136203072727,0,0,0,0,0,0,0,0,0,0,0,0,NA,0,2.45301110065518,"Retailer",NA,0,NA,NA,NA,NA,NA,NA,0,0,NA,NA,NA,NA,NA,2
"ITEM240CWFANCYFEASTPETITES_ROM","Wet Cat","Big Y","CW FANCY FEAST PETITES 02.8OZ",0,6.92446740974209,0,0,9.93868876506133,0,0,0,0,0,0,0,0,0,0,0,0,NA,0,5.02087093975672,"ROM",NA,0,NA,NA,NA,NA,NA,NA,0,0,NA,NA,NA,NA,NA,2
"ITEM244CWFANCYFEASTPETITES_ROM","Wet Cat","Big Y","CW FANCY FEAST PETITES 02.8OZ 12CT",-3.26456850311029,0,0,0,11.0262457673011,0,0,0,0,0,0,0,0.0585046494405947,0,0,0,0,NA,0,10.6363359975059,"ROM",NA,0,NA,NA,NA,NA,NA,NA,0,0,NA,NA,NA,NA,NA,2
"ITEM245CWFANCYFEASTPETITES_ROM","Wet Cat","Big Y","CW FANCY FEAST PETITES 02.8OZ 24CT",0,0,0,0,13.8546452937385,0,16.9636214845513,0,0,0,0,0,0,0,0,0,0,NA,0,2.71168275349156,"ROM",NA,0,NA,NA,NA,NA,NA,NA,0,0,NA,NA,NA,NA,NA,2
"ITEM25BEYOND_ROM","Dry Cat","Big Y","DC BEYOND SIMPLY 03LB",-1.05371233906388,2.57200469097387,0,-1.02525154882398,0,0,0,0,0.606067593916769,0,0,0,-0.0801110496522689,0,0,-14.3187852228815,0,0,0,6.39830891371473,"ROM",0,0,0,0,0,0,0,NA,0,0,0,0,0,0,0,1
"ITEM2698KITKABOODLE_ROM","Dry Cat","Big Y","DC KIT KABOODLE 13LB",-1.34342243185876,2.34460297007863,-0.659853277768771,-0.113463670453101,4.7334174127998,0.64312660169737,0,0,1.22400246445819,-0.0326627872969351,-0.0463775044908603,0,-0.00824183713581744,0,0,-0.145244812810001,0,0,0,6.54151234836621,"ROM",0,-0.133785820605039,0,0,0,0,0,NA,0,0,0,0,0,0,0,2
"ITEM2699FRISKIESML_ROM","Dry Cat","Big Y","DC FRISKIES ML 16LB",-0.258851927748214,0,0,0,2.23468884788287,0.0780602471159527,0.671686118278631,0,0.86051500268647,0,0,0,0,0,0,0,0,0,0,6.27414254595889,"ROM",0,0,0,0,0,0,0,NA,0,0,0,0,0,0,0,2
"ITEM2717FRISKIESML_Retailer","Dry Cat","Big Y","DC FRISKIES ML 03.2LB",-2.01850957146239,6.12000043855305,-0.923851918142236,-0.520709896731008,3.8085191247484,0,0,0,0,-0.05962333992574,0,0.136279885220943,0.00231344292691885,0,0,0,0,0,0,6.03584398344371,"Retailer",0,0,0,0,0,0,0,NA,0,0,0,0,0,0,0,2
"ITEM2717FRISKIESML_ROM","Dry Cat","Big Y","DC FRISKIES ML 03.2LB",-1.33874653476732,0,0,0,2.53069481302147,0.297816321776241,4.89896920541765,4.49491173766804,1.09236771247928,-0.0401726632670593,0,0,0,0,0,0,0,0,-0.180234958286544,8.2101866908346,"ROM",0,0,0,0,0,0,0,NA,0,0,0,0,0,0,0,2
"ITEM2756CATCHOWLX_Retailer","Dry Cat","Big Y","DC CAT/KITTEN CHOW 01.1LB",-0.545843706645063,1.07191870971528,-12.6245686926182,-10.5844527526005,4.77253357616273,0,0,0,0,0,0,0,-0.0713957930873872,0,0,0,0,0,0,2.27306161519397,"Retailer",0,0,0,0,0,0,0,NA,0,0,0,0,0,0,0,1
"ITEM2756CATCHOWLX_ROM","Dry Cat","Big Y","DC CAT/KITTEN CHOW 01.1LB",-2.5,0,-4.49743906724372,-4.73295812863382,0,10,0,0,-3.22588548664682,0,0,0,-0.0265611141108699,0,0,0,0,0,0,10.3529910682388,"ROM",0,0,0,0,0,0,0,NA,0,0,0,0,0,0,0,1
"ITEM275CWFRISKIES_ROM","Wet Cat","Big Y","CW FRISKIES 05.5OZ 60CT",0,0,0,0,0,0,0,0,0,0,0,0,0,0.334724515107338,1,0,1,NA,0,3.30333192485869,"ROM",NA,0,NA,NA,NA,NA,NA,NA,0,0,NA,NA,NA,NA,NA,1
"ITEM275DWPUPPYCHOW_ROM","Wet Dog","Big Y","DW PUPPY CHOW 05.5OZ 8 CT",0,0,0,0,0,0,0,0,0,0,0,0,0,NA,NA,0,0,NA,0,4.57547520050194,"ROM",NA,0,NA,NA,NA,NA,NA,NA,0,0,NA,NA,NA,NA,NA,1
"ITEM2765DCBEYONDGRFR_ROM","Dry Cat","Big Y","DC BEYOND GR FR 05LB",-1.2696300531162,1.61457593596829,-1.00168308439809,-0.638998894531003,0,0,0,0,0,0,0,0,0,0,0,-1.65264596084337,0,0,0,8.8623693793433,"ROM",0,0,0,0,0,0,0,NA,0,0,0,0,0,0,0,1
"ITEM2767DCBEYONDSIMPLY_ROM","Dry Cat","Big Y","DC BEYOND SIMPLY 06LB",0,2.95398971194698,0,0,0,6.99426859801954,0,0,0.382703466928972,0,0,0,-0.0209239821972116,0,0,0,0,0,-0.532067638478759,3.99491744448721,"ROM",0,0,0,0,0,0,0,NA,0,0,0,0,0,0,0,1
"ITEM277DWPURINAONE_ROM","Wet Dog","Big Y","DW PURINA ONE 13OZ 06CT",-0.46887333673922,0,0,0,2.50581600556198,0,0.871281499468818,0,0.682601025797408,0,0,0.0614735926642171,0.00520301622853966,NA,NA,0,0,NA,0,6.00127503732599,"ROM",NA,0,NA,NA,NA,NA,NA,NA,0,0,NA,NA,NA,NA,NA,2
"ITEM2784DCCNPORGANIX_ROM","Dry Cat","Big Y","DC C&P ORGANIX 03-4LB",-2.5,0.296213457130334,-1.31091202932426,-2.23851834357236,0,0,0,0,-1.3663522806066,0,0,0,-0.0903528895916426,0,0,0,0,0,0,12.1832306511601,"ROM",0,0,0,0,0,0,0,NA,0,0,0,0,0,0,0,1
"ITEM2787DCCATKITTENCHOW_Retailer","Dry Cat","Big Y","DC CAT/KITTEN CHOW 13-15LB",-0.302885036862754,1.07114023076652,0,0,1.52500227030138,0,0,0,0.295590674297802,-0.0693059176374179,-0.0892384291936517,0,0.00268646305868387,0,0,0,0,0,-0.479192497589477,4.85208891444579,"Retailer",0,0,0,0,0,0,0,NA,-0.786972931857931,0,0,0,0,0,0,2
"ITEM2787DCCATKITTENCHOW_ROM","Dry Cat","Big Y","DC CAT/KITTEN CHOW 13-15LB",0,0,0,0,0,0.299736470811043,0.145626710993777,5.28606651378436,0.661609469212731,0,0,0,0.00395632448869899,0,0,0,0,0,0,6.4913113483326,"ROM",0,0,0,0,0,0,0,NA,0,0,0,0,0,0,0,2
"ITEM2788DCCATKITTENCHOW_ROM","Dry Cat","Big Y","DC CAT/KITTEN CHOW 12LB",0,0.153532601475537,0,0,0,10,10,0,0.217662152788928,0,0,0,0,0,0,0,0,0,0,4.87414966722232,"ROM",0,0,0,0,0,0,0,NA,0,0,0,0,0,0,0,1
"ITEM2789DCCATKITTENCHOW_ROM","Dry Cat","Big Y","DC CAT/KITTEN CHOW 20LB",-1.09693144117781,0,0,0,0,0,3.94253039299954,0,1.29211133258474,0.0215122684931275,0,-0.0454622814194723,0,0,0,0,0,0,0,8.21085500125339,"ROM",0,0,0,0,0,0,0,NA,0,0,0,0,0,0,0,2
"ITEM278DWPURINAONETRUINST_ROM","Wet Dog","Big Y","DW PURINA ONE TRU INST 13OZ 12CT",0,1.86371184954677,0,0,0,0,2.12744800987895,0,0,0,0,0,0,NA,NA,0,0,NA,0,5.45488766312992,"ROM",NA,0,NA,NA,NA,NA,NA,NA,0,0,NA,NA,NA,NA,NA,1
"ITEM2790DCCATKITTENCHOW_ROM","Dry Cat","Big Y","DC CAT/KITTEN CHOW 25LB",-0.941444662032793,3.30746721231231,0,0,0,0.714219193260694,0,5.32497261922704,0,0,0,0,0,0,0,0,0,0,0,8.58265823531267,"ROM",0,0,0,0,0,0,0,NA,0,0,0,0,0,0,0,1
"ITEM2791DCCATKITTENCHOW_Retailer","Dry Cat","Big Y","DC CAT/KITTEN CHOW 03.2LB",-0.162121844394101,1.24210962711207,-0.447819977867298,-0.295800887202573,0,0,0,0,0,0,0,0,0,0,0,0,0,0,0,6.85036125384729,"Retailer",0,0,0,0,0,0,0,NA,0,0,0,0,0,0,0,2
"ITEM2791DCCATKITTENCHOW_ROM","Dry Cat","Big Y","DC CAT/KITTEN CHOW 03.2LB",-0.220465051238877,0,0,0,2.00498345939605,0,3.64756198739962,0,0.69027342466174,0,0,0,0,0,0,0,0,0,-0.0275209387885219,6.82173768313489,"ROM",0,0,0,0,0,0,0,NA,0,0,0,0,0,0,0,2
"ITEM2793DCCATCHOWNATURALSGF_ROM","Dry Cat","Big Y","DC CAT CHOW NATURALS GF 13LB",-2.5,0,-4.69410100258413,-7.09184281276844,10,0,0,0,-2.2569435988097,0,0,0,-0.0145725919187611,0,0,0,0,0,-1.07896758108263,12.8746847209163,"ROM",0,0,0,0,0,0,0,NA,0,0,0,0,0,0,0,1
"ITEM2794DCCATCHOWNATURALSGF_ROM","Dry Cat","Big Y","DC CAT CHOW NATURALS GF 03.2LB",-2.44652227913876,0,-2.54072617446721,0,10,0.484883129139805,0,0,0,0,0,0,0,0,0,0,0,0,0,8.28904957526448,"ROM",0,0,0,0,0,0,0,NA,0,0,0,0,0,0,0,1
"ITEM2795DCCATCHOWNATURALSGF_ROM","Dry Cat","Big Y","DC CAT CHOW NATURALS GF 06.3LB",-2.5,0,0,-1.67481834125816,0,10,0,0,0,0,0,0,-0.0280813011013363,0,0,0,0,0,-2.35635862943739,9.86635131784452,"ROM",0,0,0,0,0,0,0,NA,0,0,0,0,0,0,0,1
"ITEM2796DCCATKITTENCHOWNATURALS_ROM","Dry Cat","Big Y","DC CAT/KITTEN CHOW NATURALS 18LB",-0.371932268376242,0,0,0,5.77326587673236,0.546973021284461,1.14558642427689,0,0.672035959347214,0,0,0.0177389036162569,0,0,0,0,0,0,0,4.49851043432736,"ROM",0,0,0,0,0,0,0,NA,0,0,0,0,0,0,0,2
"ITEM2797DCCATKITTENCHOWNATURALS_ROM","Dry Cat","Big Y","DC CAT/KITTEN CHOW NATURALS 13LB",-2.4708386358398,1.91320806338381,0,0,0,0.699362800231302,0,0,1.63818421634681,0,0,0,0,0,0,0,0,0,0,11.3147508726868,"ROM",0,0,0,0,0,0,0,NA,0,0,0,0,0,0,0,2
"ITEM2798DCCATKITTENCHOWNATURALS_ROM","Dry Cat","Big Y","DC CAT/KITTEN CHOW NATURALS 06.3LB",-1.66606131604647,3.21534261801512,0,-0.792523766161512,1.01505394337507,0.069146675783514,2.33116528795968,9.3586793341317,1.46702800432523,0,0,0,0,0,0,0,0,0,0,9.12227372803742,"ROM",0,0,0,0,0,0,0,NA,0,0,0,0,0,0,0,2
"ITEM2799DCCATKITTENCHOWNATURALS_ROM","Dry Cat","Big Y","DC CAT/KITTEN CHOW NATURALS 01LB",0,5.10637768264506,-1.29197780900786,-2.10789488601469,0,0,0,0,0,0,0,0,0,0.907214114498667,0,-3.04632477419145,0,0,0,1.74820032768869,"ROM",0,0,0,0,0,0,0,NA,0,0,0,0,0,0,0,1
"ITEM279DWPURINAONETRUINST_ROM","Wet Dog","Big Y","DW PURINA ONE TRU INST 13OZ 06CT",-0.226488319501888,0,0,0,4.07422193029357,0,17.1850455762772,0,0.324291449905717,0,0,0,0,NA,NA,0,0,NA,0,5.06242169569577,"ROM",NA,0,NA,NA,NA,NA,NA,NA,0,0,NA,NA,NA,NA,NA,2
"ITEM27CWFANCYFEASTBROTHS_Retailer","Wet Cat","Big Y","CW FANCY FEAST BROTHS 01.4OZ 12CT",-0.372849328057376,1.70959020389094,0,0,2.54044742236858,0,0,0,0,0,0,0,0,0,0,0,0,NA,-4.77776310817557,3.97360385592464,"Retailer",NA,0,NA,NA,NA,NA,NA,NA,0,0,NA,NA,NA,NA,NA,2
"ITEM27CWFANCYFEASTBROTHS_ROM","Wet Cat","Big Y","CW FANCY FEAST BROTHS 01.4OZ 12CT",-0.37183586450676,2.88812393629744,0,0,4.69858880474158,0.14339566615965,0,0,0,0,0,0,0,0,0,0,0,NA,0,5.56116543925478,"ROM",NA,0,NA,NA,NA,NA,NA,NA,0,0,NA,NA,NA,NA,NA,2
"ITEM2804DCFANCYFEAST_ROM","Dry Cat","Big Y","DC FANCY FEAST 03LB",-2.31370369131574,1.59377472474784,0,0,1.34636314404649,0.0798329404565913,0,0,1.07374953700009,0,0,0,0.0142445699747924,0,0,0,0,0,0,10.5722999697291,"ROM",0,0,0,0,0,0,0,NA,0,0,0,0,0,0,0,2
"ITEM2805DCFANCYFEAST_ROM","Dry Cat","Big Y","DC FANCY FEAST 07LB",-0.629891362842697,1.46800406312496,-0.508573428586302,0,0,0.570509862296956,0,0,0.283335456077625,0,0,0,0.0205268781185135,0,0,0,0,0,0,7.02978624965066,"ROM",0,0,0,0,0,0,0,NA,0,0,0,0,0,0,0,2
"ITEM2809DCFRISKIESFRMFAV_ROM","Dry Cat","Big Y","DC FRISKIES FRM FAV 16LB",0,1.15091218793486,0,-0.752742010554877,0,10,0,0,1.2934694844062,0,0,0,0,0,0,0,0,0,0,3.02158019918657,"ROM",0,0,0,0,0,0,0,NA,0,0,0,0,0,0,0,1
"ITEM2810DCFRISKIESFRMFAV_ROM","Dry Cat","Big Y","DC FRISKIES FRM FAV 03.2LB",-1.56250041762244,0.514211650342273,0,0,4.5853532235886,0.308501312344591,0,0,1.83794797803391,-0.140478957065986,-0.114871728073762,-0.0634209932310611,0,0,0,0,0,0,0,5.73303086360512,"ROM",0,0,0,0,0,0,0,NA,0,0,0,0,0,0,0,2
"ITEM2812DCFRISKIESML_ROM","Dry Cat","Big Y","DC FRISKIES ML 12LB",0,2.80792024542542,0,0,0,10,10,0,0,0,0,0,0.0422140633071718,0,0,0,0,0,0,3.95385844396298,"ROM",0,0,0,0,0,0,0,NA,0,0,0,0,0,0,0,1
"ITEM2813DCFRISKIESML_ROM","Dry Cat","Big Y","DC FRISKIES ML 22LB",-1.55719894250227,0,0,0,0,6.33784578063749,0,0,1.50651767974094,0,0,0,0,0,0,0,0,0,0,8.05381551466783,"ROM",0,0,0,0,0,0,0,NA,0,0,0,0,0,0,0,2
"ITEM2814DCFRISKIESML_ROM","Dry Cat","Big Y","DC FRISKIES ML 18.5LB",-2.5,2.12265375298042,-0.156592097377817,0,0,3.48684859445511,0,0,1.52443236218687,0,0,0,0,0,0,-1.48633258014471,1,0.482008142082258,-1.99458735995389,3.15344303944015,"ROM",0,-0.478864530212385,0,0,0,0.434915823237342,0.505053013441456,NA,-0.554222839689621,-0.796718764837693,0,0,-0.371931956573205,-0.2465301403506,-0.116382333546278,1
"ITEM2815DCFRISKIESML_ROM","Dry Cat","Big Y","DC FRISKIES ML 30LB",-0.227035108032921,0,0,0,0,0,0,0,0,0,0,0,0.0165171520499318,0,0,0,0.281794703273171,0,0,3.8864882794984,"ROM",0,0,0,0,0,0,0,NA,0,0,0,0,0,0,0,1
"ITEM2826DCKITKABOODLE_ROM","Dry Cat","Big Y","DC KIT KABOODLE 11LB",-0.633333712649028,5.9956264004215,0,0,0,10,0,0,0.307624875355111,0,0,0,0,0,0,0,0,0,0,6.01082678720785,"ROM",0,0,0,0,0,0,0,NA,0,0,0,0,0,0,0,1
"ITEM2827DCKITKABOODLE_ROM","Dry Cat","Big Y","DC KIT KABOODLE 03.2LB",-2.5,0,0,0,6.99902325279552,0,0,0,0,0,0,0,0,0,0,0,0,0,0,7.89545623063313,"ROM",0,0,0,0,0,0,0,NA,0,0,0,0,0,0,0,1
"ITEM2829DCKITKABOODLE_ROM","Dry Cat","Big Y","DC KIT KABOODLE 16LB",-0.345268896315165,0,0,0,0,16.7794812512006,5.11882359451047,0,0.343351477061177,0,0,0.0107793392888114,-0.00433448876857239,0,0,-0.126411322145019,0,0,0,6.08733244818353,"ROM",0,0,0,0,0,0,0,NA,0,0,0,0,0,0,0,2
"ITEM2830DCKITKABOODLE_ROM","Dry Cat","Big Y","DC KIT KABOODLE 22LB",-0.895332363563381,2.03894980268608,0,-1.73025578627919,0,0,0,0,0.9844075731905,0,0,0,-0.0304543213228865,0.230277124217983,0.0671088862080771,0,0.136513691015529,0.890480395487723,-0.497208070923893,-3.45946815595638,"ROM",0.53082121703319,0,0,0,0,0.116758720151641,0.146183850045909,NA,-3.83333066674636e-13,-0.073673880261665,0.445937563959452,1,-0.140687806726704,0,0,1
"ITEM2831DCKITKABOODLE_ROM","Dry Cat","Big Y","DC KIT KABOODLE 30LB",-1.0354503441599,0,0,0,0,0,0,0,0.612796412210904,0,0,0.0366914541182498,0,0,0,-0.722086691983421,0,0,0,7.35440385161244,"ROM",0,0,0,0,0,0,0,NA,0,0,0,0,0,0,0,2
"ITEM2832DCKITKABOODLE_ROM","Dry Cat","Big Y","DC KIT KABOODLE 38LB",0,0.679819406414332,-1.82307147495941,-2.74131850786183,0,5.98704119785184,0,0,0,0,0,0,0,0,0,0,0.130679365323651,0,-1.4529032466052,4.26250775956906,"ROM",0,0,0,0,0,0,0,NA,-5.14233089656319e-14,0,0,0,0,0,0,1
"ITEM2833DCKITKABOODLE_ROM","Dry Cat","Big Y","DC KIT KABOODLE 24LB",0,0.621534917894862,-1.94162931395928,-2.2770742015919,0,10,0,0,-2.16390153590223,0,0,0,-0.0330355327044558,0,0,0,0,0,0,5.0009475065695,"ROM",0,0,0,0,0,0,0,NA,0,0,0,0,0,0,0,1
"ITEM2858DCPURINAONETRGTD_Retailer","Dry Cat","Big Y","DC PURINA ONE TRGTD 07LB",-0.800705857497777,1.71117800698722,-0.826491096749267,0,2.21942253208676,0,0,0,0.183525699478557,-0.0320892653784811,0,0,0,0,0,0,0,0,0,5.38631867564778,"Retailer",0,0,0,0,0,0,0,NA,0,0,0,0,0,0,0,2
"ITEM2858DCPURINAONETRGTD_ROM","Dry Cat","Big Y","DC PURINA ONE TRGTD 07LB",-0.146959970089312,0,0,0,1.6819942989005,0.0776930368783898,0,0,0.650619254754689,0,0,0,0,0,0,0,0,0,0,6.36752327884317,"ROM",0,0,0,0,0,0,0,NA,0,0,0,0,0,0,0,2
"ITEM2859DCPURINAONETRGTD_ROM","Dry Cat","Big Y","DC PURINA ONE TRGTD 16LB",0,1.27066278327892,-0.394242430502783,-0.0585326152356713,0,0.968375199782229,0,0,0.212437407588314,0,0,0,0,0,0,0,0,0,0,5.02105397495121,"ROM",0,0,0,0,0,0,0,NA,0,0,0,0,0,0,0,1
"ITEM2860DCPURINAONETRGTD_Retailer","Dry Cat","Big Y","DC PURINA ONE TRGTD 03.5LB",-0.50506876068704,2.44719571428538,0,-0.633660753610673,1.78622215278443,0,0.951972756327727,0,0.19138587731437,-0.0428270759694844,0,-0.143558076917172,-0.00741644862691115,0,0,0,0,0,0,5.74907814605982,"Retailer",0,0,0,0,0,0,0,NA,0,0,0,0,0,0,0,2
"ITEM2860DCPURINAONETRGTD_ROM","Dry Cat","Big Y","DC PURINA ONE TRGTD 03.5LB",-0.775902065216316,1.31189750156609,0,0,1.81661109083035,0.141163804804522,0,0,0.536344082236266,0.0195125395930868,0,0,0.00742877769568744,0,0,0,0,0,0,7.9631373977299,"ROM",0,0,0,0,0,0,0,NA,0,0,0,0,0,0,0,2
"ITEM2861DCPURINAONETRGTD_ROM","Dry Cat","Big Y","DC PURINA ONE TRGTD 02.8LB",-2.5,10,0,0,0,10,0,0,0,0,0,0,0.194783794557066,0,0,0,0,0,0,5.8735435529922,"ROM",0,0,0,0,0,0,0,NA,0,0,0,0,0,0,0,1
"ITEM2862DCPURINAONEML_ROM","Dry Cat","Big Y","DC PURINA ONE ML 16LB",0,0,0,-0.732991439719126,0,0,0,0,0.598256503926001,0,0,0,0,0,0,0,0.159982111174807,0,-0.63194822762188,2.67966037419631,"ROM",0,0,0,0,0,0,0,NA,0,0,0,0,0,0,0,1
"ITEM2863DCPURINAONEML_ROM","Dry Cat","Big Y","DC PURINA ONE ML 22LB",-0.947600525653591,5.312286701559,0,0,0,3.64786158611001,0,0,0.753038964296263,0,0,0,0,0,0,0,0,0,-0.0779333900774663,7.03638269994755,"ROM",0,0,0,0,0,0,0,NA,0,0,0,0,0,0,0,1
"ITEM2864DCPURINAONEML_Retailer","Dry Cat","Big Y","DC PURINA ONE ML 03.5LB",-1.28745031793947,1.69769551628522,-1.03442304969868,-0.766905448456094,4.01563688129786,0,2.90158718148757,0,0,0,0,0,0,0,0,0,0,0,0,5.05340530921745,"Retailer",0,0,0,0,0,0,0,NA,0,0,0,0,0,0,0,2
"ITEM2864DCPURINAONEML_ROM","Dry Cat","Big Y","DC PURINA ONE ML 03.5LB",-0.0651009724333034,1.78491797344068,0,0,3.76650394155985,0,0,0,0,0,-0.0485881935006825,0,0,0,0,0,0,0,0,5.57861021017328,"ROM",0,0,0,0,0,0,0,NA,0,0,0,0,0,0,0,2
"ITEM2865DCPURINAONEML_ROM","Dry Cat","Big Y","DC PURINA ONE ML 07LB",-1.36185930924276,0,0,0,1.64809346751349,0,0,0,0.243419879039014,0,0,0.0339893201121214,0.00877976475721998,0,0,-0.661009623782408,0,0,0,9.26777830375827,"ROM",0,0,0,0,0,0,0,NA,0,0,0,0,0,0,0,2
"ITEM2866DCPURINAONEML_ROM","Dry Cat","Big Y","DC PURINA ONE ML 02.8LB",-1.50405567282463,0,-0.121671812441087,-7.17375588864104,0,10,10,0,0,0,0,0,0.0459410117743394,0,0,-2.80677214558673,0,0,-0.766157548759134,7.42428528397942,"ROM",0,-8.15825736305023,-4.0227446308138,-0.185625884216341,-1.21593852219928,0,0,NA,-3.12677690163564,-0.735162327460621,0,0,-0.0156785362456367,-1.86148151652321,-0.972042459666212,1
"ITEM2867DCPURINAONETRUINST_ROM","Dry Cat","Big Y","DC PURINA ONE TRU INST 06.3LB",-0.99391038220897,0.544916623624219,-2.4975977892187,0,10,2.91786609302816,0,0,0,0,0,0,0,0,0,0,0,0,0,5.97990681480589,"ROM",0,0,0,0,0,0,0,NA,0,0,0,0,0,0,0,1
"ITEM2869DCPURINAONETRUINST_ROM","Dry Cat","Big Y","DC PURINA ONE TRU INST 03.2LB",-2.5,1.94982035765394,-0.229924342979669,-1.71846912626395,0,8.34549081790384,0,0,0.995835317921131,0,0,0,-0.00379475199293288,0,0,-2.51852860246595,1,0,-0.766679012578647,6.64466469624752,"ROM",0,0,0,0,0,0,0,NA,0,0,0,0,0,0,0,1
"ITEM28BEYONDGRFR_ROM","Dry Cat","Big Y","DC BEYOND GR FR 03LB",-0.553103802049189,1.43501552866246,-0.655885142489273,-0.506657247355182,4.58043545964479,1.45579245331248,0,0,0.428336532716711,0,0,-0.0606701757880623,-0.00741667475131881,0,0,0,0,0,0,5.9901175355477,"ROM",0,0,0,0,0,0,0,NA,0,0,0,0,0,0,0,2
"ITEM28PURINAONETRUINST_Retailer","Wet Dog","Big Y","DW PURINA ONE TRU INST 13OZ",-0.261980117242646,2.34608604397419,0,0,1.03098508915013,0,0,0,1.02402592956441,0,0,0,0.0272170277833272,NA,NA,0,0,NA,0,4.81507310842243,"Retailer",NA,0,NA,NA,NA,NA,NA,NA,0,0,NA,NA,NA,NA,NA,2
"ITEM28PURINAONETRUINST_ROM","Wet Dog","Big Y","DW PURINA ONE TRU INST 13OZ",-0.317152332672748,0,0,0,0.750101145195279,1.7832048179497,2.86545323058643,0,0.866422773438233,-0.0453653266673803,-0.0862908586172334,-0.195663803668008,0.0124057089874657,NA,NA,0,0,NA,-0.0941616495689719,7.55039773721471,"ROM",NA,0,NA,NA,NA,NA,NA,NA,-0.191028562052856,0,NA,NA,NA,NA,NA,2
"ITEM290CWCNPORGANIX_ROM","Wet Cat","Big Y","CW C&P ORGANIX 05.5OZ",0,0,-0.649488323858037,-1.83956890128095,0,0,10,0,-5.36984791452078,0,0,0,-0.0960939850100966,0,0,-2.97596351331868,0,NA,-1.92965817109006,10.8945975068636,"ROM",NA,0,NA,NA,NA,NA,NA,NA,0,0,NA,NA,NA,NA,NA,1
"ITEM291CWCNPPRISTINE_ROM","Wet Cat","Big Y","CW C&P PRISTINE 03OZ CAN",-2.29538264015521,0.0678143029819769,-0.684994625737259,-0.262552116168226,0,0,10,0,-6.11847223910195,0,0,0,-0.0700220754246687,0,0,0,1,NA,0,12.9629671998301,"ROM",NA,0,NA,NA,NA,NA,NA,NA,0,0,NA,NA,NA,NA,NA,1
"ITEM293CWFANCYFEASTAPPTZRS_ROM","Wet Cat","Big Y","CW FANCY FEAST APPTZRS 01.1OZ",-1.2215450706986,1.52233505322336,-7.87237230707392,0,3.29735898566664,0.305756248843858,0,0,0.139697282311319,0,0,0,0.0273758231413963,0,0,0,0,NA,0,7.19047880246538,"ROM",NA,0,NA,NA,NA,NA,NA,NA,0,0,NA,NA,NA,NA,NA,2
"ITEM294CWFANCYFEASTAPPTZRS_ROM","Wet Cat","Big Y","CW FANCY FEAST APPTZRS 01.1OZ 12CT",0,0,0,0,0,10,0,0,1.45968738890559,0,0,0,0,0,0,0,0,NA,0,0.947013599276647,"ROM",NA,0,NA,NA,NA,NA,NA,NA,0,0,NA,NA,NA,NA,NA,1
"ITEM296CWFRISKIESFAV_ROM","Wet Cat","Big Y","CW FRISKIES FAV 05.5OZ 24CT",-2.3484028735078,6.19989723459819,0,0,10,5.17346960041193,0,0,0,0,0,0,0,0,0,0,0,NA,0,10.2497011950361,"ROM",NA,0,NA,NA,NA,NA,NA,NA,0,0,NA,NA,NA,NA,NA,1
"ITEM297CWFRISKIESLILGRILSLURPUR_ROM","Wet Cat","Big Y","CW FRISKIES LIL GRIL/SLUR/PUR 01.6OZ 18CT",-1.69744994627067,1.74868189086935,0,-0.269331195411642,0,0,0,0,0,0,0,0,0,0,0,0,0,NA,0,9.26854786396941,"ROM",NA,0,NA,NA,NA,NA,NA,NA,0,0,NA,NA,NA,NA,NA,1
"ITEM298CWFRISKIESLILGRILSLURPUR_ROM","Wet Cat","Big Y","CW FRISKIES LIL GRIL/SLUR/PUR 01.6OZ",-1.77475010707605,1.65261998736397,0,0,3.72110129963187,0.362005440734003,0,0,0.697234262937901,-0.161540634253867,-0.248166742736028,-0.275584961317522,0.0230727974919576,0,0,0,0,NA,0,7.10615854082482,"ROM",NA,0,NA,NA,NA,NA,NA,NA,0,0,NA,NA,NA,NA,NA,2
"ITEM299CWFRISKIESLILSOUPS_ROM","Wet Cat","Big Y","CW FRISKIES LIL SOUPS 01.2OZ 18CT",-2.5,0.767497971763698,-2.24741844692497,-3.87636993716171,10,0,0,0,0,0,0,0,-0.0667670803508729,0,0,0,0,NA,0,9.97775004149305,"ROM",NA,0,NA,NA,NA,NA,NA,NA,0,0,NA,NA,NA,NA,NA,1
"ITEM29CWFANCYFEASTPURELYFILETS_ROM","Wet Cat","Big Y","CW FANCY FEAST PURELY FILETS 01OZ",-1.63101896917487,2.14530929723567,-1.09687699736706,-1.50935383043454,10,10,0,0,-3.75580795818546,0,0,0,-0.116784872080963,0,0,0,0,NA,-5.53332453603838,10.6305741443835,"ROM",NA,0,NA,NA,NA,NA,NA,NA,-3.88108762443358,0,NA,NA,NA,NA,NA,1
"ITEM300CWFRISKIESPREMIUM_ROM","Wet Cat","Big Y","CW FRISKIES PREMIUM 05.5OZ 24CT",-2.5,0,-29.3356997456941,-9.05295473101336,10,0,10,0,-6.83287808167035,0,0,0,-0.0430052715134765,0,0,0,0,NA,0,17.1688471822648,"ROM",NA,0,NA,NA,NA,NA,NA,NA,0,0,NA,NA,NA,NA,NA,1
"ITEM300DDDOGCHOWGREENBG_ROM","Dry Dog","Big Y","DD DOG CHOW GREEN BG 42-46LB",0,5.19587139340811,0,0,10,0,10,0,2.48883920988319,0,0,0,0.0136135027773673,0,0,0,0,0,0,0.826314320623734,"ROM",0,0,0,0,NA,0,NA,NA,0,0,0,NA,0,0,NA,1
"ITEM302CWKITKABOODLE_ROM","Wet Cat","Big Y","CW KIT KABOODLE 05.35OZ",0,0,-0.64997160608118,-1.59621499348298,0,0,0,0,0,0,0,0,-0.346214648551291,0,0,-2.82236007817247,0,NA,-2.41438125001096,8.00737946740115,"ROM",NA,-11.0745655387786,NA,NA,NA,NA,NA,NA,0,0,NA,NA,NA,NA,NA,1
"ITEM318CWPURINAONETRGTD_ROM","Wet Cat","Big Y","CW PURINA ONE TRGTD 03OZ",-4.56466759399854,2.18265681303193,0,-1.46296556404133,4.07305530396807,0,0,0,0,-0.101634938950613,0,0,0.0679864852124134,0,0,0,0,NA,0,6.26335033841928,"ROM",NA,0,NA,NA,NA,NA,NA,NA,0,0,NA,NA,NA,NA,NA,2
"ITEM323DDBELLA_ROM","Dry Dog","Big Y","DD BELLA 03LB",-2.5,7.31288613554759,0,0,10,10,0,0,-1.11496447725133,0,0,0,-0.150352675388967,0,0,-3.58861177613123,0,0,-2.3719101523834,10.5255583798546,"ROM",0,-3.91993827878155,0,0,NA,0,NA,NA,-0.563411763498239,-4.26218672870571,0,NA,-1.36872256439328,0,NA,1
"ITEM328CLTIDYCATSCLUMPNONLWBOX_ROM","Litter","Big Y","CL TIDY CATS CLUMP NON-LW BOX 23LB - BOX",0,0,0,0,0,10,10,10,0,0,0,0,0,NA,NA,NA,NA,NA,0,6.13976161615495,"ROM",NA,NA,NA,NA,NA,NA,NA,NA,0,NA,NA,NA,NA,NA,NA,1
"ITEM329CLTIDYCATSNONCLUMP_ROM","Litter","Big Y","CL TIDY CATS NON-CLUMP 40LB",-1.62513065797151,3.2813386893125,0,0,0,4.73625245380636,0,0,0.722911870786509,0,0,0,0,NA,NA,NA,NA,NA,0,7.06228142898849,"ROM",NA,NA,NA,NA,NA,NA,NA,NA,0,NA,NA,NA,NA,NA,NA,1
"ITEM330CLTIDYCATSNONCLUMP_ROM","Litter","Big Y","CL TIDY CATS NON-CLUMP 30LB",-0.368168137217811,0,0,0,0,0,0,0,0.632929447359043,0,0,0,0,NA,NA,NA,NA,NA,0,6.5805436729284,"ROM",NA,NA,NA,NA,NA,NA,NA,NA,0,NA,NA,NA,NA,NA,NA,1
"ITEM331CLTIDYCATSNONCLUMP_ROM","Litter","Big Y","CL TIDY CATS NON-CLUMP 50LB",0,0,0,0,0,0,0.504656537565066,0,0,0,0,0,0,NA,NA,NA,NA,NA,0,5.35454562604848,"ROM",NA,NA,NA,NA,NA,NA,NA,NA,0,NA,NA,NA,NA,NA,NA,1
"ITEM332CLTIDYCATSNONCLUMP_ROM","Litter","Big Y","CL TIDY CATS NON-CLUMP 52LB",0,2.28609443854184,0,0,0,0,0,0,0,0,0,0,0,NA,NA,NA,NA,NA,0,3.6157354190116,"ROM",NA,NA,NA,NA,NA,NA,NA,NA,0,NA,NA,NA,NA,NA,NA,1
"ITEM333CLTIDYCATSCLUMPNONLW_ROM","Litter","Big Y","CL TIDY CATS CLUMP NON-LW 40LB",0,0,-0.853347370681713,-1.08787902354062,10,10,10,0,0,0,0,0,-0.0572832090772573,NA,NA,NA,NA,NA,0,2.51138291191362,"ROM",NA,NA,NA,NA,NA,NA,NA,NA,0,NA,NA,NA,NA,NA,NA,1
"ITEM335CLTIDYCATSCLUMPNONLW_ROM","Litter","Big Y","CL TIDY CATS CLUMP NON-LW 20LB 2PK",0,2.99031590200085,0,0,0,0,0,0,0,0,0,0,0,NA,NA,NA,NA,NA,0,3.61010008960281,"ROM",NA,NA,NA,NA,NA,NA,NA,NA,0,NA,NA,NA,NA,NA,NA,1
"ITEM335DDDOGCHOWLX_ROM","Dry Dog","Big Y","DD DOG CHOW LX 16.5-18LB",-2.5,0,-0.0654625942554144,-4.95926788134268,10,7.46693342644219,10,0,0,0,0,0,0,0,0,0,0,0,0,10.1152747963038,"ROM",0,0,0,0,NA,0,NA,NA,0,0,0,NA,0,0,NA,1
"ITEM336CLTIDYCATSCLUMPNONLWPAIL_ROM","Litter","Big Y","CL TIDY CATS CLUMP NON-LW PAIL 38LB",0,10,0,0,0,10,10,0,0,0,0,0,0,NA,NA,NA,NA,NA,0,5.26886889806002,"ROM",NA,NA,NA,NA,NA,NA,NA,NA,0,NA,NA,NA,NA,NA,NA,1
"ITEM337CLTIDYCATSCLUMPNONLW_ROM","Litter","Big Y","CL TIDY CATS CLUMP NON-LW 10LB",0,0,0,0,0,1.15389383556622,0,0,0,0,0,0,0.0159068962987803,NA,NA,NA,NA,NA,0,5.06750913798271,"ROM",NA,NA,NA,NA,NA,NA,NA,NA,0,NA,NA,NA,NA,NA,NA,1
"ITEM338CLTIDYCATSBREEZEPELLETS_ROM","Litter","Big Y","CL TIDY CATS BREEZE PELLETS 03.5LB",-2.5,0,-10.6936484970006,-2.4308806290609,10,10,10,0,0,0,0,0,0,NA,NA,NA,NA,NA,0,8.99212202858637,"ROM",NA,NA,NA,NA,NA,NA,NA,NA,0,NA,NA,NA,NA,NA,NA,1
"ITEM33CWFANCYFEASTMEDLEYS_Retailer","Wet Cat","Big Y","CW FANCY FEAST MEDLEYS 03OZ 12CT",-1.14312988338822,0.953560295145622,-1.66931567580709,0,4.92773798093871,0,0,0,0,0,0,0,0,0,0,0,0,NA,0,4.37039424680992,"Retailer",NA,0,NA,NA,NA,NA,NA,NA,0,0,NA,NA,NA,NA,NA,2
"ITEM33CWFANCYFEASTMEDLEYS_ROM","Wet Cat","Big Y","CW FANCY FEAST MEDLEYS 03OZ 12CT",0,0,0,0,2.40175471310411,0,4.99758479027485,2.72485791090306,0.375959304238791,0,-0.0376853461344217,0,0.00130994148423165,0,0,0,0,NA,0,6.49300069483973,"ROM",NA,0,NA,NA,NA,NA,NA,NA,0,0,NA,NA,NA,NA,NA,2
"ITEM340CLTIDYCATSBREEZEPADS_ROM","Litter","Big Y","CL TIDY CATS BREEZE PADS 04CT",-1.36234382543281,0,0,0,8.38485336587908,0,0,0,0,0,0,0,0,NA,NA,NA,NA,NA,0,6.43504431081033,"ROM",NA,NA,NA,NA,NA,NA,NA,NA,0,NA,NA,NA,NA,NA,NA,2
"ITEM341CLTIDYCATSCLUMPLW_ROM","Litter","Big Y","CL TIDY CATS CLUMP LW 19.5LB",-1.80240257435202,0,0,0,0,2.44204679491335,0,0,1.22073231785221,0,0,0,0,NA,NA,NA,NA,NA,-0.243894739108243,9.85066375989023,"ROM",NA,NA,NA,NA,NA,NA,NA,NA,0,NA,NA,NA,NA,NA,NA,1
"ITEM342CLTIDYCATSCLUMPLW_ROM","Litter","Big Y","CL TIDY CATS CLUMP LW 17LB - PAIL",0,0,0,0,3.58715447043868,0.891613560158833,1.79691245001195,0,0.412290414633171,0,0.0285418892308089,0,0.00408038094468112,NA,NA,NA,NA,NA,0,4.75912096944448,"ROM",NA,NA,NA,NA,NA,NA,NA,NA,0,NA,NA,NA,NA,NA,NA,2
"ITEM342DDBEYONDSMP_ROM","Dry Dog","Big Y","DD BEYOND SMP9 03-4LB",0,3.24982219095946,0,0,0,6.24215255466458,0,0,0,0,0,0,-0.00681485847139537,0.997720232400434,0,-1.34902210289243,0.890183719360696,1,-2.45643268378547,-6.27665131513012,"ROM",0,-1.85821288885406,0,0,NA,0.415935478046404,NA,NA,0,0,0,NA,0,0,NA,1
"ITEM344CLTIDYCATSCLUMPLW_ROM","Litter","Big Y","CL TIDY CATS CLUMP LW 06LB",-1.65537212518569,1.41901174721028,0,0,10,5.0823141453554,4.20498173564908,0,0,0,0,0,0,NA,NA,NA,NA,NA,0,8.05912649656005,"ROM",NA,NA,NA,NA,NA,NA,NA,NA,0,NA,NA,NA,NA,NA,NA,1
"ITEM345CLTIDYCATSNATSTRGNONCLUMP_ROM","Litter","Big Y","CL TIDY CATS NAT STRG NON-CLUMP 35LB",-1.25694747126342,0,-4.14213424468678,-3.7062740673392,0,10,0,0,1.0697153074512,0,0,0,0.00665209268634953,NA,NA,NA,NA,NA,0,5.96436669207131,"ROM",NA,NA,NA,NA,NA,NA,NA,NA,0,NA,NA,NA,NA,NA,NA,1
"ITEM346CLTIDYCATSNATSTRGNONCLUMP_ROM","Litter","Big Y","CL TIDY CATS NAT STRG CLUMP 14LB",-2.5,1.02488913634727,0,-2.93562311869526,0,4.56342652510291,0,0,0,0,0,0,0.0165229399183761,NA,NA,NA,NA,NA,0,10.8091637198359,"ROM",NA,NA,NA,NA,NA,NA,NA,NA,0,NA,NA,NA,NA,NA,NA,1
"ITEM347CLTIDYCATSPURENATUREALT_ROM","Litter","Big Y","CL TIDY CATS PURE NATURE ALT 12LB",-2.5,0,-23.7274812318312,-18.7328943275998,0,0,0.944154980477688,0,0,0,0,0,0,NA,NA,NA,NA,NA,0,9.73097022831408,"ROM",NA,NA,NA,NA,NA,NA,NA,NA,0,NA,NA,NA,NA,NA,NA,1
"ITEM347DDPUPPYCHOW_Retailer","Dry Dog","Big Y","DD PUPPY CHOW 16.5LB",-0.14703198080814,0.249602036851087,0,0,2.45520909508173,0,0,0,0,0,0,0,0,0,0,0,0,0,0,3.12914402850947,"Retailer",0,0,0,0,NA,0,NA,NA,0,0,0,NA,0,0,NA,2
"ITEM347DDPUPPYCHOW_ROM","Dry Dog","Big Y","DD PUPPY CHOW 16.5LB",0,0,0,0,1.16728072047555,0,5.87941443846505,0,0.836253907583531,0,-0.0414409174734195,-0.0374097884538902,0.00269889614869818,0,0,0,0,0,0,5.06261222486846,"ROM",0,0,0,0,NA,0,NA,NA,0,0,0,NA,0,0,NA,2
"ITEM348CLYESTERDAYSNEWALT_ROM","Litter","Big Y","CL YESTERDAYS NEW ALT 10LB",-2.5,0.993466167328631,-0.0409768560093884,0,0,0,0,0,-0.0882168091999439,0,0,0,-0.115793923802274,NA,NA,NA,NA,NA,0,10.0208934326634,"ROM",NA,NA,NA,NA,NA,NA,NA,NA,0,NA,NA,NA,NA,NA,NA,1
"ITEM36BENEFULSPRFOOD_ROM","Wet Dog","Big Y","DW BENEFUL SPRFOOD 09OZ",-1.16944768182268,1.52444686594872,0,-1.65782780216052,0,0,10,0,0,0,0,0,-0.0135634123109468,NA,NA,0,0,NA,0,5.19680125938462,"ROM",NA,0,NA,NA,NA,NA,NA,NA,0,0,NA,NA,NA,NA,NA,1
"ITEM36CWFANCYFEASTNATURALSML_Retailer","Wet Cat","Big Y","CW FANCY FEAST NATURALS ML 03OZ",-1.0538023256146,1.70818445084908,0,0,3.36603934993846,0.215718828542792,0,0,0,-0.206107670234863,0,0,0.0176074896759466,0,0,-1.24723199039217,0,NA,-0.867494711415991,4.55061044776082,"Retailer",NA,0,NA,NA,NA,NA,NA,NA,0,0,NA,NA,NA,NA,NA,2
"ITEM36CWFANCYFEASTNATURALSML_ROM","Wet Cat","Big Y","CW FANCY FEAST NATURALS ML 03OZ",-2.69097805101146,2.02631234633346,0,0,3.38022065578555,0,0,0,0.443372993706108,0,0.132334972562545,0.179012053942311,0.0278450721399223,0,0,0,0,NA,0,7.13129267221751,"ROM",NA,0,NA,NA,NA,NA,NA,NA,0,0,NA,NA,NA,NA,NA,2
"ITEM37BEGGINMT_Retailer","Dog Treats","Big Y","DT BEGGIN MT 06OZ",-0.1,0.717606867155465,-0.801739310782588,-1.00084038949026,1.97680538110919,0,0.581256274055688,0,0.29584971303096,0,0,0,0.00817624567312025,0,0,0,0,0,0,3.50755516075104,"Retailer",0,0,0,0,0,0,0,0,0,0,NA,NA,NA,NA,NA,2
"ITEM37BEGGINMT_ROM","Dog Treats","Big Y","DT BEGGIN MT 06OZ",-1.83986624829123,3.38104530696594,0,0,0,0.217538783573869,1.40534588235607,0,1.02735013455092,0.0131567386579633,0,0,0.00994906380562695,0,0,0,0,0,-0.0100358624609157,9.46185151313089,"ROM",0,0,0,0,0,0,0,0,0,0,NA,NA,NA,NA,NA,2
"ITEM37CWFRISKIES_Retailer","Wet Cat","Big Y","CW FRISKIES 03OZ 12CT",-0.1,0.1,-0.311765520505745,-0.268031452815393,3.31440588129144,0,0,0,0,-0.0537393495451781,0,0.00332709529164502,-0.0116728733452022,0,0,0,0,NA,0,3.02296123831891,"Retailer",NA,0,NA,NA,NA,NA,NA,NA,0,0,NA,NA,NA,NA,NA,0
"ITEM37CWFRISKIES_ROM","Wet Cat","Big Y","CW FRISKIES 03OZ 12CT",-1.496355569934,3.33881375380066,0,-1.8378415815633,9.24225211732806,8.06809389587871,10,0,-4.22891277587038,0,0,0,0,0,0,-2.31241133736548,0,NA,-27.5271278671078,10.6720189640528,"ROM",NA,0,NA,NA,NA,NA,NA,NA,0,0,NA,NA,NA,NA,NA,1
"ITEM380DDBENEFULPREMIUM_Retailer","Dry Dog","Big Y","DD BENEFUL PREMIUM 09.4-12.5LB",-2.5,6.77681809463275,0,0,6.26088486475255,0,0,0,-1.71221798187574,0,0,0,0,0,0,-2.52239646657402,0,0,0,10.3439458771045,"Retailer",0,-1.36341747167356,0,0,NA,0,NA,NA,0,0,0,NA,0,0,NA,1
"ITEM380DDBENEFULPREMIUM_ROM","Dry Dog","Big Y","DD BENEFUL PREMIUM 09.4-12.5LB",-2.5,0,-24.6140436815408,-26.3363732321745,10,0.50653861033243,0,0,0,0,0,0,0,0,0,-3.58685240769208,0,0,-0.961633942204273,10.1088518269678,"ROM",0,0,0,0,NA,0,NA,NA,-1.31785178995678,0,0,NA,0,0,NA,1
"ITEM3810018507_ROM","Dog Treats","Big Y","DT BUSY TWISTED CW 66OZ",0,0,0,-1.79836326423657,0,5.72875860481436,0,0,0,0,0,0,0.13377780021213,0,0,0,0,0,0,2.48876281517439,"ROM",0,0,0,0,0,0,0,0,0,0,NA,NA,NA,NA,NA,1
"ITEM388DDMOISTANDMEATY_ROM","Dry Dog","Big Y","DD MOIST AND MEATY 012OZ",0,3.94446585366172,0,0,0,0,0,0,0.867733531664634,0,0,0,0,0,0,-0.439537238854726,0.127082593820147,0,0,4.18579988113984,"ROM",0,-0.451812273538028,0,0,NA,0,NA,NA,0,0,0,NA,0,0,NA,1
"ITEM390DDDOGCHOWGREENBG_Retailer","Dry Dog","Big Y","DD DOG CHOW GREEN BG 18.5-20LB",-0.152517888789869,0.249867191905321,0,0,2.55787175649836,0,0,0,0,0,0,0,0,0,0,0,0,0,0,3.16949994491859,"Retailer",0,0,0,0,NA,0,NA,NA,0,0,0,NA,0,0,NA,2
"ITEM390DDDOGCHOWGREENBG_ROM","Dry Dog","Big Y","DD DOG CHOW GREEN BG 18.5-20LB",-0.757108176906496,0,0,0,0.121762001032362,0.0728218220900013,0.783473011932752,8.59625374172204,1.57869799067634,0,0,0,-0.00450851536923245,0,0,0,0,0,0,7.27343351907163,"ROM",0,0,0,0,NA,0,NA,NA,0,0,0,NA,0,0,NA,2
"ITEM39TBONZMT_ROM","Dog Treats","Big Y","DT T BONZ MT 04.5OZ",-2.5,1.95402888917983,0,0,0,0,0,0,0,0,0,0,0,0,0,-0.164365324004228,0.135981179809713,0,0,7.26333587534655,"ROM",0,0,0,0,0,0,0,0,0,0,NA,NA,NA,NA,NA,1
"ITEM3CWFANCYFEASTML_Retailer","Wet Cat","Big Y","CW FANCY FEAST ML 03OZ",-0.689478519379418,1.71314256979293,0,0,0,0.0398303476287499,0.328237616284483,0,0.487283636469851,-0.0735827449451945,0,0,0.00914844820357921,0,0,0,0,NA,-3.12016412730038,10.2221378088103,"Retailer",NA,0,NA,NA,NA,NA,NA,NA,-0.451876223512177,0,NA,NA,NA,NA,NA,2
"ITEM3CWFANCYFEASTML_ROM","Wet Cat","Big Y","CW FANCY FEAST ML 03OZ",-1.58547789698981,0,0,0,0,0.00986164920814593,1.09128622775754,0,0.799486364512415,0,0,0,0.0128300305818434,0,0,-0.0479459246992791,0,NA,-0.203507404266938,11.3467649052357,"ROM",NA,0,NA,NA,NA,NA,NA,NA,0,0,NA,NA,NA,NA,NA,2
"ITEM3FRISKIESML_Retailer","Dry Cat","Big Y","DC FRISKIES ML 01LB",-2.5,1.79965848090052,-0.928174135950005,-0.928014513805243,6.12990569380082,0,0,0,0,0,0,0,0,0,0,0,0,0,0,2.51722702803803,"Retailer",0,0,0,0,0,0,0,NA,0,0,0,0,0,0,0,1
"ITEM3FRISKIESML_ROM","Dry Cat","Big Y","DC FRISKIES ML 01LB",0,2.49178001146436,-6.02574744341293,-5.09541838909838,0,10,0,0,-6.65644244791859,0,0,0,-0.0658055823359021,0,0,0,0,0,0,12.4378123755877,"ROM",0,0,0,0,0,0,0,NA,0,0,0,0,0,0,0,1
"ITEM40037DDDOGCHOWGREENBG_ROM","Dry Dog","Big Y","DD DOG CHOW GREEN BG 30-33.5LB",-2.5,8.05938689842452,0,0,0,5.44749922079093,0,0,2.047268213282,0,0,0,0.0291928100007219,0,0,0,0,0,0,9.15616980206085,"ROM",0,0,0,0,NA,0,NA,NA,0,0,0,NA,0,0,NA,1
"ITEM413BEGGINMT_Retailer","Dog Treats","Big Y","DT BEGGIN MT 25OZ",-0.1,0.709180512826483,0,0,2.43909055472044,0,0,0,0.090928662556265,0,0,0,0,0,0,0,0,0,0,3.11789302042123,"Retailer",0,0,0,0,0,0,0,0,0,0,NA,NA,NA,NA,NA,2
"ITEM413BEGGINMT_ROM","Dog Treats","Big Y","DT BEGGIN MT 25OZ",-1.15938408732707,2.68523780046752,0,-0.18169838880524,2.15079987598859,0,1.01515863334206,1.64765643197694,0.447764900670962,0,0,0,0,0,0,0,0,0,0,8.3088293845528,"ROM",0,0,0,0,0,0,0,0,0,0,NA,NA,NA,NA,NA,2
"ITEM420DDBENEFUL_ROM","Dry Dog","Big Y","DD BENEFUL 48LB",-2.07482906944001,0,0,0,0,5.38358350073481,2.74096979768202,0.167272369277121,0,0,0,0,0,0,0,0,0,0,0,12.4679644262866,"ROM",0,0,0,0,NA,0,NA,NA,0,0,0,NA,0,0,NA,1
"ITEM423DDALPO_ROM","Dry Dog","Big Y","DD ALPO 04LB",0,0,-1.35939629220726,-1.54129762105423,0,10,0,0,-2.10194770156199,0,0,0,-0.0904521998455504,0,0,0,1,0,0,4.58884525808832,"ROM",0,0,0,0,NA,0,NA,NA,0,0,0,NA,0,0,NA,1
"ITEM425DDDOGCHOWLX_ROM","Dry Dog","Big Y","DD DOG CHOW LX 13.5LB",-1.21822272272024,4.8691171530879,0,0,0,10,0,0,-2.30856597644917,0,0,0,0,0,0,0,0,0,0,8.53065520005596,"ROM",0,0,0,0,NA,0,NA,NA,0,0,0,NA,0,0,NA,1
"ITEM437DDPURINAONETRUINSTGF_ROM","Dry Dog","Big Y","DD PURINA ONE TRU INST GF 03LB",-2.17303756744549,3.77211350867705,0,0,0,3.21420593180919,0,0,0,0,0,0,0,0,0,-5.07157034379394,1,0,-1.95726651932729,3.98548732864811,"ROM",0,0,0,0,NA,0,NA,NA,-1.69877963536944,0,0,NA,0,0,NA,1
"ITEM452DDPURINAONEML_ROM","Dry Dog","Big Y","DD PURINA ONE ML 03LB",0,0,0,-1.28178287726134,0,10,10,0,0.319478380692844,0,0,0,0,0.0888890195811869,0,0,0,0,0,4.96414450958475,"ROM",0,0,0,0,NA,0,NA,NA,0,0,0,NA,0,0,NA,1
"ITEM468DDPURINAONETRUINST_ROM","Dry Dog","Big Y","DD PURINA ONE TRU INST 27.5LB",-0.0362973913082454,0,0,0,0,0,10,0,0,0,0,0,0,0,0,0,0,0,0,4.24848213948734,"ROM",0,0,0,0,NA,0,NA,NA,0,0,0,NA,0,0,NA,1
"ITEM469DDALPO_ROM","Dry Dog","Big Y","DD ALPO 14LB",-0.695125475984714,1.80584822187424,-0.343168135603306,0,3.96282514491653,0.229474074533636,3.13814425968924,0,0.647539101782936,0,0,0,0,0,0,0,0,0,-0.0150414862014178,6.35717165844937,"ROM",0,0,0,0,NA,0,NA,NA,0,0,0,NA,0,0,NA,1
"ITEM46CWFANCYFEASTSAVRYCNTR_Retailer","Wet Cat","Big Y","CW FANCY FEAST SAVRY CNTR 03OZ",-0.212517007412477,0.1,0,0,5.97141040389513,0.319402514453534,0,0,-0.785908494384974,-0.290314426663677,-0.173404429159563,-0.183566705486666,-0.216964537017766,0,0,0,0,NA,0,3.81786034553795,"Retailer",NA,0,NA,NA,NA,NA,NA,NA,0,0,NA,NA,NA,NA,NA,0
"ITEM46CWFANCYFEASTSAVRYCNTR_ROM","Wet Cat","Big Y","CW FANCY FEAST SAVRY CNTR 03OZ",-0.330579518207944,1.28194931776446,0,-0.429411694958548,10,10,0,0,0,0,0,0,-0.046100094715952,0,0,0,0,NA,0,4.76164671698729,"ROM",NA,0,NA,NA,NA,NA,NA,NA,0,0,NA,NA,NA,NA,NA,1
"ITEM471DDDOGCHOWGREENBG_ROM","Dry Dog","Big Y","DD DOG CHOW GREEN BG 14LB",-2.1560476271231,2.21481142565842,0,-0.479776092745634,0,10,0,0,0,0,0,0,0.01772020701376,0,0,0,0,0,0,8.67864763642255,"ROM",0,0,0,0,NA,0,NA,NA,0,0,0,NA,0,0,NA,1
"ITEM484DDPURINAONETRUINST_ROM","Dry Dog","Big Y","DD PURINA ONE TRU INST 07.4LB",-0.680375454889951,0,-1.88345073275432,0,7.70155587021626,0,0,0,0,0,0,0,0,0,0,-0.368179182880386,0.214251653985742,0.215110894345664,0,4.73963203251713,"ROM",0,0,0,0,NA,0,NA,NA,0,0,0,NA,0,0,NA,1
"ITEM489DDPURINAONETRUINSTGF_ROM","Dry Dog","Big Y","DD PURINA ONE TRU INST GF 06LB",-2.5,1.54024721004379,-3.91630754567334,-1.23912742317568,0,4.02059931675186,0,0,-1.13183546990249,0,0,0,0,0,0,-5.0318931690558,1,0.514831084020918,-4.2870657831439,6.38892721455693,"ROM",0,-8.23510085680163,0,0,NA,0,NA,NA,-1.39408127659053,-5.04454561534966,0,NA,-0.524269176657462,0,NA,1
"ITEM498DDPURINAONETRUINST_ROM","Dry Dog","Big Y","DD PURINA ONE TRU INST 12LB",0,0,0,0,0,10,0,0,0,0,0,0,0,0,0,-2.02410716473732,0.381151286471657,0.631510644173398,0,1.35527421505237,"ROM",0,0,0,0,NA,0,NA,NA,0,0,0,NA,0,0,NA,1
"ITEM49CWFANCYFEASTML_Retailer","Wet Cat","Big Y","CW FANCY FEAST ML 03OZ 12CT",-2.11161987376391,1.71360573444026,0,0,3.91738090813353,0,0,0,0,0,0,0,0,0,0,0,0,NA,0,6.80174423706556,"Retailer",NA,0,NA,NA,NA,NA,NA,NA,0,0,NA,NA,NA,NA,NA,2
"ITEM49CWFANCYFEASTML_ROM","Wet Cat","Big Y","CW FANCY FEAST ML 03OZ 12CT",-0.490768363493698,0,0,0,2.4830743900527,0.362047262654082,0,0,0.927508786241615,0,0,0,0,0,0,0,0,NA,0,6.99703679423313,"ROM",NA,0,NA,NA,NA,NA,NA,NA,0,0,NA,NA,NA,NA,NA,2
"ITEM4CWFANCYFEASTBROTHS_Retailer","Wet Cat","Big Y","CW FANCY FEAST BROTHS 01.4OZ",-0.177710834331462,1.06330097418121,-1.49610216310125,-2.67100005160693,2.27823582287219,0,0,0,0,-0.137351785904536,-0.219307457979607,-0.228329282243597,-0.00979934363905771,0,0,0,0,NA,0,5.72773339813498,"Retailer",NA,0,NA,NA,NA,NA,NA,NA,0,0,NA,NA,NA,NA,NA,2
"ITEM4CWFANCYFEASTBROTHS_ROM","Wet Cat","Big Y","CW FANCY FEAST BROTHS 01.4OZ",-1.57103947122284,2.00801623404997,-0.153615547847084,-0.127249614716248,1.07046145475667,0,0.384985882687999,0,0.334854547730442,-0.13792564143644,-0.174062496956747,-0.17097542094991,0.00390197377723188,0,0,0,0,NA,-0.0575352266022614,9.21779266757847,"ROM",NA,0,NA,NA,NA,NA,NA,NA,0,0,NA,NA,NA,NA,NA,2
"ITEM503DDDOGCHOWGREENBG_ROM","Dry Dog","Big Y","DD DOG CHOW GREEN BG 04.4LB",-2.5,0,-4.77319339270369,-6.27000013149109,7.05410579827571,0,10,0,0,0,0,0,0,0,0,0,0,0,0,8.00585737754812,"ROM",0,0,0,0,NA,0,NA,NA,0,0,0,NA,0,0,NA,1
"ITEM507DDPURINAONETRUINSTGF_Retailer","Dry Dog","Big Y","DD PURINA ONE TRU INST GF 12.5LB",-0.1,0.738115198212024,-0.179660983504493,0,4.18508185433153,0,0,0.776370237057569,-0.0151550395614011,0,0,0,-0.11819740091235,0,0,0,0,0,0,2.26719751106119,"Retailer",0,0,0,0,NA,0,NA,NA,0,0,0,NA,0,0,NA,0
"ITEM507DDPURINAONETRUINSTGF_ROM","Dry Dog","Big Y","DD PURINA ONE TRU INST GF 12.5LB",-2.5,0,-4.81632188797705,-5.71729603476109,10,0,0,0,-1.57672378362597,0,0,0,0,0,0,0,0,0,-5.0795911143379,12.5605955163671,"ROM",0,0,0,0,NA,0,NA,NA,-6.25228783493879,0,0,NA,0,0,NA,1
"ITEM50CTFRISKIESPARTYMIXCR_ROM","Cat Treats","Big Y","CT FRISKIES PARTY MIX/NAT YUM CR 06OZ",-1.16830480909028,3.58445427860021,-0.235366950755956,-0.613266729739432,0.536147206172709,0,0,1.38597768250274,0.629138503824423,-0.0517360254859054,-0.0725499500641684,0.0115936851667897,-0.00725274157772731,0,0,-0.786764349434901,0,0,0,8.7970240447667,"ROM",NA,NA,NA,NA,NA,NA,NA,NA,NA,NA,NA,NA,NA,NA,NA,2
"ITEM518DDDOGCHOWGREENBG_ROM","Dry Dog","Big Y","DD DOG CHOW GREEN BG 04LB",-2.5,0,-10.5015841996709,-8.61991953013736,0,10,10,0,-3.43440575736219,0,0,0,0,0,0,0,0,0,0,11.9327628019696,"ROM",0,0,0,0,NA,0,NA,NA,0,0,0,NA,0,0,NA,1
"ITEM522DDPURINAONETRUINST_Retailer","Dry Dog","Big Y","DD PURINA ONE TRU INST 15LB",-1.39536344424983,0.621230424280944,0,0,5.41884045359186,0,1.20383274047631,0,-1.26282043778043,0,0,0,-0.0109570714340683,0,0,-1.12920562567194,0,0,-1.88662133681627,6.78241887981083,"Retailer",0,-0.595409497611027,0,0,NA,0,NA,NA,0,0,0,NA,0,0,NA,1
"ITEM522DDPURINAONETRUINST_ROM","Dry Dog","Big Y","DD PURINA ONE TRU INST 15LB",-1.38121968557392,1.10263701950303,0,0,2.79965524752218,0.419184295232777,4.55897652317451,0,0.32205878845015,0.0153361963014506,-0.0573934545492591,0.00353857189753619,0.00317408988057186,0,0,0,0,0,0,9.24098557733427,"ROM",0,0,0,0,NA,0,NA,NA,0,0,0,NA,0,0,NA,2
"ITEM532DDMOISTANDMEATY_Retailer","Dry Dog","Big Y","DD MOIST AND MEATY 072OZ",-0.270609231039217,0.52444957909136,0,0,1.66900337569016,0,0,0,0.250076397747879,0,0,0,0,0,0,0,0.602528495937947,0,0,2.65655956300999,"Retailer",0,0,0,0,NA,0,NA,NA,0,0,0,NA,0,0,NA,2
"ITEM532DDMOISTANDMEATY_ROM","Dry Dog","Big Y","DD MOIST AND MEATY 072OZ",-0.782322899657736,0,0,0,0,0,0,0,1.06942025134037,0,0.0327686207252014,-0.00760272318492191,0.00222854043329392,0,0,0,0,0,0,7.45059053665487,"ROM",0,0,0,0,NA,0,NA,NA,0,0,0,NA,0,0,NA,2
"ITEM53ALPOVARIETYSNAPSCR_ROM","Dog Treats","Big Y","DT ALPO VARIETY SNAPS CR 16OZ",-1.71134638758474,0,-4.14060822873321,-0.136336383326959,0,3.60990708063966,0,0,0,0,0,0,0,0,0,-1.79001862168486,0,0,0,7.71083763186536,"ROM",0,0,0,0,0,0,0,0,0,0,NA,NA,NA,NA,NA,1
"ITEM544DDMOISTANDMEATY_ROM","Dry Dog","Big Y","DD MOIST AND MEATY 036OZ",0,0.667726629541783,0,0,0,0,0,0,0.0254317494664793,0,0,0,0,0.127667615060418,0,0,0.0600021195962714,0,0,5.44888418259029,"ROM",0,0,0,0,NA,0,NA,NA,0,0,0,NA,0,0,NA,1
"ITEM547DDPURINAONEML_Retailer","Dry Dog","Big Y","DD PURINA ONE ML 31.1LB",-0.1,0.621534299554803,0,0,2.46407354388232,0,0,0,0.394759969054878,0,0,0,0,0,0,0,0,0,0,2.66396332885573,"Retailer",0,0,0,0,NA,0,NA,NA,0,0,0,NA,0,0,NA,2
"ITEM547DDPURINAONEML_ROM","Dry Dog","Big Y","DD PURINA ONE ML 31.1LB",-0.959542394063959,0,0,0,0,0.317512531453038,0,0,0,0,0,0,0,0,0,0,0,0,0,9.05227007817509,"ROM",0,0,0,0,NA,0,NA,NA,0,0,0,NA,0,0,NA,2
"ITEM54CWFRISKIES_Retailer","Wet Cat","Big Y","CW FRISKIES 03OZ 24CT",-0.1,0.1,-0.311765520505745,-0.268031452815393,4.15790444523111,0,0,0,0,-0.0537393495451781,0,0.00332709529164502,-0.0146435263981258,0,0,0,0,NA,0,2.13556506405223,"Retailer",NA,0,NA,NA,NA,NA,NA,NA,0,0,NA,NA,NA,NA,NA,0
"ITEM54CWFRISKIES_ROM","Wet Cat","Big Y","CW FRISKIES 03OZ 24CT",0,6.66907535800854,0,0,10,0,0,0,0,0,0,0,-0.139969314348569,0,0,-2.6709492989957,0,NA,-2.38143086891385,3.79636220039048,"ROM",NA,-3.4152227327248,NA,NA,NA,NA,NA,NA,-3.49889525433352,-4.68026556349386,NA,NA,NA,NA,NA,1
"ITEM555DDBEYONDSMBRDSPRFOOD_ROM","Dry Dog","Big Y","DD BEYOND SM-BRD/SPR FOOD 03-4LB",0,1.94447145839236,-0.0136412437887493,-0.161608840932317,0,0,0,0,0.136623049241544,0,0,0,0,0,0,-4.74505996202559,0,0,-1.89455366209608,2.99830291671267,"ROM",0,0,0,0,NA,0,NA,NA,0,0,0,NA,0,0,NA,1
"ITEM560DDPURINAONEML_Retailer","Dry Dog","Big Y","DD PURINA ONE ML 16.5LB",-1.28675386948687,0.619184383973277,0,0,3.68950904336603,0.0160989940379856,0,0,-0.682550774377699,0,0,0,0,0,0,0,0,0,0,7.08515174817,"Retailer",0,0,0,0,NA,0,NA,NA,0,0,0,NA,0,0,NA,2
"ITEM560DDPURINAONEML_ROM","Dry Dog","Big Y","DD PURINA ONE ML 16.5LB",-0.568764736722632,0,0,0,1.90866045998019,0.0345516395417917,0.4937261195474,0,0.311032941107407,0,0,0,0.000752158204880628,0,0,0,0,0,0,7.82969814443258,"ROM",0,0,0,0,NA,0,NA,NA,0,0,0,NA,0,0,NA,2
"ITEM561PRIMEBONESCW_Retailer","Dog Treats","Big Y","DT PRIME BONES CW 09.7-11.5OZ",-0.1,2.04008155005278,0,-0.213183717568217,1.02723351601874,0,0,0,-0.344561717730287,0,0,0,0,0,0,0,0,0,0,4.20809462007338,"Retailer",0,0,0,0,0,0,0,0,0,0,NA,NA,NA,NA,NA,2
"ITEM561PRIMEBONESCW_ROM","Dog Treats","Big Y","DT PRIME BONES CW 09.7-11.5OZ",-0.970937202670471,1.46911487821019,-0.0721575879767078,0,5.0288750155768,2.61025640202034,0,0,0.963610553685968,0,0,0,-0.0316438306529216,0,0,0,0,0,0,6.45682358852588,"ROM",0,0,0,0,0,0,0,0,0,0,NA,NA,NA,NA,NA,1
"ITEM565DDPURINAONEML_Retailer","Dry Dog","Big Y","DD PURINA ONE ML 04LB",-0.183494468359428,0.337086526836099,-1.15839900404707,-0.752152431054273,2.02533250440003,0,0,0,0,0,0,0,0,0,0,0,0,0,-0.816999334711489,4.79294878584026,"Retailer",0,0,0,0,NA,0,NA,NA,0,0,0,NA,0,0,NA,2
"ITEM565DDPURINAONEML_ROM","Dry Dog","Big Y","DD PURINA ONE ML 04LB",-1.26218379956891,2.00593256118955,0,-0.378526154078451,2.08038960213709,0,3.10018995210711,5.50728247344778,0.0967088930663184,-0.00906516345442129,0.0273890237301708,0,0.00773411976332872,0,0,-0.230981351801879,0,0,0,9.20711367838114,"ROM",0,0,0,0,NA,0,NA,NA,0,0,0,NA,0,0,NA,2
"ITEM574DDPURINAONETRUINST_ROM","Dry Dog","Big Y","DD PURINA ONE TRU INST 36LB",0,0,-0.335112804910786,0,0,3.60824741288959,0,0,0,0,0,0,0,0.428760191655741,1,0,1,1,-0.142868510452711,-4.67245514334167,"ROM",0,0,0,0,NA,0,NA,NA,-0.629047801107494,-0.629608039303694,0,NA,0,0,NA,1
"ITEM576DDMOISTANDMEATY_ROM","Dry Dog","Big Y","DD MOIST AND MEATY 360OZ",-0.566890438188942,0,0,0,0,0,0.978596392551143,0,0.583552897795422,0,0,0,0,0,0,0,0,0,-0.513126601390123,6.02471469577886,"ROM",0,0,0,0,NA,0,NA,NA,0,0,0,NA,0,0,NA,1
"ITEM582DDMOISTANDMEATY_ROM","Dry Dog","Big Y","DD MOIST AND MEATY 216OZ",0,0,0,0,0,1.07915079000358,0,0,0.685888851105935,0,0,0,0.00234719248674511,0,0,0,0,0,0,4.7398964936412,"ROM",0,0,0,0,NA,0,NA,NA,0,0,0,NA,0,0,NA,2
"ITEM59CWFANCYFEASTSAVRYCNTR_Retailer","Wet Cat","Big Y","CW FANCY FEAST SAVRY CNTR 03OZ 12CT",-2.24593249399195,1.70966638527248,0,0,6.47616734940938,0,0,0,0,0,0,0,0,0,0,0,0,NA,0,6.55290508371548,"Retailer",NA,0,NA,NA,NA,NA,NA,NA,0,0,NA,NA,NA,NA,NA,1
"ITEM59CWFANCYFEASTSAVRYCNTR_ROM","Wet Cat","Big Y","CW FANCY FEAST SAVRY CNTR 03OZ 12CT",-2.44762178880118,9.4294047561076,0,0,6.08757125092546,1.51077085463359,0,0,0,0,0,0,0,0,0,0,0,NA,0,10.8396956431908,"ROM",NA,0,NA,NA,NA,NA,NA,NA,0,0,NA,NA,NA,NA,NA,2
"ITEM5BENEFUL_Retailer","Wet Dog","Big Y","DW BENEFUL 10OZ",-1.81887616459991,2.41522073277863,0,-0.299376513309057,0,0.0572541230414669,0,0,0.440171915796779,0,0,0,0.0219020858988608,NA,NA,-0.350318461624617,0,NA,0,8.47004105305308,"Retailer",NA,-1.24880712758654,NA,NA,NA,NA,NA,NA,0,0,NA,NA,NA,NA,NA,2
"ITEM5BENEFUL_ROM","Wet Dog","Big Y","DW BENEFUL 10OZ",-1.33190327335673,0,0,0,1.16185834349753,0.256036741093195,1.24822900064932,0.235262171697837,0.349047015183969,0.041110265178968,0,0,0.0132531001555678,NA,NA,0,0,NA,-0.0282789342622756,9.20685412487665,"ROM",NA,0,NA,NA,NA,NA,NA,NA,-0.0254997319201549,0,NA,NA,NA,NA,NA,2
"ITEM5CTDENTALIFEDNT_ROM","Cat Treats","Big Y","CT DENTALIFE DNT 01.8OZ",-1.46668684435938,1.71138150135298,0,0,0,7.02553251589055,0,0,0,0,0,0,0,0,0,0,0,0,0,6.02724707926791,"ROM",NA,NA,NA,NA,NA,NA,NA,NA,NA,NA,NA,NA,NA,NA,NA,1
"ITEM5CWFANCYFEASTML_Retailer","Wet Cat","Big Y","CW FANCY FEAST ML 03OZ 24CT",-1.42636096972372,1.48445202851623,0,0,3.99791697959976,0.182430004347415,0,0,0,-0.11815897367058,0,0.0720027788095955,-0.00558936359480337,1,0,0,0,NA,0,6.70211421588432,"Retailer",NA,0,NA,NA,NA,NA,NA,NA,0,0,NA,NA,NA,NA,NA,2
"ITEM5CWFANCYFEASTML_ROM","Wet Cat","Big Y","CW FANCY FEAST ML 03OZ 24CT",-0.660808362906,0,0,0,2.17437173602689,0.323790432939503,0,0,0.885436358852704,-0.00654439590777018,0.0747486359825783,0.0193762281906552,0,0,0,0,0,NA,-0.176622380906415,8.28779941138803,"ROM",NA,0,NA,NA,NA,NA,NA,NA,0,0,NA,NA,NA,NA,NA,2
"ITEM60006CWFANCYFEASTML_ROM","Wet Cat","Big Y","CW FANCY FEAST ML 03OZ  12CT",0,0,-16.01733251934,-2.4915553172995,8.37752751120343,0,10,0,0,0,0,0,0,0,0,0,0,NA,0,4.21155300414013,"ROM",NA,0,NA,NA,NA,NA,NA,NA,0,0,NA,NA,NA,NA,NA,1
"ITEM60050CWFRISKIESPREMIUM_ROM","Wet Cat","Big Y","CW FRISKIES PREMIUM 03.5OZ",0,0.84579397639683,-1.55654094890857,-0.704064479260802,5.8915378139777,1.09183141608227,0,0,0,0,0,0,0.00431430177291586,0,0,0,0,NA,0,5.95430343466948,"ROM",NA,0,NA,NA,NA,NA,NA,NA,0,0,NA,NA,NA,NA,NA,2
"ITEM60083CWPURINAONETRUINST_ROM","Wet Cat","Big Y","CW PURINA ONE TRU INST 03OZ 12CT",-1.75889312945403,0,-2.0984628463701,-2.18344283284392,10,10,0,0,0,0,0,0,0,0,0,0,0,NA,0,7.42994581411612,"ROM",NA,0,NA,NA,NA,NA,NA,NA,0,0,NA,NA,NA,NA,NA,1
"ITEM600DDPURINAONEML_ROM","Dry Dog","Big Y","DD PURINA ONE ML 40LB",-0.0901462922478679,1.59142056679317,0,0,0,0.290543013113903,0,0,0.759546628763038,0,0,0,0,0,0,0,0,0,0,5.26864587369474,"ROM",0,0,0,0,NA,0,NA,NA,0,0,0,NA,0,0,NA,2
"ITEM601DDPURINAONEML_ROM","Dry Dog","Big Y","DD PURINA ONE ML 08LB",-1.28138417268763,0.73455469347126,0,-0.28519578631406,1.82667798661447,0.101447251493347,0.34425572037364,0,0.440730830679558,0,0,0.0141094621356242,0,0,0,0,0,0,0,9.5057727547603,"ROM",0,0,0,0,NA,0,NA,NA,0,0,0,NA,0,0,NA,2
"ITEM603DDPURINAONEML_ROM","Dry Dog","Big Y","DD PURINA ONE ML 44LB",-0.826087715666728,0,0,0,0,4.93720608368386,3.73786450392535,0.662539827761836,0,0,0,0,0,0,0,0,0,0,0,8.07789198618971,"ROM",0,0,0,0,NA,0,NA,NA,0,0,0,NA,0,0,NA,1
"ITEM606DDDOGCHOWGREENBG_ROM","Dry Dog","Big Y","DD DOG CHOW GREEN BG 48-55LB",-2.5,9.04114988687629,-4.63837414861159,0,10,10,8.71801445729462,2.95098361644875,0,0,0,0,0,0,0,0,0,0,0,11.7293761732479,"ROM",0,0,0,0,NA,0,NA,NA,0,0,0,NA,0,0,NA,1
"ITEM612DDPURINAONETRUINSTHIPRO_ROM","Dry Dog","Big Y","DD PURINA ONE TRU INST HI-PRO 15LB",0,0,0,0,0,10,0,0,0,0,0,0,0,0.894395020757467,0.117601380378898,-1.41521600100473,0.340366170061818,0.525193293981987,-0.956794269423792,-5.71814907621084,"ROM",1,0,0,0,NA,0.217511365749917,NA,NA,0,0,0.299803117630317,NA,0,0,NA,1
"ITEM614DTALPODT_ROM","Dog Treats","Big Y","DT ALPO DT 21OZ",-1.4034769931436,1.902715862161,-0.408640513363385,0,0,0,9.2927917576949,0,0.306560465297669,-0.0189528256823009,0,0,0.00744356067377503,0,0,-0.4684377782401,0,0,0,7.37180393537535,"ROM",0,0,0,0,0,0,0,0,0,0,NA,NA,NA,NA,NA,2
"ITEM615DDPURINAONETRUINSTHIPRO_ROM","Dry Dog","Big Y","DD PURINA ONE TRU INST HI-PRO 27.5LB",0,2.01423981706758,-0.0114396102654662,0,0,0,0,0,0,0,0,0,0,1,0,0,1,0,0,-3.54625685608684,"ROM",0,0,0,0,NA,0,NA,NA,0,0,0,NA,0,0,NA,1
"ITEM616DTALPODT_ROM","Dog Treats","Big Y","DT ALPO DT 08.8OZ",0,0,-0.241885605663771,0,0,0,0,0,0,0,0,0,0,0,0,0,0,0,0,4.9819144378918,"ROM",0,0,0,0,0,0,0,0,0,0,NA,NA,NA,NA,NA,1
"ITEM617DTALPOVARIETYSNAPSCR_ROM","Dog Treats","Big Y","DT ALPO VARIETY SNAPS CR 32OZ",-0.757496626559566,0.858152866463862,-0.592603371405594,-1.69572493966739,5.7545310782566,0.590187312117975,2.74984797877491,0,0.748237213148941,0,0,0,0.017074530090581,0,0,0,0,0,0,5.47935101878435,"ROM",0,0,0,0,0,0,0,0,0,0,NA,NA,NA,NA,NA,2
"ITEM618DTALPOVARIETYSNAPSCR_ROM","Dog Treats","Big Y","DT ALPO VARIETY SNAPS CR 60OZ",-2.5,0,0,0,10,0,0,0,0,0,0,0,0,0,0,0,0,0,0,7.74507845099749,"ROM",0,0,0,0,0,0,0,0,0,0,NA,NA,NA,NA,NA,1
"ITEM619DTTBONZMT_ROM","Dog Treats","Big Y","DT T BONZ MT 40OZ",0,0,0,0,0,0,0,0,0.605853222540665,0,0,0,0,0.0549302983896203,0.476839311171599,-1.98912114983415,0.83653779489139,0.218523768105179,-0.837230695186793,-4.86114219809292,"ROM",0.493595467643089,-1.00794875132682,-0.607479026157403,-4.5776152090134,-0.158061078390145,1,0.671604923900882,1,-1.30322769673449,0,NA,NA,NA,NA,NA,1
"ITEM621DTTBONZMT_ROM","Dog Treats","Big Y","DT T BONZ MT 45OZ",-1.37999175839132,0,-2.8999567631763,-4.72034114583213,0,0,0,0,1.15581205999181,0,0,0,0.220586029863766,0,0,-5.2233125874202,0,0,-10.4648671324962,1.18519104797662,"ROM",0,-1.94671368802911,-2.39748946957099,-0.876449582059505,0,0,0,0,0,0,NA,NA,NA,NA,NA,1
"ITEM622DTALPOTWISTABLESMT_ROM","Dog Treats","Big Y","DT ALPO TWIST-ABLES MT 05.5OZ",0,2.37542894843102,-1.28576877764754,0,0,10,0,0,0.0943298571862153,0,0,0,-0.0088530283340512,1,1,-0.402275241101845,0.0697947366230815,0.625402693365844,-0.49773834643536,-1.97731780986621,"ROM",0,-0.916136911202448,-6.54378812492736,-1.34669325500161,0,0,0,0,-0.246158122654485,-0.270990885483258,NA,NA,NA,NA,NA,1
"ITEM625DTBEGGINFUNSIZEMT_ROM","Dog Treats","Big Y","DT BEGGIN FUN SIZE MT 01.3OZ",-2.5,0,-2.65713181215126,-3.63190478897582,0,1.37854990274833,10,0,0,0,0,0,-0.0380113116960442,0,0,0,0,0,0,5.72235308117332,"ROM",0,0,0,0,0,0,0,0,0,0,NA,NA,NA,NA,NA,1
"ITEM626DTBEGGINMT_ROM","Dog Treats","Big Y","DT BEGGIN MT 03OZ",-1.81373335959837,3.13812196728496,-0.74235094228655,-0.892402319370843,0,8.17407552742698,10,0,0.834048152177616,0,0,0,0,1,0,-0.420497139296014,0.608761517609771,0.226106140337645,-0.164774948139064,2.60787917031901,"ROM",0,-2.26318485965494,0,0,0,0,0,0,-0.718926578559691,0,NA,NA,NA,NA,NA,1
"ITEM628DTBEGGINMT_ROM","Dog Treats","Big Y","DT BEGGIN MT 08.5-9OZ",-2.5,1.72473774126524,0,-1.31553465838755,0,10,0,0,0,0,0,0,0.0249262089507373,0.272062100026665,0,-1.95848307203563,0,0,-1.04069567713114,8.50393460568687,"ROM",0,-0.469529922943244,-0.849703784264679,-1.01319621745252,0,0,0,0,0,0,NA,NA,NA,NA,NA,1
"ITEM629DTBEGGINMT_ROM","Dog Treats","Big Y","DT BEGGIN MT 40OZ",-1.9791577463174,0.623383859910908,-1.31506560693745,-0.603342248988876,2.97381238203062,0.0455393864209569,0.459156786422102,5.67374424078817,0.705560339671006,0,0.0449235904756761,0,0.0111519674926891,0,0,0,0,0,0,9.81858384681331,"ROM",0,0,0,0,0,0,0,0,0,0,NA,NA,NA,NA,NA,2
"ITEM631DTBEGGINMT_ROM","Dog Treats","Big Y","DT BEGGIN MT 32OZ 2CT",-2.31850385289969,3.16939901491833,-0.451720550163663,0,0,2.81959158229338,0,4.10163033463092,0.567185282722228,0,0,0,0.00612559750518818,0.81855783720676,0,-2.29613680874021,0,0,0,10.0762692954096,"ROM",0,-3.59900019442963,0,0,0,0,0,0,0,0,NA,NA,NA,NA,NA,1
"ITEM632DTBENEFULBAKEDCR_ROM","Dog Treats","Big Y","DT BENEFUL BAKED CR 19.5-22OZ",-0.0365106221899784,0,0,0,0,0,0,0,0.480532248824952,0,0,0,0,0,0,0,0,0,0,5.21078375571095,"ROM",0,0,0,0,0,0,0,0,0,0,NA,NA,NA,NA,NA,2
"ITEM633DTBENEFULBAKEDCR_ROM","Dog Treats","Big Y","DT BENEFUL BAKED CR 32-36OZ",0,0,0,0,0,0,0,0,0,0,0,0,0,1,0.404284281373011,-0.939747534503919,1,0.678266189362948,-0.071484595038148,-0.0826405432542905,"ROM",0,-4.42944088523047,0,0,0,0.565138340799252,0,0,-2.33994749129493,0,NA,NA,NA,NA,NA,1
"ITEM634DDPURINAONEMLTRGTD_Retailer","Dry Dog","Big Y","DD PURINA ONE ML TRGTD 16.5LB",-0.506810059703678,1.36534295869421,0,0,2.85209992261738,0.0940674684822729,0,0.361891876630771,0,0,0,0,0,0,0,0,0,0,0,4.42104190955441,"Retailer",0,0,0,0,NA,0,NA,NA,0,0,0,NA,0,0,NA,2
"ITEM634DDPURINAONEMLTRGTD_ROM","Dry Dog","Big Y","DD PURINA ONE ML TRGTD 16.5LB",-0.0852016397480513,0,0,0,1.52231054040815,0,4.01246862461122,0,0.693600945722009,0,-0.0112127024576225,-0.011175935785402,0.00310360831813772,0,0,0,0,0,0,5.774436068876,"ROM",0,0,0,0,NA,0,NA,NA,0,0,0,NA,0,0,NA,2
"ITEM634DTBENEFULBAKEDCR_ROM","Dog Treats","Big Y","DT BENEFUL BAKED CR 08.5-9.5OZ",-0.905411297257261,0,0,0,8.08747324544765,0,0,0,0.644703258665631,0,0,0,0.00872561280483432,0,0,-1.0957369138797,0,0,-1.19316517197038,4.9198932656777,"ROM",0,-0.263680822619827,-0.509038367694457,0,0,0,0,0,-0.11442500375738,-0.135873623151179,NA,NA,NA,NA,NA,1
"ITEM637DDPURINAONEMLTRGTD_ROM","Dry Dog","Big Y","DD PURINA ONE ML TRGTD 07.4-8LB",-0.151971798885517,0.766136206893537,0,-0.347912745980153,1.78808580325218,0.0865740326944524,2.19693259872799,3.76708362076501,0.589485073551519,0,0,-0.0568760141495481,0.0158926726149842,0,0,0,0,0,0,5.80107246371593,"ROM",0,0,0,0,NA,0,NA,NA,0,0,0,NA,0,0,NA,2
"ITEM644DDDOGCHOWHIPROTEIN_ROM","Dry Dog","Big Y","DD DOG CHOW HI PROTEIN 20LB",0,1.27392306011399,-0.0776274466545093,0,0,0,0,0,0,0,0,0,0,0,0,0,0,0,0,2.24148116779246,"ROM",0,0,0,0,NA,0,NA,NA,0,0,0,NA,0,0,NA,1
"ITEM655DDPURINAONEMLTRGTD_ROM","Dry Dog","Big Y","DD PURINA ONE ML TRGTD 15LB",0,0,-0.548184394891093,-1.05687957392848,0,10,0,0,0.896161296988732,0,0,0,0,0,0,0,0,0,0,0.707517464116627,"ROM",0,0,0,0,NA,0,NA,NA,0,0,0,NA,0,0,NA,1
"ITEM656DDDOGCHOWHIPROTEIN_ROM","Dry Dog","Big Y","DD DOG CHOW HI PROTEIN 13LB",0,0,-0.47539150731157,-2.77797583163989,0,10,0,0,0,0,0,0,0.0452891186256501,0,0,0,0,0,0,2.87469923811593,"ROM",0,0,0,0,NA,0,NA,NA,0,0,0,NA,0,0,NA,1
"ITEM670DTBUSYCW_ROM","Dog Treats","Big Y","DT BUSY CW 06.5-7OZ",-1.64484231390943,1.61187523808434,0,0,2.77936756344673,0.116648792371216,0.666233728405047,0,0.907902322643401,0.078107922831436,0.0480211238677068,0,0.013251905425965,0,0,0,0,0,0,7.07597064195493,"ROM",0,0,0,0,0,0,0,0,0,0,NA,NA,NA,NA,NA,2
"ITEM671DTBUSYCW_ROM","Dog Treats","Big Y","DT BUSY CW 17-21OZ",-0.943078815990529,0,0,0,0,0,1.03252257524519,0,0.904425381186366,0,0,0,0,0,0,0,0,0,0,8.26394028634765,"ROM",0,0,0,0,0,0,0,0,0,0,NA,NA,NA,NA,NA,2
"ITEM672DTBUSYCW_ROM","Dog Treats","Big Y","DT BUSY CW 35OZ",0,1.89724379996313,-1.99156160772693,0,0,0,0,0,0.361053618160818,0,0,0,0.0504704950026216,0,0,0,0,0,0,4.04657155747756,"ROM",0,0,0,0,0,0,0,0,0,0,NA,NA,NA,NA,NA,1
"ITEM674DTBUSYCW_ROM","Dog Treats","Big Y","DT BUSY CW 01.2-1.7OZ",0,2.35660092068912,0,0,0,5.56017493314772,0,0,0,0,0,0,-0.0117392110432746,0,0,0,0,0,0,5.48501337958621,"ROM",0,0,0,0,0,0,0,0,0,0,NA,NA,NA,NA,NA,1
"ITEM675DTBUSYCHEWNOLACW_ROM","Dog Treats","Big Y","DT BUSY CHEWNOLA CW 04OZ",-0.595637203139621,1.46295378925491,0,-0.20460808431415,3.70764773848419,0,0,0,0.811677673073552,0,0,0,0,0,0,0,0,0,0,4.76762324181224,"ROM",0,0,0,0,0,0,0,0,0,0,NA,NA,NA,NA,NA,2
"ITEM676DTBUSYCWNOLACW_ROM","Dog Treats","Big Y","DT BUSY CWNOLA CW 20OZ",-1.00027822223904,0,0,0,0,0,0,0,0.532090343409519,0,0,0,0,0,0,0,0,0,0,7.16430531230416,"ROM",0,0,0,0,0,0,0,0,0,0,NA,NA,NA,NA,NA,2
"ITEM677DTBUSYTWISTSCW_ROM","Dog Treats","Big Y","DT BUSY TWISTS CW 06.5OZ",-1.71598945334325,0,0,0,0,0,0,0,0,0,0,0,0,0,0,0,0,0,0,8.00857742572382,"ROM",0,0,0,0,0,0,0,0,0,0,NA,NA,NA,NA,NA,1
"ITEM678DTBUSYWRAPSCW_ROM","Dog Treats","Big Y","DT BUSY WRAPS CW 07.8OZ",-1.689003688189,1.26841125024941,0,-0.310592741207256,4.46535715241767,0,4.18344708126308,0,0,0,0,0,0,0,0,0,0,0,0,7.96673938909176,"ROM",0,0,0,0,0,0,0,0,0,0,NA,NA,NA,NA,NA,1
"ITEM679DTBUSYRIBHIDECW_ROM","Dog Treats","Big Y","DT BUSY RIB HIDE CW 17.5OZ",-2.48936951702471,0,0,0,0,0,0,0,0.500694598711614,0,0,0,0,0.194325468418414,0,-1.50573311326273,0,0,0,10.5188968431695,"ROM",0,0,0,0,0,0,0,0,0,0,NA,NA,NA,NA,NA,1
"ITEM680DTBUSYRIBHIDECW_ROM","Dog Treats","Big Y","DT BUSY RIB HIDE CW 08.8OZ",-2.5,1.96968720603828,0,-0.64664574644311,0,0,0,0,0.366590706359721,0,0,0,-0.00660522839493589,0,0,0,0,0,-0.640039027277457,9.89586644827262,"ROM",0,0,0,0,0,0,0,0,0,0,NA,NA,NA,NA,NA,1
"ITEM681DTBUSYROLLHIDECW_ROM","Dog Treats","Big Y","DT BUSY ROLLHIDE CW 12OZ",-0.927763535666261,0,0,0,4.81571245298473,0,0.637907238467065,0,0.10853838205885,0,0,0,0,0,0,0,0,0,0,6.16894319168782,"ROM",0,0,0,0,0,0,0,0,0,0,NA,NA,NA,NA,NA,2
"ITEM682DTBUSYROLLHIDECW_ROM","Dog Treats","Big Y","DT BUSY ROLLHIDE CW 20OZ",-0.839705618068327,1.96146960741001,-1.09997996886617,0,0,0,2.48799336891682,0,0.439471652821873,0,0,0,0,0,0,0,0,0,0,7.10200592773634,"ROM",0,0,0,0,0,0,0,0,0,0,NA,NA,NA,NA,NA,1
"ITEM683DTBUSYROLLHIDECW_ROM","Dog Treats","Big Y","DT BUSY ROLLHIDE CW 04-6OZ",-0.21408071765943,0,0,0,0,0.233658151086483,1.86673071854096,3.92645128262191,0.812737780271691,-0.0142201515086416,-0.0291502503145329,0,-0.0170694288029777,0,0,-0.69285167336776,0,0,0,5.94274984548445,"ROM",0,-0.135584415552051,0,0,0,0,0,0,0,0,NA,NA,NA,NA,NA,2
"ITEM684DTBUSYTWISTEDCW_ROM","Dog Treats","Big Y","DT BUSY TWISTED CW 20.2-21OZ",-1.49388382395901,0,0,0,0,0.682079912014415,1.6095612341313,0,0.726351339209999,0,0,0,0.000844983867860939,0,0,0,0,0,0,8.61449456458825,"ROM",0,0,0,0,0,0,0,0,0,0,NA,NA,NA,NA,NA,2
"ITEM685DTBUSYTWISTEDCW_ROM","Dog Treats","Big Y","DT BUSY TWISTED CW 36OZ",-1.37355632013714,0,0,0,0,0,0,0,0.879568711809915,-0.0541171157116344,-0.0970231095967012,0,0.0021136666657003,0,0,0,0,0,0,7.97760405521106,"ROM",0,0,0,0,0,0,0,0,0,0,NA,NA,NA,NA,NA,2
"ITEM686DTBUSYTWISTEDCW_ROM","Dog Treats","Big Y","DT BUSY TWISTED CW 05.3-7OZ",-1.04364930279938,1.6119236447043,0,-0.431479221066294,2.16972817957298,0.60891732788829,3.39554382973938,0,0.837979893105742,0,0.0432316164391438,0.0591370661603474,-0.0154903916945303,0,0,0,0,0,0,6.12951021684862,"ROM",0,0,0,0,0,0,0,0,0,0,NA,NA,NA,NA,NA,2
"ITEM687DTBUSYTWISTEDCW_ROM","Dog Treats","Big Y","DT BUSY TWISTED CW 50.5OZ",-2.5,0.786781663377766,-0.963146382265462,0,0,0,0,0,0,0,0,0,-0.308451493214378,0,0,0,0,0,0,13.5141497138194,"ROM",0,0,0,0,0,0,0,0,0,0,NA,NA,NA,NA,NA,1
"ITEM689DTCNPGOODBUDDYMT_ROM","Dog Treats","Big Y","DT C&P GOOD BUDDY MT 04.5-5OZ",0,1.38390490298494,0,-0.799767447536803,0,0,0,0,0,0,0,0,0,0.68269659711543,0.441603232940372,-0.295337114743816,0,0,-2.7170164807268,1.30640977025336,"ROM",0,-3.8616157277485,-0.849966667802561,0,0,0,0,0,-0.202258509537542,-0.153207222761076,NA,NA,NA,NA,NA,1
"ITEM690DTCNPORGANIXCR_ROM","Dog Treats","Big Y","DT C&P ORGANIX CR 12OZ",0,0,-0.640432203631063,-2.17148573718685,0,0,0,0,0,0,0,0,-0.169575752399493,0,0,-2.39210709042477,0,0,-5.41379104145873,5.94943822633133,"ROM",0,0,0,0,0,0,0,0,0,0,NA,NA,NA,NA,NA,1
"ITEM706DDPURINAONETRUINSTBNB_Retailer","Dry Dog","Big Y","DD PURINA ONE TRU INST B&B 15LB",-2.5,0.161261787312527,-0.792224179057436,-0.121176123215729,7.04974968991802,0,0,0,0,0,0,0,0,0,0,0,0,0,0,9.33062620563104,"Retailer",0,0,0,0,NA,0,NA,NA,0,0,0,NA,0,0,NA,1
"ITEM706DDPURINAONETRUINSTBNB_ROM","Dry Dog","Big Y","DD PURINA ONE TRU INST B&B 15LB",-2.5,0,-0.88855911322633,-1.62658162026678,0,10,0,0,-1.01300231274902,0,0,0,0,1,0,0,1,1,-6.52953781238179,4.58586108560404,"ROM",0,0,0,0,NA,0,NA,NA,-1.53407309808282,-5.09240946269704,0,NA,-1.91964168096388,-0.439709686636315,NA,1
"ITEM707DTDENTALIFEACTIVEFRESHDT_ROM","Dog Treats","Big Y","DT DENTALIFE ACTIVEFRESH DT 24.1OZ",-1.71768038651469,1.52222508940601,0,-0.788777107055499,0,0,0,0,0,0,0,0,0,0,0,0,0,0,0,9.46361597252467,"ROM",0,0,0,0,0,0,0,0,0,0,NA,NA,NA,NA,NA,1
"ITEM708DTDENTALIFEACTIVEFRESHDT_ROM","Dog Treats","Big Y","DT DENTALIFE ACTIVEFRESH DT 06.1-7.2OZ",-0.877260209335728,0.490957470541899,0,0,3.80357507291955,0,0,0,0.265209574344436,0,0,0,-0.00307125157324543,0,0,0,0,0,0,6.36876843174783,"ROM",0,0,0,0,0,0,0,0,0,0,NA,NA,NA,NA,NA,1
"ITEM709DTDENTALIFEACTIVEFRESHDT_ROM","Dog Treats","Big Y","DT DENTALIFE ACTIVEFRESH DT 01.1OZ",0,2.02579833825005,0,-0.610579626396532,0,0,0,0,0,0,0,0,0,0,0,0,0,0,0,4.54270629070343,"ROM",0,0,0,0,0,0,0,0,0,0,NA,NA,NA,NA,NA,1
"ITEM711DTDENTALIFEACTIVEFRESHDT_ROM","Dog Treats","Big Y","DT DENTALIFE ACTIVEFRESH DT 15.5OZ",-0.710796768933414,0.543471354556953,0,0,7.42274423054289,0,0,0,0,0,0,0,0,0,0,0,0,0,0,5.13952973245125,"ROM",0,0,0,0,0,0,0,0,0,0,NA,NA,NA,NA,NA,1
"ITEM712DTDENTALIFEDT_ROM","Dog Treats","Big Y","DT DENTALIFE DT 17.1-20.7OZ",-0.143532625965309,0,0,0,0,0,0,0,0,0,0,0,0,0,0,0,0,0,0,5.88709159004283,"ROM",0,0,0,0,0,0,0,0,0,0,NA,NA,NA,NA,NA,2
"ITEM713DTDENTALIFEDT_ROM","Dog Treats","Big Y","DT DENTALIFE DT 06.8-7.8OZ",-0.679746704007697,1.61875292642234,-0.400551340210694,-0.115965460202255,2.48260852031098,0.0493349746676202,0,0,0.225847083111325,0,0,0,0,0,0,0,0,0,0,6.50455416393068,"ROM",0,0,0,0,0,0,0,0,0,0,NA,NA,NA,NA,NA,1
"ITEM717DDPURINAONEMLTRGTD_ROM","Dry Dog","Big Y","DD PURINA ONE ML TRGTD 31.1LB",-0.230300221424847,0,-0.502965593417171,0,0,1.86902646586503,0.436139894484335,0,0,0,0,0,0,0,0,0,0,0,0,6.24165418741576,"ROM",0,0,0,0,NA,0,NA,NA,0,0,0,NA,0,0,NA,1
"ITEM726DDPURINAONEMLPUPPY_ROM","Dry Dog","Big Y","DD PURINA ONE ML PUPPY 03LB",0,0,0,0,0,0,0,0,0,0,0,0,0.133556234812928,0,0,0,0,0,0,1.11608798178551,"ROM",0,0,0,0,NA,0,NA,NA,0,0,0,NA,0,0,NA,1
"ITEM768DDBENEFUL_ROM","Dry Dog","Big Y","DD BENEFUL 28LB",0,0,0,0,0,0.484384434995694,0,0,0.0441976180831658,0,0,0,0,0.111876398159646,0,0,0,0,0,4.4919032738738,"ROM",0,0,0,0,NA,0,NA,NA,0,0,0,NA,0,0,NA,1
"ITEM769DDALPO_ROM","Dry Dog","Big Y","DD ALPO 16LB",-2.5,0,-0.803612853922889,-1.63386998808872,0,2.23706095276238,0,0,-3.70705479386562,0,0,0,-0.0710202511282105,0,0,0,1,0,0,11.3387561349913,"ROM",0,0,0,0,NA,0,NA,NA,0,0,0,NA,0,0,NA,1
"ITEM770DDALPO_ROM","Dry Dog","Big Y","DD ALPO 28-31LB",0,0,-0.710117530756998,-3.59086149514271,0,10,0,0,0.887944382730639,0,0,0,0,0,0,0,0,0,0,3.29288635761844,"ROM",0,0,0,0,NA,0,NA,NA,0,0,0,NA,0,0,NA,1
"ITEM772DDBENEFULPREMIUM_ROM","Dry Dog","Big Y","DD BENEFUL PREMIUM 03LB",0,2.48683970241592,-2.63933817716748,0,0,10,0,0,-3.73506799014649,0,0,0,-0.0388301587541062,0,0,0,1,0.62826323105679,-5.98435765298597,3.59301397935302,"ROM",0,0,0,0,NA,0,NA,NA,-5.51175162994882,0,0,NA,0,0,NA,1
"ITEM773DDBENEFULPREMIUM_ROM","Dry Dog","Big Y","DD BENEFUL PREMIUM 03.3-4.5LB",-2.5,4.62643661180914,0,0,0,1.41723670834205,10,0,-0.625217749540725,0,0,0,0,0,0,-0.945842006462999,0.415909282309199,0.526173478982306,-0.706753821029677,8.89390961065888,"ROM",0,0,0,0,NA,0,NA,NA,-0.459120622808277,-0.806293325124299,0,NA,0,0,NA,1
"ITEM774DDBENEFUL_ROM","Dry Dog","Big Y","DD BENEFUL 12LB",-0.105575159284713,0.714592326616443,0,-0.662987745297958,0,5.47984493468663,0,0,0,0,0,0,0,0,0,0,0,0,0,5.6582522204673,"ROM",0,0,0,0,NA,0,NA,NA,0,0,0,NA,0,0,NA,1
"ITEM775DDBENEFUL_Retailer","Dry Dog","Big Y","DD BENEFUL 14LB",-0.427998425141236,1.8044851327419,0,0,1.79507116267671,0,0,0,0.740551970872176,0,0,0,0,0,0,0,0,0,0,4.53156927162757,"Retailer",0,0,0,0,NA,0,NA,NA,0,0,0,NA,0,0,NA,2
"ITEM775DDBENEFUL_ROM","Dry Dog","Big Y","DD BENEFUL 14LB",-0.632999674068276,0,0,0,1.36492968763031,0.0479105364875137,0,1.45897505721334,1.01182985961905,0.0378179623671086,0,0.00433149619452805,-0.00602716010008364,0,0,0,0,0,-0.02842346595044,7.7372473303033,"ROM",0,0,0,0,NA,0,NA,NA,0,0,0,NA,0,0,NA,2
"ITEM776DDBENEFUL_Retailer","Dry Dog","Big Y","DD BENEFUL 03.5LB",-1.46399921257062,2.5,0,0,6.55409797851935,0,0,0,0,0,0,0,0,0,0,0,0,0,0,3.10647840317322,"Retailer",0,0,0,0,NA,0,NA,NA,0,0,0,NA,0,0,NA,1
"ITEM776DDBENEFUL_ROM","Dry Dog","Big Y","DD BENEFUL 03.5LB",-0.995984217490647,0.92315475380917,-2.11127130510742,-3.2337810881693,3.80320366966224,0.275830380050724,0,0,0.397053441468543,0,0,0,0,0,0,0,0,0,0,7.34241583882018,"ROM",0,0,0,0,NA,0,NA,NA,0,0,0,NA,0,0,NA,2
"ITEM777DDBENEFUL_ROM","Dry Dog","Big Y","DD BENEFUL 40LB",0,0,0,0,0,0.210292329847801,0,0,0.455268235487473,-0.00474187599250315,0,0.0373642901524744,0,0,0,0,0,0,0,4.88276509997941,"ROM",0,0,0,0,NA,0,NA,NA,0,0,0,NA,0,0,NA,2
"ITEM778DDBENEFUL_ROM","Dry Dog","Big Y","DD BENEFUL 06.3LB",-2.5,0,-2.44390342601556,-3.12438342740352,10,1.5539973254126,10,0,-3.0481475593649,0,0,0,-0.00540013158103248,0,0,-7.83810634965843,0,0,-1.51980192806023,12.8462662382412,"ROM",0,0,0,0,NA,0,NA,NA,-0.573711807496775,-4.77519163586646,0,NA,0,0,NA,1
"ITEM797DDCNPORGANIX_ROM","Dry Dog","Big Y","DD C&P ORGANIX 10LB",-2.5,2.564980818341,0,0,0,0,0,0,0,0,0,0,0.0101493600344878,0.198945215184999,0,0,0.105404495822042,0,-0.710700718162101,10.4107627033145,"ROM",0,0,0,0,NA,0,NA,NA,0,0,0,NA,0,0,NA,1
"ITEM798DDCNPORGANIX_ROM","Dry Dog","Big Y","DD C&P ORGANIX 18LB",0,6.30009398617544,-0.677893083937025,-2.70386925943822,0,0,0,0,0,0,0,0,0,0,0,0,0,0,0,1.37998917414732,"ROM",0,0,0,0,NA,0,NA,NA,0,0,0,NA,0,0,NA,1
"ITEM799DDCNPORGANIX_ROM","Dry Dog","Big Y","DD C&P ORGANIX 04LB",-1.99672882494581,2.2831448170342,-0.0217908815017584,0,0,0,10,0,0,0,0,0,-0.0197557867970063,0,0,0,0,0,0,10.1349437831295,"ROM",0,0,0,0,NA,0,NA,NA,0,0,0,NA,0,0,NA,1
"ITEM79CTWHISKERLICKINSCR_ROM","Cat Treats","Big Y","CT WHISKER LICKINS CR 10OZ",-0.0642006997171134,0,-8.93562447215312,-14.246950117877,10,10,0,0,0,0,0,0,0,0,0,0,0,0,0,3.63890378936996,"ROM",NA,NA,NA,NA,NA,NA,NA,NA,NA,NA,NA,NA,NA,NA,NA,1
"ITEM7CWFRISKIES_Retailer","Wet Cat","Big Y","CW FRISKIES 05.5OZ 24CT",-2.5,4.31628404010331,0,0,4.12622896039396,0,0,0,0,0,0,0,0,0,0,0,0,NA,0,9.26425803884678,"Retailer",NA,0,NA,NA,NA,NA,NA,NA,0,0,NA,NA,NA,NA,NA,2
"ITEM7CWFRISKIES_ROM","Wet Cat","Big Y","CW FRISKIES 05.5OZ 24CT",-1.70653654751506,0,0,0,2.99015232742063,0,0.587221385305161,0,0,0,0,0,0,0,0,0,0,NA,0,10.9753695233482,"ROM",NA,0,NA,NA,NA,NA,NA,NA,0,0,NA,NA,NA,NA,NA,2
"ITEM800DDCNPPRISTINE_ROM","Dry Dog","Big Y","DD C&P PRISTINE 04LB",-1.48665695934228,1.90435900592413,0,0,0,0,10,0,0,0,0,0,0,0,0,0,0,0,0,8.40094946236194,"ROM",0,0,0,0,NA,0,NA,NA,0,0,0,NA,0,0,NA,1
"ITEM805DDDOGCHOWGREENBG_ROM","Dry Dog","Big Y","DD DOG CHOW GREEN BG 33.6-36LB",-2.5,0,-7.8310756107218,-8.95330885444217,0,10,10,0,-1.04318458050624,0,0,0,0,0,0,0,0,0,0,13.2723189578295,"ROM",0,0,0,0,NA,0,NA,NA,0,0,0,NA,0,0,NA,1
"ITEM807DDDOGCHOWGREENBG_ROM","Dry Dog","Big Y","DD DOG CHOW GREEN BG 46-48LB",-2.5,0,-22.851853720202,-21.5857402750874,10,0,10,0,0,0,0,0,0.141320409752874,0,0,0,0,0,0,8.75250984269842,"ROM",0,0,0,0,NA,0,NA,NA,0,0,0,NA,0,0,NA,1
"ITEM809DDDOGCHOWLX_ROM","Dry Dog","Big Y","DD DOG CHOW LX 04LB",0,0,0,0,0,8.79714328837363,0,0,0.207597678867616,0,0,0,0,0,0,0,0,0,0,4.72832549356622,"ROM",0,0,0,0,NA,0,NA,NA,0,0,0,NA,0,0,NA,1
"ITEM80CTWHISKERLICKINSCR_ROM","Cat Treats","Big Y","CT WHISKER LICKINS CR 04OZ",0,1.58296152441605,0,0,7.67769283964923,0,0,0,0,0,0,0,0.0111982293874952,0,0,0,0,0,0,4.18185331106378,"ROM",NA,NA,NA,NA,NA,NA,NA,NA,NA,NA,NA,NA,NA,NA,NA,1
"ITEM821DTPIONEERWOMANMT_ROM","Dog Treats","Big Y","DT PIONEER WOMAN MT 05OZ",-2.5,3.15427866690598,0,0,10,5.69172975146801,10,8.79627525205821,0,0,0,0,-0.166576227326226,0,0,0,0,0,0,9.17132739138918,"ROM",0,0,0,0,0,0,0,0,0,0,NA,NA,NA,NA,NA,1
"ITEM824DTPRIMEBONESCW_ROM","Dog Treats","Big Y","DT PRIME BONES CW 21-22.8OZ",-2.5,5.56648010477139,0,0,0,10,0,0,0.495083804545451,0,0,0,0.0135597256370613,0,0,0,0,0,0,8.81160448690434,"ROM",0,0,0,0,0,0,0,0,0,0,NA,NA,NA,NA,NA,1
"ITEM825DTPRIMEBONESCW_ROM","Dog Treats","Big Y","DT PRIME BONES CW 39.7OZ",-1.84635462737801,3.49638766508781,0,0,0,7.15614112232311,2.35575545390676,8.17577532111921,0.488805353861723,0,0,0,0.00819703653639537,0,0,0,0,0,0,10.1540349655443,"ROM",0,0,0,0,0,0,0,0,0,0,NA,NA,NA,NA,NA,1
"ITEM838DDMOISTANDMEATYHIPROTEIN_ROM","Dry Dog","Big Y","DD MOIST AND MEATY HI PROTEIN 72OZ",0,3.06731480406086,-2.50677404833405,-1.24566284253196,0,0,0,0,0.02112368560606,0,0,0,0,0,0,0,0.793464362371458,0,0,2.34878482195002,"ROM",0,0,0,0,NA,0,NA,NA,0,0,0,NA,0,0,NA,1
"ITEM840DTPUPPYCHOWMT_ROM","Dog Treats","Big Y","DT PUPPY CHOW MT 24OZ",-2.5,1.03603488845258,-1.46466718236189,-2.3593080283539,0,0,0,0,0,0,0,0,0,0,0,0,0,0,0,7.75313926097057,"ROM",0,0,0,0,0,0,0,0,0,0,NA,NA,NA,NA,NA,1
"ITEM841DTPUPPYCHOWMT_ROM","Dog Treats","Big Y","DT PUPPY CHOW MT 07OZ",0,0.33531995155274,-0.150909384669128,0,0,0,0,0,0,0,0,0,0,0,0,0,0,0,0,4.97365903523038,"ROM",0,0,0,0,0,0,0,0,0,0,NA,NA,NA,NA,NA,1
"ITEM843DTPURINAONETRUEINSTMT_ROM","Dog Treats","Big Y","DT PURINA ONE TRUE INST MT 07OZ",-1.37523447597911,0.55426455475716,-1.62422660893954,-0.979994215738073,10,0,0,0,0,0,0,0,0,0,0,0,0,0,0,5.7785811056135,"ROM",0,0,0,0,0,0,0,0,0,0,NA,NA,NA,NA,NA,1
"ITEM864DDPROPLANSPECIALIZED_ROM","Dry Dog","Big Y","DD PRO PLAN SPECIALIZED 24-34LB",0,1.73054660105348,0,0,0,0,0,0,0,0,0,0,0,0,0,0,0,0,0,0.941960601382036,"ROM",0,0,0,0,NA,0,NA,NA,0,0,0,NA,0,0,NA,1
"ITEM865DDPUPPYCHOW_ROM","Dry Dog","Big Y","DD PUPPY CHOW 04.4LB",-1.00576051912112,3.32999548255535,0,0,2.01975787756413,0.0586995812295718,3.17139682326239,0,0.356313060664256,-0.0434835463625309,0,0,0.00961289779011824,0,0,0,0,0,0,6.84270683239768,"ROM",0,0,0,0,NA,0,NA,NA,0,0,0,NA,0,0,NA,2
"ITEM866DDPUPPYCHOW_ROM","Dry Dog","Big Y","DD PUPPY CHOW 32-36LB",0,0,-2.40775888561893,-6.20817313388478,0,0,0,0,0.376160798587666,0,0,0,0,0.00489569263261755,0.483840836189028,0,0,0,0,1.92386567148662,"ROM",0.254821533919106,0,0,0,NA,0,NA,NA,0,0,0,NA,0,0,NA,1
"ITEM867DDPUPPYCHOW_ROM","Dry Dog","Big Y","DD PUPPY CHOW 04LB",0,2.58449206858489,0,0,0,0.544199668267881,0,0,0,0,0,0,0.0236591945186665,0,0,0,0,0,0,4.87652658397197,"ROM",0,0,0,0,NA,0,NA,NA,0,0,0,NA,0,0,NA,1
"ITEM868DDPUPPYCHOW_ROM","Dry Dog","Big Y","DD PUPPY CHOW 40LB",-2.5,1.80095954126979,0,0,0,0,0,0,-3.07288895810673,0,0,0,-0.0132469899380323,0,0,0,0.29305994919198,0,-1.19957276338433,12.3898122437013,"ROM",0,0,0,0,NA,0,NA,NA,0,0,0,NA,0,0,NA,1
"ITEM869DDPURINAONEMLTRGTD_ROM","Dry Dog","Big Y","DD PURINA ONE ML TRGTD 40LB",0,0,-1.50827207486124,0,0,0,0,0,0,0,0,0,0,0,0,0,0,0,0,4.47554672229975,"ROM",0,0,0,0,NA,0,NA,NA,0,0,0,NA,0,0,NA,1
"ITEM870DDPURINAONEMLTRGTD_ROM","Dry Dog","Big Y","DD PURINA ONE ML TRGTD 12.5LB",0,10,0,0,0,10,0,0,0,0,0,0,0.10706714191529,0,0,0,0,0,0,1.06310369097487,"ROM",0,0,0,0,NA,0,NA,NA,0,0,0,NA,0,0,NA,1
"ITEM871DDPURINAONEMLTRGTD_ROM","Dry Dog","Big Y","DD PURINA ONE ML TRGTD 03.8-4LB",0,0.386684635478539,0,0,6.25241358559829,0.828847024372889,1.54779289265508,0,0.934163701528322,0,0,0,0,0,0,0,0,0,0,3.27286307133857,"ROM",0,0,0,0,NA,0,NA,NA,0,0,0,NA,0,0,NA,2
"ITEM873DDPURINAONEML_ROM","Dry Dog","Big Y","DD PURINA ONE ML 13.5LB",0,0,-2.41595551752061,-6.64988148463791,0,0,0,0,0.980477476639507,0,0,0,0.0000813832556943582,0,0,0,0,0,0,3.88637770367503,"ROM",0,0,0,0,NA,0,NA,NA,0,0,0,NA,0,0,NA,1
"ITEM875DDPURINAONETRUINSTBNB_Retailer","Dry Dog","Big Y","DD PURINA ONE TRU INST B&B 03.8LB",-2.5,0.621230424280944,0,0,6.02061186971556,0,0,0,0,0,0,0,0,0,0,0,0,0,0,6.35784863931426,"Retailer",0,0,0,0,NA,0,NA,NA,0,0,0,NA,0,0,NA,1
"ITEM875DDPURINAONETRUINSTBNB_ROM","Dry Dog","Big Y","DD PURINA ONE TRU INST B&B 03.8LB",-2.5,0,0,0,0,10,0,0,-8.33060029679773,0,0,0,0,0,0,0,1,1,-4.37845326545427,12.1652034285929,"ROM",0,0,0,0,NA,0,NA,NA,-4.46576210014616,-4.38315895255272,0,NA,-7.7766248189795,0,NA,1
"ITEM876DDPURINAONETRUINSTHIPRO_Retailer","Dry Dog","Big Y","DD PURINA ONE TRU INST HI-PRO 03.8LB",-2.5,0.621230424280944,0,0,6.05864444562642,0,0,0,-2.07661786459367,0,0,0,0,0.809964519774589,0,-1.2440878800555,0,0,0,6.09567139960438,"Retailer",0,-1.24359431841131,-1.973195027698,-0.14039539829102,NA,0,NA,NA,0,0,0,NA,0,0,NA,1
"ITEM876DDPURINAONETRUINSTHIPRO_ROM","Dry Dog","Big Y","DD PURINA ONE TRU INST HI-PRO 03.8LB",-2.5,0,-2.0640271136478,-1.40815458293801,0,3.45411603533265,0,0,0.539815920015807,0,0,0,0,0,0,-4.77600363816166,0,0,-1.4817866376789,9.47724761507503,"ROM",0,-1.97991479811184,-3.98296796151938,0,NA,0,NA,NA,-0.604195784980757,0,0,NA,0,0,NA,1
"ITEM877DDPURINAONETRUINST_ROM","Dry Dog","Big Y","DD PURINA ONE TRU INST 03.8LB",-0.350253819757931,0.924710463411243,0,0,3.03723439616057,0,0.621329282826819,0,0.196564972582705,-0.0241402511699092,0.0163538561668241,0,0.0106764504951612,0,0,-0.171962531730012,0,0,0,5.48055771933509,"ROM",0,0,0,0,NA,0,NA,NA,0,0,0,NA,0,0,NA,2
"ITEM878DDPURINAONETRUINST_ROM","Dry Dog","Big Y","DD PURINA ONE TRU INST 02.8LB",0,0,0,-0.348649387911342,0,0,0.710381709997974,0,0.275596838999371,0,0,0,0.00948414779305964,0,0,0,0.37027377829948,0,0,3.58989876869767,"ROM",0,0,0,0,NA,0,NA,NA,0,0,0,NA,0,0,NA,1
"ITEM87CTFRISKIESPARTYMIXCR_ROM","Cat Treats","Big Y","CT FRISKIES PARTY MIX CR 20OZ 2CT",-0.653030078953474,9.22258213364513,0,-0.60821188238285,0,0,0,0,0.593061967863357,0,0,0,0.00243247688315416,0,0,0,0,0,0,6.68312956403556,"ROM",NA,NA,NA,NA,NA,NA,NA,NA,NA,NA,NA,NA,NA,NA,NA,1
"ITEM8904CTFANCYFEASTSAVORYCRAVINGS_ROM","Cat Treats","Big Y","CT FANCY FEAST SAVORY CRAVINGS 3OZ",0,3.29792308477129,0,-1.35778230137448,0,3.15498643932278,10,0,2.91040777627763,0,0,0,-0.166250189413128,0,0,0,0,0,0,1.96573063612018,"ROM",NA,NA,NA,NA,NA,NA,NA,NA,NA,NA,NA,NA,NA,NA,NA,1
"ITEM8923CTKITKABOODLECR_ROM","Cat Treats","Big Y","CT KIT KABOODLE CR 04OZ",-2.5,0,-1.91132173618726,0,0,4.3482334104076,0,0,0.3550693364516,0,0,0,-0.284794612303399,1,0,-2.95122091273435,0,0,-1.37829357743454,4.7755775445326,"ROM",NA,NA,NA,NA,NA,NA,NA,NA,NA,NA,NA,NA,NA,NA,NA,1
"ITEM8924CTKITKABOODLECR_ROM","Cat Treats","Big Y","CT KIT KABOODLE CR 09OZ",0,10,0,0,0,0,10,0,0,0,0,0,0.199499309506891,1,0,0,1,0,-0.469151645074473,-1.40388247143528,"ROM",NA,NA,NA,NA,NA,NA,NA,NA,NA,NA,NA,NA,NA,NA,NA,1
"ITEM8939CTWHISKERLICKINSAO_ROM","Cat Treats","Big Y","CT WHISKER LICKINS AO",-1.74028818834467,0.0109063704361347,0,0,0,0,10,0,0,0,0,0,0,0,0,0,0,0,0,6.27483790875583,"ROM",NA,NA,NA,NA,NA,NA,NA,NA,NA,NA,NA,NA,NA,NA,NA,1
"ITEM8FANCYFEAST_Retailer","Dry Cat","Big Y","DC FANCY FEAST 01LB",-1.75738112122358,0.553393450865029,0,-0.365110920270893,4.52950476038089,0.0812699308941435,0,0,0,0,0,0,0,0,0,0,0,0,0,4.16504105068282,"Retailer",0,0,0,0,0,0,0,NA,0,0,0,0,0,0,0,2
"ITEM8FANCYFEAST_ROM","Dry Cat","Big Y","DC FANCY FEAST 01LB",0,0,0,0,3.11366355441611,0.19232522558351,0,0,0.388115215384234,0,0,-0.107312456009142,0.00306306822961078,0,0,-0.18020384953991,0,0,-0.0262630451309523,6.13589218586734,"ROM",0,0,0,0,0,0,0,NA,0,0,0,0,0,0,0,2
"ITEM8TIDYCATSCLUMPLW_Retailer","Litter","Big Y","CL TIDY CATS CLUMP LW 08.5LB",-1.30495192162729,2.13540289975527,0,0,2.29746800338232,0,0,0,0,0,0,0,0,NA,NA,NA,NA,NA,0,7.37754787007909,"Retailer",NA,NA,NA,NA,NA,NA,NA,NA,0,NA,NA,NA,NA,NA,NA,2
"ITEM8TIDYCATSCLUMPLW_ROM","Litter","Big Y","CL TIDY CATS CLUMP LW 08.5LB",-1.27506579705946,0,0,0,0.939198328714298,0.0764719584014116,0.722635417299904,0,0.670892231167313,0,0.0248529171875917,0,0,NA,NA,NA,NA,NA,0,10.2473776396072,"ROM",NA,NA,NA,NA,NA,NA,NA,NA,0,NA,NA,NA,NA,NA,NA,2
"ITEM909CTFANCYFEASTPUREFLAKED_Retailer","Cat Treats","Big Y","CT FANCY FEAST PURE FLAKED 01.06OZ",-1.91994672582754,2.6284508151643,0,0,5.32323036254508,0,0,0,0,0,0,0,-0.0611954338470396,0.691385960812836,0,0,1,0,-0.453211897341055,0.483710872226365,"Retailer",NA,NA,NA,NA,NA,NA,NA,NA,NA,NA,NA,NA,NA,NA,NA,1
"ITEM909CTFANCYFEASTPUREFLAKED_ROM","Cat Treats","Big Y","CT FANCY FEAST PURE FLAKED 01.06OZ",-2.5,1.16486172719605,0,0,0,1.96356737131667,10,0,0,0,0,0,-0.0172163503578869,0.798099723575833,1,0,0.845289811257982,0.654495801457637,-6.58091160499448,4.06205401802401,"ROM",NA,NA,NA,NA,NA,NA,NA,NA,NA,NA,NA,NA,NA,NA,NA,1
"ITEM91CTFRISKIESPARTYMIXCR_ROM","Cat Treats","Big Y","CT FRISKIES PARTY MIX/NAT YUM CR 30OZ",-0.841988108257232,2.06880777532962,0,0,0,0,0,0,0.284869134687051,0,0,0,0,0,0,-0.423217211811238,0.142151558802656,0.0856180935181496,-0.0599243483227705,6.85583025627447,"ROM",NA,NA,NA,NA,NA,NA,NA,NA,NA,NA,NA,NA,NA,NA,NA,1
"ITEM928CTFANCYFEASTSAVORYCRAVINGS_ROM","Cat Treats","Big Y","CT FANCY FEAST SAVORY CRAVINGS 01OZ",-0.463934254513771,0.978700911248855,0,0,4.74717500554951,0.966805176256816,3.22880728103837,0,1.33216869470131,0,0,0,0,0,0,0,0,0,0,4.52965137466946,"ROM",NA,NA,NA,NA,NA,NA,NA,NA,NA,NA,NA,NA,NA,NA,NA,2
"ITEM938DTTREKKERSMT_ROM","Dog Treats","Big Y","DT TREKKERS MT 05OZ",-1.35969286345893,1.91529312859003,0,0,0,0,10,0,1.58390088429347,0,0,0,-0.0412883787583505,0,0,0,0,0,0,5.38985439680875,"ROM",0,0,0,0,0,0,0,0,0,0,NA,NA,NA,NA,NA,1
"ITEM948DTZUKESMININTRLSMT_ROM","Dog Treats","Big Y","DT ZUKES MINI NTRLS MT 06OZ",0,4.95438682633896,0,0,0,0,0,0,0,0,0,0,0.0939095011321679,0,0,0,0,0,0,1.38481934674624,"ROM",0,0,0,0,0,0,0,0,0,0,NA,NA,NA,NA,NA,1
"ITEM9CTFRISKIESPARTYMIXCR_Retailer","Cat Treats","Big Y","CT FRISKIES PARTY MIX/NAT YUM CR 02.1OZ",-0.156074602111792,1.4165831062696,-1.36843746437571,-0.286207605150274,3.57776230784646,0,0,0,0,0,0,0,-0.00367981157648128,0,0,0,0,0,0,3.6448628503726,"Retailer",NA,NA,NA,NA,NA,NA,NA,NA,NA,NA,NA,NA,NA,NA,NA,2
"ITEM9CTFRISKIESPARTYMIXCR_ROM","Cat Treats","Big Y","CT FRISKIES PARTY MIX/NAT YUM CR 02.1OZ",-1.03062586184285,2.3988201374982,0,0,1.33227342459399,0.280801962124509,1.40010648915592,2.08210326870923,0.394894400694555,0,0,0.0506965292253086,0,0,0,0,0,0,0,8.52587780208354,"ROM",NA,NA,NA,NA,NA,NA,NA,NA,NA,NA,NA,NA,NA,NA,NA,2
