"Modelled_PPG_Item_No","PPG_Cat","Retailer","PPG_Item","Regular_Price","Promoted_Discount","Pantry_Loading_1","Pantry_Loading_2","ACV_Selling","ACV_Feat_Only","ACV_Disp_Only","ACV_Feat_Disp","category_trend","flag_qtr2","flag_qtr3","flag_qtr4","monthno","WB_Comp_RP_1","WB_Comp_TPR_1","CB_Comp_TPR_1","Intercept","Market","WB_Comp_RP_2","WB_Comp_RP_3","WB_Comp_TPR_2","WB_Comp_TPR_3","WB_Comp_TPR_4","CB_Comp_RP_1","CB_Comp_RP_2","CB_Comp_TPR_2","CB_Comp_TPR_3","CB_Comp_TPR_4","CB_Comp_TPR_5","WB_Comp_RP_4","CB_Comp_RP_3","Model_flag"
"ITEM101CWFANCYFEASTMEDLEYS_ROM","Wet Cat","Fareway","CW FANCY FEAST MEDLEYS 03OZ 18CT",-2.5,1.06011035937065,-1.47192832391238,-1.46935578147147,10,0,0,0,0,0,0,0,-0.120939134577753,0,0,0,9.59497231602294,"ROM",NA,NA,0,NA,NA,NA,NA,0,0,NA,NA,NA,NA,1
"ITEM104CWFRISKIES_ROM","Wet Cat","Fareway","CW FRISKIES 03OZ 12CT",-0.620923173096471,4.03641721172746,0,0,7.72557111413953,6.44214148968295,0,0,0,0,0,0,0,0,-22.6967038526984,-4.63453752575495,4.61683688918135,"ROM",NA,NA,0,NA,NA,NA,NA,-13.5114758746946,-3.97468494018327,NA,NA,NA,NA,1
"ITEM107CWFRISKIES_ROM","Wet Cat","Fareway","CW FRISKIES 05.5OZ 12CT",-1.18340510134495,0,0,0,0,0,5.38591706721288,4.55013607923677,0.610871351201778,0,-0.127864214048248,0,0.00920491503212584,0,0,0,9.56125765919399,"ROM",NA,NA,0,NA,NA,NA,NA,0,0,NA,NA,NA,NA,2
"ITEM108CWFANCYFEASTBROTHS_ROM","Wet Cat","Fareway","CW FANCY FEAST BROTHS 01.4OZ 12CT",-0.126344622119774,1.46117219511238,0,0,8.69346755202845,0,0,0,0,0,0,0,0,0,0,0,3.31289928484122,"ROM",NA,NA,0,NA,NA,NA,NA,0,0,NA,NA,NA,NA,2
"ITEM109CWFRISKIES_ROM","Wet Cat","Fareway","CW FRISKIES 03OZ 24CT",0,0,0,0,10,0,0,0,-1.10214032042971,0,0,0,-0.0498680171541741,0,-1.7020372881274,0,3.06093761170275,"ROM",NA,NA,0,NA,NA,NA,NA,0,0,NA,NA,NA,NA,1
"ITEM110CWFANCYFEASTML_ROM","Wet Cat","Fareway","CW FANCY FEAST ML 03OZ 48CT",-2.5,0,0,0,0,0,0,0,0,0,0,0,0,0,0,0,13.7999939492591,"ROM",NA,NA,0,NA,NA,NA,NA,0,0,NA,NA,NA,NA,1
"ITEM11TIDYCATSCLUMPLW_Retailer","Litter","Fareway","CL TIDY CATS CLUMP LW 08.5LB",-0.557044712081233,2.09291716144072,0,0,8.01536838745254,1.02987103550531,0,0,0,0,0,0,0,NA,0,0,-0.688156343151028,"Retailer",NA,NA,NA,NA,NA,1,NA,NA,NA,NA,NA,NA,NA,1
"ITEM11TIDYCATSCLUMPLW_ROM","Litter","Fareway","CL TIDY CATS CLUMP LW 08.5LB",-0.918468817129508,0,0,0,1.47039246121797,0.306161761278613,2.85215894873826,0,0.723424400928669,0.0353544849618596,0.0344200563274491,0.0362406415044076,-0.0015104473885665,NA,0,0,8.86506035784662,"ROM",NA,NA,NA,NA,NA,0,NA,NA,NA,NA,NA,NA,NA,2
"ITEM127CWFANCYFEASTNATURALSML_ROM","Wet Cat","Fareway","CW FANCY FEAST NATURALS ML 03OZ",0,5.64050659606321,0,-0.470611318586852,0,0,0,0,1.68920907391078,0,0,0,0,0.517540892900791,0,0,5.52791941855394,"ROM",NA,NA,0,NA,NA,NA,NA,0,0,NA,NA,NA,NA,1
"ITEM12BENEFUL_Retailer","Wet Dog","Fareway","DW BENEFUL 10OZ",-1.20517631008639,1.41189964047834,0,0,1.77114230772652,0,0,0,0.197507132392611,0.0822200222380201,0.0790634130763656,0.0281862827975714,0.00741986708810471,0.533265460804438,0,-1.27775062273514,5.02519795989756,"Retailer",NA,NA,NA,NA,NA,0,NA,-0.110066934134861,NA,NA,NA,NA,NA,2
"ITEM12BENEFUL_ROM","Wet Dog","Fareway","DW BENEFUL 10OZ",-1.04480009260299,4.06992710951379,0,0,0.746125956601867,0.0847422608002049,0,0,0.220308308173428,0,-0.0317350090528048,-0.021659370191199,0.00707946032431286,0,0,-0.0648084926801721,9.09569680403422,"ROM",NA,NA,NA,NA,NA,0,NA,0,NA,NA,NA,NA,NA,2
"ITEM12CWFANCYFEASTML_Retailer","Wet Cat","Fareway","CW FANCY FEAST ML 03OZ 24CT",-0.234704247240224,2.96453811892748,0,0,5.19743568403627,0,0,0,0,0,0,0,0,0,0,0,2.86361930175241,"Retailer",NA,NA,0,NA,NA,NA,NA,0,0,NA,NA,NA,NA,2
"ITEM12CWFANCYFEASTML_ROM","Wet Cat","Fareway","CW FANCY FEAST ML 03OZ 24CT",0,0,0,0,1.10469018921211,0,3.44659856046065,0,0.637620649330122,-0.12114519869614,0.0144144098394814,0,0.00761529383838257,0,0,0,6.37959668932495,"ROM",NA,NA,0,NA,NA,NA,NA,0,0,NA,NA,NA,NA,2
"ITEM136CWFRISKIES_ROM","Wet Cat","Fareway","CW FRISKIES 05.5OZ 40CT",-0.406974059358227,0,0,0,0,0.378905323299016,1.22945329545195,0,0.886299709571661,0,0,0,0,0,0,0,8.027338424823,"ROM",NA,NA,0,NA,NA,NA,NA,0,0,NA,NA,NA,NA,2
"ITEM137CWFANCYFEASTSAVRYCNTR_ROM","Wet Cat","Fareway","CW FANCY FEAST SAVRY CNTR 03OZ",0,0,-2.80907972610091,-2.35247802093631,10,0,0,0,0,0,0,0,0,0,0,0,4.64603161961501,"ROM",NA,NA,0,NA,NA,NA,NA,0,0,NA,NA,NA,NA,1
"ITEM137TIDYCATSCLUMPNONLW_Retailer","Litter","Fareway","CL TIDY CATS CLUMP NON-LW 14LB",-0.297538961623225,1.6525747216875,0,0,3.28511304571506,0,0,0,0,0,0,0,0,NA,0,0,4.26845047705475,"Retailer",NA,NA,NA,NA,NA,0,NA,NA,NA,NA,NA,NA,NA,2
"ITEM137TIDYCATSCLUMPNONLW_ROM","Litter","Fareway","CL TIDY CATS CLUMP NON-LW 14LB",-2.0647830783465,0,0,0,0,0.711009257668798,1.77102827803112,0,0,0,0,0,0,NA,0,0,11.611684862375,"ROM",NA,NA,NA,NA,NA,0,NA,NA,NA,NA,NA,NA,NA,2
"ITEM138CWFANCYFEASTSAVRYCNTR_ROM","Wet Cat","Fareway","CW FANCY FEAST SAVRY CNTR 03OZ 12CT",0,0,-1.49073054134995,-1.07085564908948,10.4116728885741,0,0,0,0,-0.0167323214700337,0,0.64220387622111,0,0,0,0,2.5337316874428,"ROM",NA,NA,0,NA,NA,NA,NA,0,0,NA,NA,NA,NA,2
"ITEM138TIDYCATSCLUMPNONLW_Retailer","Litter","Fareway","CL TIDY CATS CLUMP NON-LW 20LB",-0.716324184003994,2.41167875583658,0,0,3.46255552948273,0.0273186231501187,0,0,-1.337142813093,0,0,0,0.00699931021565692,NA,0,0,6.55539469826602,"Retailer",NA,NA,NA,NA,NA,0,NA,NA,NA,NA,NA,NA,NA,2
"ITEM138TIDYCATSCLUMPNONLW_ROM","Litter","Fareway","CL TIDY CATS CLUMP NON-LW 20LB",-1.11599504247358,0,0,0,0,0.175424410006374,0.367625311100341,0,0.506303257669695,0.0779181052695607,0.0903743042222626,0.0678751153615892,0,NA,0,0,11.3895047570299,"ROM",NA,NA,NA,NA,NA,0,NA,NA,NA,NA,NA,NA,NA,2
"ITEM141CLTIDYCATSNONCLUMP_ROM","Litter","Fareway","CL TIDY CATS NON-CLUMP 25LB",-0.450833026720237,0,0,0,0,0.769830611968666,0,0,0,0,0,0,0,NA,0,0,6.74185392183499,"ROM",NA,NA,NA,NA,NA,0,NA,NA,NA,NA,NA,NA,NA,1
"ITEM145TIDYCATSNONCLUMP_Retailer","Litter","Fareway","CL TIDY CATS NON-CLUMP 10LB",-0.930885390122694,2.23967247474401,0,0,1.07648472842125,0.00187211055420091,0,0,0.43149500456115,0,0.0161834966012559,0,0,NA,0,-0.0749048017091949,5.95591524341008,"Retailer",NA,NA,NA,NA,NA,0,NA,NA,NA,NA,NA,NA,NA,2
"ITEM145TIDYCATSNONCLUMP_ROM","Litter","Fareway","CL TIDY CATS NON-CLUMP 10LB",-0.8172174275479,2.46137489829235,0,-0.165531730531257,0,0.363735596688124,0,1.75237466586959,0,0,0.0412832379664507,0,0,NA,0,-0.223776393249407,8.56052525387145,"ROM",NA,NA,NA,NA,NA,0,NA,NA,NA,NA,NA,NA,NA,2
"ITEM14CWFRISKIES_Retailer","Wet Cat","Fareway","CW FRISKIES 05.5OZ 32CT",-1.31919099829272,7.74122521416179,0,0,4.6927436876371,0,0,0,0,0,0,0,0,0,0,-10.4235945031261,6.44824646288513,"Retailer",NA,NA,0,NA,NA,NA,NA,0,0,NA,NA,NA,NA,2
"ITEM14CWFRISKIES_ROM","Wet Cat","Fareway","CW FRISKIES 05.5OZ 32CT",-1.01338121911285,0,0,0,1.0729613917499,0,0,0,0.830395696629514,0,-0.0366268697918164,-0.0469120860750531,0.00757289859098227,0,0,0,9.55899093527766,"ROM",NA,NA,0,NA,NA,NA,NA,0,0,NA,NA,NA,NA,2
"ITEM1576KITKABOODLE_Retailer","Dry Cat","Fareway","DC KIT KABOODLE 16LB",-0.356691373574061,1.72101598062621,-0.327530298972037,-0.371644369450457,2.47866914407619,0.250567720220368,0,0,0.666697169347718,-0.0160089029627009,0.0298731714528242,0.0496196661345332,-0.0161201949567938,0,-1.73350390889051,0,4.58813917533366,"Retailer",0,0,-0.920364733573529,0,NA,0,NA,0,0,0,NA,NA,NA,2
"ITEM1576KITKABOODLE_ROM","Dry Cat","Fareway","DC KIT KABOODLE 16LB",-0.202609981822846,0,0,0,0,0.554235244501083,0,0,0.678417851307749,-0.0628388696077293,0,0.0132077964016397,-0.00746460589251308,0,0,0,7.58938826836079,"ROM",0,0,0,0,NA,0,NA,0,0,0,NA,NA,NA,2
"ITEM1591FRISKIESML_Retailer","Dry Cat","Fareway","DC FRISKIES ML 16LB",-0.302232657279597,0.874409914782734,0,-0.335838529014884,2.07086136104195,0.48261775713009,0,0,1.14362569084249,0,0,0,0,0,0,0,4.10726969329509,"Retailer",0,0,0,0,NA,0,NA,0,0,0,NA,NA,NA,2
"ITEM1591FRISKIESML_ROM","Dry Cat","Fareway","DC FRISKIES ML 16LB",-0.811997579971141,0,0,0,0,0.129605320820843,3.80050263186945,1.60007053862476,0.772680216314674,-0.0478841198201752,-0.0690663648438532,-0.0188269446614461,0.00756161961672507,0,0,0,8.95695175349418,"ROM",0,0,0,0,NA,0,NA,0,0,0,NA,NA,NA,2
"ITEM1602FRISKIESML_Retailer","Dry Cat","Fareway","DC FRISKIES ML 03.2LB",-0.461177833289031,1.71897428323871,-0.153169361613455,-0.0723935035819048,2.02268096833037,0.212330219942521,0,0,0,-0.131752588418406,0,0,0,0,0,-0.927851564925674,5.34658932385988,"Retailer",0,0,0,0,NA,0,NA,0,0,0,NA,NA,NA,2
"ITEM1602FRISKIESML_ROM","Dry Cat","Fareway","DC FRISKIES ML 03.2LB",-0.823858110156535,0,0,0,2.13693152931306,0.310414127136515,1.43262395180913,5.26422197749487,0.368311476832593,-0.0417219698466114,0,0.192984150388574,-0.00394640391192965,0,0,0,7.90744891730579,"ROM",0,0,0,0,NA,0,NA,0,0,0,NA,NA,NA,2
"ITEM1637PURINAONEML_Retailer","Dry Cat","Fareway","DC PURINA ONE ML 03.5LB",-0.1,1.0435637995258,0,0,2.48816401765564,0.0509173361282065,0,0,0,0,0,0,0,0,0,0,3.55383230545373,"Retailer",0,0,0,0,NA,0,NA,0,0,0,NA,NA,NA,2
"ITEM1637PURINAONEML_ROM","Dry Cat","Fareway","DC PURINA ONE ML 03.5LB",0,0,0,0,0,0.0419038412198247,0,0,0.370324872182556,-0.0280915576176972,0,0,0.00403103902764761,0,-0.0905842314465571,-0.0673781403168513,5.97459930567763,"ROM",0,0,0,0,NA,0,NA,0,0,0,NA,NA,NA,2
"ITEM1646PURINAONEMLSEMSS_Retailer","Dry Cat","Fareway","DC PURINA ONE TRGTD 03.5LB",-0.11428516998829,0.505360487201713,-0.638925920127924,0,5.49858904845816,0,0,0,0,0,0,0,0,0,0,0,1.91953932033741,"Retailer",0,0,0,0,NA,0,NA,0,0,0,NA,NA,NA,2
"ITEM1646PURINAONEMLSEMSS_ROM","Dry Cat","Fareway","DC PURINA ONE TRGTD 03.5LB",-0.511408653632226,0,0,0,0,0.199691809718459,0.926108678543696,0,0.365230524520215,-0.0319026385921873,0.0275052935227269,0,0,0,0,0,8.40669009409849,"ROM",0,0,0,0,NA,0,NA,0,0,0,NA,NA,NA,2
"ITEM1647CATCHOWCMP_Retailer","Dry Cat","Fareway","DC CAT/KITTEN CHOW 06.3LB",-0.1,0.316837006839657,0,-0.0947342967938482,5.30881546181784,0.131108712924772,0,0,0.289282235587158,0.10694359633867,0.0316503842404401,0.0941882795212169,-0.159028271307659,0,0,0,2.32971081395067,"Retailer",0,0,0,0,NA,0,NA,0,0,0,NA,NA,NA,0
"ITEM1647CATCHOWCMP_ROM","Dry Cat","Fareway","DC CAT/KITTEN CHOW 06.3LB",-1.67828722768116,0,0,0,0,0.22294853542839,5.96166566492491,0,1.11554043806088,-0.0139659313545989,0,0,-0.00135189794489829,0,0,0,10.3038445707767,"ROM",0,0,0,0,NA,0,NA,0,0,0,NA,NA,NA,2
"ITEM164CWFRISKIESLILSOUPS_ROM","Wet Cat","Fareway","CW FRISKIES LIL SOUPS 01.2OZ",0,0,0,0,2.31379690272979,0,2.06298931677539,0,1.03156901515944,-0.151895624515397,-0.0646429091008203,-0.0934916741654407,-0.00430866853103967,0,0,0,6.61020166710941,"ROM",NA,NA,0,NA,NA,NA,NA,0,0,NA,NA,NA,NA,2
"ITEM1652CATCHOWNATURALSINDOOR_ROM","Dry Cat","Fareway","DC CAT/KITTEN CHOW NATURALS 13LB",-2.4890301417186,0,-1.29833901172986,-1.59775037886097,0,0.417085695354993,0,0,0.43907674387085,-0.0956563689340607,0.156491879542442,0.179390162951915,0.00363236540143498,0,0,0,12.4707402370196,"ROM",0,0,0,0,NA,0,NA,0,0,0,NA,NA,NA,2
"ITEM1661DCBEYONDGRFR_ROM","Dry Cat","Fareway","DC BEYOND GR FR 03LB",-1.13637739710258,1.02598116143304,0,0,1.84040096622524,0.556662537413849,0,0,0.555209635201249,0,0,-0.0645799520033533,-0.00303157131694897,0,0,0,7.57311047076168,"ROM",0,0,0,0,NA,0,NA,0,0,0,NA,NA,NA,2
"ITEM1662DCBEYONDGRFR_ROM","Dry Cat","Fareway","DC BEYOND GR FR 05LB",-0.280518272413216,1.75861899318916,-0.887971135323669,0,0,0.147054475603314,0,0,0.0891575763615319,0,0,0,0,0,0,0,6.07535717178912,"ROM",0,0,0,0,NA,0,NA,0,0,0,NA,NA,NA,2
"ITEM1664DCBEYONDKITTEN_ROM","Dry Cat","Fareway","DC BEYOND KITTEN 03LB",-2.5,2.59846638725508,0,0,0,10,0,0,0,0,0,0,0.0632479584479869,0,-0.560796319166959,-1.26966204799158,5.39578762022231,"ROM",0,0,0,0,NA,1,NA,0,0,0,NA,NA,NA,1
"ITEM1665DCBEYONDSIMPLY_ROM","Dry Cat","Fareway","DC BEYOND SIMPLY 03LB",-2.5,1.78705355569592,0,-0.368069802206121,0,1.46502963006764,0,0,0,0,0,0,0,0.954176081756149,0,0,8.32351999997482,"ROM",0,0,0,0,NA,0.0716992345178613,NA,0,0,0,NA,NA,NA,1
"ITEM1666DCBEYONDSIMPLY_ROM","Dry Cat","Fareway","DC BEYOND SIMPLY 06LB",-2.88279098708586,3.36726374148484,-0.42582651957029,-0.54523475243942,0,0.262794969815632,0,0,0.266433546581042,0,0,0,0,0,0,0,12.6760705450149,"ROM",0,0,0,0,NA,0,NA,0,0,0,NA,NA,NA,2
"ITEM1668DCBEYONDORGANIC_ROM","Dry Cat","Fareway","DC BEYOND ORGANIC 03LB",-2.5,1.35456873917724,-0.102248643199729,0,0,10,0,0,-5.03206732042129,0,0,0,0.101024743048419,0,0,0,13.1186169525375,"ROM",0,0,0,0,NA,0,NA,0,0,0,NA,NA,NA,1
"ITEM168CWFRISKIESLIL_Retailer","Wet Cat","Fareway","CW FRISKIES LIL GRIL/SLUR/PUR 01.6OZ 18CT",-0.695662326135014,0.956724872417541,-0.354818350608304,0,10,0,0,0,-0.369997693146166,0,0,0,-0.0538875901274662,0,0,0,4.02803207232718,"Retailer",NA,NA,0,NA,NA,NA,NA,0,0,NA,NA,NA,NA,1
"ITEM168CWFRISKIESLIL_ROM","Wet Cat","Fareway","CW FRISKIES LIL GRIL/SLUR/PUR 01.6OZ 18CT",-1.53855918693127,10,0,0,10,9.91082579480962,0,0,0,0,0,0,0.0268365926674784,0,0,0,6.6184994121589,"ROM",NA,NA,0,NA,NA,NA,NA,0,0,NA,NA,NA,NA,1
"ITEM1690DCCATKITTENCHOW_Retailer","Dry Cat","Fareway","DC CAT/KITTEN CHOW 13-15LB",-1.03154334608576,2.20788968960651,-0.637719307961965,-0.520077566042533,1.25652824308922,0.132025655677291,0,0,0.771976687710131,0,-0.0186171464316501,0,0,0,0,0,7.02298751003953,"Retailer",0,0,0,0,NA,0,NA,0,0,0,NA,NA,NA,2
"ITEM1690DCCATKITTENCHOW_ROM","Dry Cat","Fareway","DC CAT/KITTEN CHOW 13-15LB",-0.600208650929536,0,0,0,0,0.0615783849969149,0.101411156320703,0,1.28207167187309,-0.005928361881495,-0.0225783168169412,-0.0921276165351135,-0.000610724526739936,0,0,0,8.62408111262357,"ROM",0,0,0,0,NA,0,NA,0,0,0,NA,NA,NA,2
"ITEM1691DCCATKITTENCHOW_ROM","Dry Cat","Fareway","DC CAT/KITTEN CHOW 12LB",0,1.05858309506014,0,-0.485370558156217,0,7.818466790936,0,0,0,0,0,0,-0.00861333075283266,0.956552089132881,-0.77129750830719,-0.222463707951623,1.50032961832649,"ROM",0.787556509171699,0.00109656018149999,0,0,NA,0,NA,0,0,0,NA,NA,NA,1
"ITEM1692DCCATKITTENCHOW_ROM","Dry Cat","Fareway","DC CAT/KITTEN CHOW 20LB",-0.589767090415049,0,0,0,0,0.365084357000316,0,0,1.34911187680304,0,-0.0255468329443021,-0.0467636076844505,0,0,0,0,7.82025705015778,"ROM",0,0,0,0,NA,0,NA,0,0,0,NA,NA,NA,2
"ITEM1693DCCATKITTENCHOW_ROM","Dry Cat","Fareway","DC CAT/KITTEN CHOW 25LB",-0.037746054974586,2.43288779855413,0,-0.0984281797903388,0,1.62837958139648,0,0,0.669076029954911,0,0,0,0,0,-3.07500378185202,0,5.97230214167678,"ROM",0,0,0,0,NA,0,NA,0,0,0,NA,NA,NA,1
"ITEM1694DCCATKITTENCHOW_Retailer","Dry Cat","Fareway","DC CAT/KITTEN CHOW 03.2LB",-0.1,1.03005266290316,0,0,1.39459325517735,0,0,0,0.326291885285422,0.0589588477303055,0.0689677328075015,0.0935926959689903,0.00836085970740818,0,-0.355792975179778,-3.57673348403747,4.98397318752793,"Retailer",0,0,0,0,NA,0,NA,0,0,0,NA,NA,NA,2
"ITEM1694DCCATKITTENCHOW_ROM","Dry Cat","Fareway","DC CAT/KITTEN CHOW 03.2LB",-1.17842069663026,0,0,0,1.42672326874726,0.0966051501432594,0.420317401936333,1.0029949173003,0.672733607255644,-0.0298150116040541,0.0839306777561231,0.129314549012801,0.00985699755371034,0,0,0,8.73418734332023,"ROM",0,0,0,0,NA,0,NA,0,0,0,NA,NA,NA,2
"ITEM1695DCCATKITTENCHOW_ROM","Dry Cat","Fareway","DC CAT/KITTEN CHOW 01.1LB",-2.5,0,-4.45355937443471,-1.90322236144722,0,10,0,0,-3.6149931994349,0,0,0,-0.0705026110785689,0,0,-11.5683093928805,11.1340808922735,"ROM",0,0,0,0,NA,0,NA,-2.91965992018487,0,0,NA,NA,NA,1
"ITEM1697DCCATCHOWNATURALSGF_ROM","Dry Cat","Fareway","DC CAT CHOW NATURALS GF 13LB",-2.38101712568884,0.0746078531972098,-0.133245789705453,-0.910229148233843,9.09676431114672,1.20863800755735,0,0,0,0,0,0,0,0,0,0,9.83396908756734,"ROM",0,0,0,0,NA,0,NA,0,0,0,NA,NA,NA,1
"ITEM1698DCCATCHOWNATURALSGF_ROM","Dry Cat","Fareway","DC CAT CHOW NATURALS GF 03.2LB",-1.42595801791499,1.47704106632844,-1.0877077036914,-2.1619260940736,10,0,0,0,0,0,0,0,0.0175982115342572,0,0,-2.69382792272221,5.07804741972488,"ROM",0,0,0,0,NA,0,NA,0,0,0,NA,NA,NA,1
"ITEM1699DCCATCHOWNATURALSGF_ROM","Dry Cat","Fareway","DC CAT CHOW NATURALS GF 06.3LB",-2.5,1.05688771170391,-0.0911032800083999,-0.0969656321194911,10,3.48414016734947,0,0,-2.90657614757055,0,0,0,0,0,0,-3.67221785731835,12.3277273177758,"ROM",0,0,0,0,NA,0,NA,-2.2560369424056,-7.8087889613831,-3.46454401463052,NA,NA,NA,1
"ITEM169CLTIDYCATSNONCLUMP_Retailer","Litter","Fareway","CL TIDY CATS NON-CLUMP 20LB",-0.28343031257502,2.06774269349478,0,-0.385304192005387,1.40518631205103,0.162307110550272,0,0,0,0,0,0,0,NA,0,0,5.56651914622391,"Retailer",NA,NA,NA,NA,NA,0,NA,NA,NA,NA,NA,NA,NA,2
"ITEM169CLTIDYCATSNONCLUMP_ROM","Litter","Fareway","CL TIDY CATS NON-CLUMP 20LB",-1.22771275976995,0,0,0,0,0.0780659627330691,0.967606659405725,0,0.491201251125468,0,0,0,0,NA,0,-0.248630627631215,9.11901315845264,"ROM",NA,NA,NA,NA,NA,0,NA,NA,NA,NA,NA,NA,NA,2
"ITEM16ALPODT_Retailer","Dog Treats","Fareway","DT ALPO DT 08.8OZ",-0.547750668795967,1.07198541674911,0,0,0,0,0,0,0,0,0,0,0,0,0,0,5.88907648838102,"Retailer",0,0,0,0,0,0,0,0,0,0,0,NA,NA,2
"ITEM16ALPODT_ROM","Dog Treats","Fareway","DT ALPO DT 08.8OZ",-1.74487833722693,1.97944057146459,0,0,0,0,0,0,0,0,0,0,-0.00394687497523195,0,-2.88295873590664,-0.365882461752821,6.54623129349919,"ROM",0,0,-0.410650895914542,-0.463310991545253,-0.196278227094579,0.611103776068693,0.274404124007669,-0.248981767812163,0,0,0,NA,NA,1
"ITEM1700DCCATKITTENCHOWNATURALS_ROM","Dry Cat","Fareway","DC CAT/KITTEN CHOW NATURALS 18LB",-1.39271543720516,0,0,0,2.63882199839442,0,0,0,1.20000029308207,0,0,0.0469027539477012,0.00339707524261483,0,0,0,8.15507671383643,"ROM",0,0,0,0,NA,0,NA,0,0,0,NA,NA,NA,2
"ITEM1701DCCATKITTENCHOWNATURALS_Retailer","Dry Cat","Fareway","DC CAT/KITTEN CHOW NATURALS 03.2LB",-2.5,2.36504086535406,0,0,2.08724378152648,0,0,0,-0.510700332331644,0,0,0,0,0,0,0,9.17169935148667,"Retailer",0,0,0,0,NA,0,NA,0,0,0,NA,NA,NA,2
"ITEM1701DCCATKITTENCHOWNATURALS_ROM","Dry Cat","Fareway","DC CAT/KITTEN CHOW NATURALS 03.2LB",0,0,0,0,1.4245096644789,0.0200543140247247,0.699182084764518,0,0.840871072833744,-0.0242470480095513,0,0,0,0,0,0,5.66759429820436,"ROM",0,0,0,0,NA,0,NA,0,0,0,NA,NA,NA,2
"ITEM1702DCCATKITTENCHOWNATURALS_ROM","Dry Cat","Fareway","DC CAT/KITTEN CHOW NATURALS 06.3LB",-0.222718888940351,0,0,0,3.08848003924166,0.143815298962517,0,0,1.52495534231926,0,0,0,0,0,0,0,4.60171339606324,"ROM",0,0,0,0,NA,0,NA,0,0,0,NA,NA,NA,2
"ITEM170CWFRISKIES_ROM","Wet Cat","Fareway","CW FRISKIES 05.5OZ 60CT",0,0,0,0,0,0,0,0,0,0,0,0,0,0,0,0,6.58290239943701,"ROM",NA,NA,0,NA,NA,NA,NA,0,0,NA,NA,NA,NA,1
"ITEM1710DCFANCYFEAST_ROM","Dry Cat","Fareway","DC FANCY FEAST 01LB",-2.5,0,-1.59774242414458,-0.409669924016034,10,0,10,0,0,0,0,0,0,0,0,0,7.23929866429582,"ROM",0,0,0,0,NA,0,NA,0,0,0,NA,NA,NA,1
"ITEM1712DCFANCYFEAST_ROM","Dry Cat","Fareway","DC FANCY FEAST 03LB",-0.950967003178597,0,0,0,0,0,0,0,0.471330746893525,0,-0.0478607610905513,0,0.00478196311959823,0,0,0,8.38303684360818,"ROM",0,0,0,0,NA,0,NA,0,0,0,NA,NA,NA,2
"ITEM1713DCFANCYFEAST_ROM","Dry Cat","Fareway","DC FANCY FEAST 07LB",-1.04563004804407,0,0,0,0,4.55914855409904,0,0,0.356751884457929,0,-0.0267356421452171,0,0.0121011339809609,0,0,-0.226233794012773,8.12290561022675,"ROM",0,0,0,0,NA,0,NA,0,0,0,NA,NA,NA,2
"ITEM1716DCFRISKIESFRMFAV_ROM","Dry Cat","Fareway","DC FRISKIES FRM FAV 16LB",-3.2080916413423,0,0,0,0,15.9081576649276,0,0,1.86695981115884,0,-0.210920404119145,-0.0352470976023994,0.0273102504879576,0,0,0,11.6635734033436,"ROM",0,0,0,0,NA,0,NA,0,0,0,NA,NA,NA,2
"ITEM1717DCFRISKIESFRMFAV_ROM","Dry Cat","Fareway","DC FRISKIES FRM FAV 03.2LB",-0.315449849690095,0,0,0,0,0.36018859215946,0,0,1.74165100036085,0.0326070112148822,-0.0874518226830036,0,0,0,0,0,4.56244528710318,"ROM",0,0,0,0,NA,0,NA,0,0,0,NA,NA,NA,2
"ITEM1719DCFRISKIESML_ROM","Dry Cat","Fareway","DC FRISKIES ML 12LB",0,2.27483483634527,0,0,0,2.49164581021449,0,0,0.126773319265193,0,0,0,0.0384909256846991,0,-0.648153833512939,0,4.97998331262993,"ROM",0,0,0,0,NA,0,NA,0,0,0,NA,NA,NA,1
"ITEM1720DCFRISKIESML_ROM","Dry Cat","Fareway","DC FRISKIES ML 22LB",-1.41566554168828,0,0,0,0,0,0,0,1.83782665356778,-0.0117501729384456,-0.0943414947086096,0,0.00464567503593916,0,0,0,7.89222304671438,"ROM",0,0,0,0,NA,0,NA,0,0,0,NA,NA,NA,2
"ITEM1722DCFRISKIESML_ROM","Dry Cat","Fareway","DC FRISKIES ML 30LB",-1.08071095825775,0,0,0,0,0,0,0,1.27329370310715,0,-0.0408761697217101,0.0402393924094253,0.0104563713709252,0,0,0,7.39115178021714,"ROM",0,0,0,0,NA,0,NA,0,0,0,NA,NA,NA,2
"ITEM1733DCKITKABOODLE_ROM","Dry Cat","Fareway","DC KIT KABOODLE 11LB",-0.370205187059661,0,0,0,0,3.66185095234938,8.01686943221767,0,0,0,0,0,0,0,0,0,7.04956971927184,"ROM",0,0,0,0,NA,0,NA,0,0,0,NA,NA,NA,1
"ITEM1734DCKITKABOODLE_ROM","Dry Cat","Fareway","DC KIT KABOODLE 13LB",0,0,-1.71884197213709,-1.38586875550128,0,6.52696579235716,0,0,0,0,0,0,0,0,0,0,4.87976919295225,"ROM",0,0,0,0,NA,0,NA,0,0,0,NA,NA,NA,1
"ITEM1735DCKITKABOODLE_ROM","Dry Cat","Fareway","DC KIT KABOODLE 0.75-1.1LB",0,0,-8.61239404316271,-7.91719079415655,0,0,0,0,0,0,0,0,0,0,0,0,4.95008101902679,"ROM",0,0,0,0,NA,0,NA,0,0,0,NA,NA,NA,1
"ITEM1736DCKITKABOODLE_ROM","Dry Cat","Fareway","DC KIT KABOODLE 22LB",-0.119427445139528,0,0,0,0,0.886324542349333,0,0,1.08685676625956,-0.0146048927321624,0,0.00654040954132512,-0.00565773996778463,0,0,0,5.7902547396603,"ROM",0,0,0,0,NA,0,NA,0,0,0,NA,NA,NA,2
"ITEM1737DCKITKABOODLE_ROM","Dry Cat","Fareway","DC KIT KABOODLE 30LB",-0.093923296477717,0,0,0,2.20759927937321,0,0,0,0.822836857761822,0.0190748324791495,0.047799450589096,0.0618397177991142,0,0,0,-0.0861636145287306,5.66522317488159,"ROM",0,0,0,0,NA,0,NA,0,0,0,NA,NA,NA,2
"ITEM1738DCKITKABOODLE_ROM","Dry Cat","Fareway","DC KIT KABOODLE 38LB",-0.29136683419675,1.40607992748722,-2.39389209997066,0,0,5.12198370622538,0,0,0,0,0,0,0,0,0,0,7.05856950188705,"ROM",0,0,0,0,NA,0,NA,0,0,0,NA,NA,NA,1
"ITEM1739DCKITKABOODLE_ROM","Dry Cat","Fareway","DC KIT KABOODLE 24LB",0,0.95393023291008,-4.36414499224682,0,0,10,0,0,-6.60579407603184,0,0,0,0,0,-17.7053769880724,-10.4884742364836,11.6909499557701,"ROM",0,0,0,0,NA,0,NA,-11.1650842104907,-1.32649291082797,-1.8919108328371,NA,NA,NA,1
"ITEM1767DCPURINAONETRGTD_ROM","Dry Cat","Fareway","DC PURINA ONE TRGTD 07LB",-0.144553622190278,0,0,0,1.40804155892057,0.056402868507093,5.43291279874484,8.96545030762777,0.522071667187974,0,0,-0.0700828647175261,0,0,0,0,6.83324965039685,"ROM",0,0,0,0,NA,0,NA,0,0,0,NA,NA,NA,2
"ITEM1768DCPURINAONETRGTD_ROM","Dry Cat","Fareway","DC PURINA ONE TRGTD 16LB",-0.189947228032927,0.630074521418501,0,0,0,0.179196469148323,0,0,0.550374566985799,0,0,-0.0553665822837656,0,0,0,0,6.32929283914377,"ROM",0,0,0,0,NA,0,NA,0,0,0,NA,NA,NA,2
"ITEM1769DCPURINAONETRGTD_ROM","Dry Cat","Fareway","DC PURINA ONE TRGTD 02.8LB",-2.5,10,0,0,0,10,0,0,-2.81961164653337,0,0,0,0.271617688862588,0,0,0,8.47201401623386,"ROM",0,0,0,0,NA,0,NA,0,0,0,NA,NA,NA,1
"ITEM1770DCPURINAONEML_ROM","Dry Cat","Fareway","DC PURINA ONE ML 16LB",-1.02953203396222,0.624052988015798,-1.18952301957571,-1.06177088763774,4.93353249601032,0.709096333784841,0,0,0.676933497400239,0.0242284644927133,-0.0591806556239375,0,0.00367951166020685,0,0,0,6.54908652711271,"ROM",0,0,0,0,NA,0,NA,0,0,0,NA,NA,NA,2
"ITEM1771DCPURINAONEML_ROM","Dry Cat","Fareway","DC PURINA ONE ML 22LB",0,0,0,0,0,0,0,0,0.324551050505793,0,0,0,0.00941759863469742,0,0,0,4.50344988659408,"ROM",0,0,0,0,NA,0,NA,0,0,0,NA,NA,NA,2
"ITEM1772DCPURINAONEML_Retailer","Dry Cat","Fareway","DC PURINA ONE ML 07LB",-0.1,0.1,0,0,6.7857021447562,0.206941023346889,0,0,0,0,0,0,-0.0346958142401793,0,0,0,2.57508660165794,"Retailer",0,0,0,0,NA,0,NA,0,0,0,NA,NA,NA,0
"ITEM1772DCPURINAONEML_ROM","Dry Cat","Fareway","DC PURINA ONE ML 07LB",-1.00348646112877,0,0,0,0,0.157323337096384,0,0,0.697404532085725,0,0,0,0.0159380506175393,0,0,0,8.78733937959857,"ROM",0,0,0,0,NA,0,NA,0,0,0,NA,NA,NA,2
"ITEM1773DCPURINAONEML_ROM","Dry Cat","Fareway","DC PURINA ONE ML 02.8LB",-2.5,0,0,-9.46601767368603,0,10,10,0,-0.894457014882901,0,0,0,0.130544229862879,0,-9.77369395314888,-3.3719387380564,9.46415380165743,"ROM",0,0,-7.5683091601284,-5.59814179113637,NA,0,NA,-1.62529159553345,-3.2769660371143,0,NA,NA,NA,1
"ITEM1774DCPURINAONETRUINST_ROM","Dry Cat","Fareway","DC PURINA ONE TRU INST 06.3LB",-0.646399748583231,1.05916020093617,-0.238730276278686,0,6.47488122668099,0,0,0,0.434906354822853,0,0,0,0,0,-1.57376407318059,0,4.80141845915166,"ROM",0,0,0,0,NA,0,NA,0,0,0,NA,NA,NA,1
"ITEM1776DCPURINAONETRUINST_ROM","Dry Cat","Fareway","DC PURINA ONE TRU INST 03.2LB",0,0.855737178402631,0,0,9.65833123697644,0,0,0,0,0,0,0,0,0.457617138929744,0,0,1.6865649913682,"ROM",0.309218205340551,0,0,0,NA,0,NA,0,0,0,NA,NA,NA,1
"ITEM1780014602_ROM","Wet Cat","Fareway","CW PURINA ONE TRU INST 03OZ",-0.00109845023610443,0,-1.34299794435264,-1.2574596620815,10,0,0,0,0,0,0,0,0,0,0,0,4.32823750447146,"ROM",NA,NA,0,NA,NA,NA,NA,0,0,NA,NA,NA,NA,1
"ITEM1780017303_ROM","Wet Cat","Fareway","CW PURINA ONE TRU INST 03OZ 12CT",-2.5,0,-3.40884623669073,0,10,10,10,0,0,0,0,0,0,0,-9.01536252843596,0,8.41483573051342,"ROM",NA,NA,0,NA,NA,NA,NA,0,0,NA,NA,NA,NA,1
"ITEM1CTWHISKERLICKINSCR_Retailer","Cat Treats","Fareway","CT WHISKER LICKINS AO",-1.07132914897596,1.00184339519204,0,0,7.42174749957257,0,0,0,0,0,0,0,-0.0139641870291436,0,0,0,0.606557294645039,"Retailer",NA,NA,NA,NA,NA,NA,NA,NA,NA,NA,NA,NA,NA,1
"ITEM1CTWHISKERLICKINSCR_ROM","Cat Treats","Fareway","CT WHISKER LICKINS AO",-0.599074133697429,0,0,0,2.4841827067244,0.916444836318515,11.8736937093666,0,0,0,0,0,0,0,0,0,5.87776905422767,"ROM",NA,NA,NA,NA,NA,NA,NA,NA,NA,NA,NA,NA,NA,2
"ITEM1CWFRISKIES_Retailer","Wet Cat","Fareway","CW FRISKIES 05.5OZ",-0.533211324956802,3.2402922477686,0,0,3.63882314567029,0,0,0,0,-0.221656459503264,0,0.0558574904438802,-0.0200444897666418,0,0,0,5.94434874454283,"Retailer",NA,NA,0,NA,NA,NA,NA,0,0,NA,NA,NA,NA,2
"ITEM1CWFRISKIES_ROM","Wet Cat","Fareway","CW FRISKIES 05.5OZ",-0.560843838262655,0,0,0,1.58457554260897,0.276116750752279,8.47838649857748,0,0.514228557900448,-0.0445134846253096,-0.020060562444322,0.0281596065545661,-0.00327524698073977,0,0,0,9.84725418704528,"ROM",NA,NA,0,NA,NA,NA,NA,0,0,NA,NA,NA,NA,2
"ITEM20BEGGINMT_Retailer","Dog Treats","Fareway","DT BEGGIN MT 06OZ",-0.966148548118066,1.85771719044172,0,0,1.34409403506454,0.231006839413481,0,0,0.33252754412934,0,0,0,0,0,0,0,5.66854245810784,"Retailer",0,0,0,0,0,0,0,0,0,0,0,NA,NA,2
"ITEM20BEGGINMT_ROM","Dog Treats","Fareway","DT BEGGIN MT 06OZ",-0.918794369960027,0,0,0,0,0.0478979803373559,0,0.407825716164518,1.03344977606831,0,0,0,0,0,0,-0.0115792990796689,8.20314732316663,"ROM",0,0,0,0,0,0,0,0,0,0,0,NA,NA,2
"ITEM215CWFANCYFEASTPETITES_Retailer","Wet Cat","Fareway","CW FANCY FEAST PETITES 02.8OZ",-0.618062753718873,1.18948556595769,0,0,4.32330651440856,0,0,0,0,0,0.0319004423769754,0,0.012440994902452,0,0,0,3.6786335461793,"Retailer",NA,NA,0,NA,NA,NA,NA,0,0,NA,NA,NA,NA,0
"ITEM215CWFANCYFEASTPETITES_ROM","Wet Cat","Fareway","CW FANCY FEAST PETITES 02.8OZ",-3.1436552903848,15.351640004896,0,0,7.54141653710784,0,11.0135768634451,0,0,0,0,0,0.149005206424091,0,0,0,3.09731593431441,"ROM",NA,NA,0,NA,NA,NA,NA,0,0,NA,NA,NA,NA,2
"ITEM217CWFANCYFEASTPETITES_ROM","Wet Cat","Fareway","CW FANCY FEAST PETITES 02.8OZ 24CT",-2.5,0,-1.10399084219056,-0.837845987017064,10,10,10,0,-0.491554184855249,0,0,0,0.0542980702203402,0,0,0,10.4481121150929,"ROM",NA,NA,0,NA,NA,NA,NA,0,0,NA,NA,NA,NA,1
"ITEM218CWFANCYFEASTPETITES_ROM","Wet Cat","Fareway","CW FANCY FEAST PETITES 02.8OZ 12CT",-3.06785509738615,6.94954418756997,0,0,10.6084600434427,0,0,0,0,0,0,0,0.0474158473012998,0,0,0,9.58368941156848,"ROM",NA,NA,0,NA,NA,NA,NA,0,0,NA,NA,NA,NA,2
"ITEM219CWBEYONDMIXERDIGESTSUPPORT_ROM","Wet Cat","Fareway","CW BEYOND MIXER DIGEST SUPPORT 01OZ",-2.5,10,0,0,9.54296494393625,6.33492760367666,0,0,0,0,0,0,0.0599023328024904,0,0,0,3.50583823306477,"ROM",NA,NA,0,NA,NA,NA,NA,0,0,NA,NA,NA,NA,1
"ITEM21CWFANCYFEASTML_Retailer","Wet Cat","Fareway","CW FANCY FEAST ML 03OZ 30CT",-0.23191953265611,5.06672032825986,0,0,6.29539324769358,0,0,0,0,0,0,0,0,0,0,0,2.34647758748012,"Retailer",NA,NA,0,NA,NA,NA,NA,0,0,NA,NA,NA,NA,2
"ITEM21CWFANCYFEASTML_ROM","Wet Cat","Fareway","CW FANCY FEAST ML 03OZ 30CT",0,0,0,0,0,0.382180298318143,1.15912792459844,0,0.445317034434524,0,-0.0658280078219984,0,0.0115493279746833,0,0,0,6.82285473893484,"ROM",NA,NA,0,NA,NA,NA,NA,0,0,NA,NA,NA,NA,2
"ITEM220CWBEYONDORGANIC_ROM","Wet Cat","Fareway","CW BEYOND ORGANIC 03OZ",0,7.86972320549049,0,0,0,5.8931279391594,0,0,0,0,0,0,0.0439720763435279,0,0,0,4.68601380894285,"ROM",NA,NA,0,NA,NA,NA,NA,0,0,NA,NA,NA,NA,1
"ITEM222CWAOULTRA_ROM","Wet Cat","Fareway","CW AO ULTRA",-0.862465484144455,5.34641116706656,0,0,0,1.28970571758185,0,0,0,0,0,0,-0.0635017204667536,1,-2.63983431310003,0,4.45134523511776,"ROM",NA,NA,0,NA,NA,NA,NA,0,0,NA,NA,NA,NA,1
"ITEM226BELLA_Retailer","Wet Dog","Fareway","DW BELLA 03.5OZ",-0.181247741234312,0.913238111291385,0,-0.57419914163144,2.21755354813679,0.517903138722684,0,0,0,0,-0.0679329764665218,0,0,0,0,-0.271739258253456,5.22514640574199,"Retailer",NA,NA,NA,NA,NA,0.153573541842041,NA,0,NA,NA,NA,NA,NA,2
"ITEM226BELLA_ROM","Wet Dog","Fareway","DW BELLA 03.5OZ",-0.312992735123744,1.72992246414077,-0.458072610111232,-0.4745813694017,3.08557026923721,0.177825053020326,0,0,0,0,0,0,0,0,0,-0.0126711683355448,6.97208906496163,"ROM",NA,NA,NA,NA,NA,0,NA,0,NA,NA,NA,NA,NA,2
"ITEM233CWFANCYFEASTAPPTZRS_ROM","Wet Cat","Fareway","CW FANCY FEAST APPTZRS 01.1OZ",-0.41826046642458,1.39934426425364,0,0,2.9734872758102,1.01326701904891,0,0,0,-0.159024195307927,-0.0960469522235701,-0.0709576503130689,0.0125462759229154,0,0,0,6.52248536708118,"ROM",NA,NA,0,NA,NA,NA,NA,0,0,NA,NA,NA,NA,2
"ITEM235CWFRISKIESFAV_ROM","Wet Cat","Fareway","CW FRISKIES FAV 05.5OZ 24CT",0,0,-0.526080951417051,-1.0430772366468,0,0,0,0,0,0,0,0,0,0,0,0,2.11355986517197,"ROM",NA,NA,0,NA,NA,NA,NA,0,0,NA,NA,NA,NA,1
"ITEM236CWFRISKIESFAV_ROM","Wet Cat","Fareway","CW FRISKIES FAV 05.5OZ",0,0,0,0,1.8849223040856,0.503944323049063,0,0,0.112450900688177,0,0,0,0.00792636257333485,0,0,0,7.86228902911283,"ROM",NA,NA,0,NA,NA,NA,NA,0,0,NA,NA,NA,NA,2
"ITEM237CWFRISKIESLILGRILSLURPUR_ROM","Wet Cat","Fareway","CW FRISKIES LIL GRIL/SLUR/PUR 01.6OZ",-1.77607807623987,1.68465453676751,0,0,0.472785860406908,1.81745928170617,0,10.2065660959028,0.390739438448377,0,-0.157814317605794,-0.168507416274317,0.0423762231487311,0,0,0,7.43910796466938,"ROM",NA,NA,0,NA,NA,NA,NA,0,0,NA,NA,NA,NA,2
"ITEM238CWFRISKIESLILSOUPS_ROM","Wet Cat","Fareway","CW FRISKIES LIL SOUPS 01.2OZ 18CT",-2.5,1.49993208489631,-0.698170024907914,-2.03646606216292,10,10,0,0,-0.564386755673668,0,0,0,-0.0616480248941969,0,-2.30019606684948,-1.0956335896046,10.4949668754924,"ROM",NA,NA,0,NA,NA,NA,NA,-4.15928958882652,0,NA,NA,NA,NA,1
"ITEM239CWFRISKIESPREMIUM_ROM","Wet Cat","Fareway","CW FRISKIES PREMIUM 05.5OZ 24CT",-1.54657237249356,0,-2.99540521904456,-5.94511169980128,10,0,0,0,-4.01342784217882,0,0,0,-0.0192648621089291,0,0,0,11.1997736475326,"ROM",NA,NA,0,NA,NA,NA,NA,0,0,NA,NA,NA,NA,1
"ITEM23DOGCHOWML_Retailer","Wet Dog","Fareway","DW DOG CHOW ML 13 OZ 06CT",-0.369661714302018,0.84612645776984,0,0,4.75043164036195,0,0,0,0,0,0,0,0,0,0,0,3.20436691089977,"Retailer",NA,NA,NA,NA,NA,0,NA,0,NA,NA,NA,NA,NA,2
"ITEM23DOGCHOWML_ROM","Wet Dog","Fareway","DW DOG CHOW ML 13 OZ 06CT",-2.03278231295171,0,-3.0846853288151,-2.675968563944,10,10,0,0,0,0,0,0,0,0,0,0,6.97605213843829,"ROM",NA,NA,NA,NA,NA,0,NA,0,NA,NA,NA,NA,NA,1
"ITEM240CWFRISKIESPREMIUM_ROM","Wet Cat","Fareway","CW FRISKIES PREMIUM 05.5OZ",-2.5,3.20057114194317,0,0,10,0.000747157606736827,0,0,0,0,0,0,0,0,0,0,5.24136820644284,"ROM",NA,NA,0,NA,NA,NA,NA,0,0,NA,NA,NA,NA,1
"ITEM242CWKITKABOODLE_ROM","Wet Cat","Fareway","CW KIT KABOODLE 05.35OZ",0,0.779857682213469,-3.22784702060443,-0.92582133593727,0,10,0,0,-1.95308461810977,0,0,0,-0.348314251568393,0,-1.16786454588425,0,10.7162783289865,"ROM",NA,NA,0,NA,NA,NA,NA,0,0,NA,NA,NA,NA,1
"ITEM246CLTIDYCATSCLUMPNONLWBOX_ROM","Litter","Fareway","CL TIDY CATS CLUMP NON-LW BOX 23LB - BOX",-0.333099265743225,2.33484435438951,-0.0810077327545983,-0.393168028254849,0,6.45929297220128,10,10,0.377126484148873,0,0,0,-0.00384185963758723,NA,0,0,7.30109882965279,"ROM",NA,NA,NA,NA,NA,0,NA,NA,NA,NA,NA,NA,NA,1
"ITEM247CLTIDYCATSNONCLUMP_ROM","Litter","Fareway","CL TIDY CATS NON-CLUMP 40LB",-1.23136104229552,0,0,0,0,0.835521991042838,0,0,0,0,0,0,0,NA,0,0,8.54261074048665,"ROM",NA,NA,NA,NA,NA,0,NA,NA,NA,NA,NA,NA,NA,2
"ITEM248BELLA_Retailer","Wet Dog","Fareway","DW BELLA 03.5OZ 12CT",-0.101280239645437,1.50937818259852,0,0,5.8647735102548,0,0,0,0,0,0,0,0,0,0,0,2.40297228443106,"Retailer",NA,NA,NA,NA,NA,0,NA,0,NA,NA,NA,NA,NA,2
"ITEM248BELLA_ROM","Wet Dog","Fareway","DW BELLA 03.5OZ 12CT",-1.1199284918796,0,-0.849521410617748,-1.68310775285939,3.94063156383913,0,0,0,0.340067588786132,0,0.0152226391040782,0.0298877576146064,0.0175867056265991,0,-0.756072641593595,0,6.35585887852692,"ROM",NA,NA,NA,NA,NA,0,NA,0,NA,NA,NA,NA,NA,2
"ITEM248BUSYCW_Retailer","Dog Treats","Fareway","DT BUSY CW 17-21OZ",-0.296624104624337,0.137641213900181,0,0,0.1,0.0434626942582941,0,0,0.0264934230311018,0,0,0,-0.000510700407746197,0,0,0,1.40281697786051,"Retailer",0,0,0,0,0,0,0,0,0,0,0,NA,NA,0
"ITEM248BUSYCW_ROM","Dog Treats","Fareway","DT BUSY CW 17-21OZ",-1.40985780207891,0,0,0,0,0.0812740189337608,3.38082018387707,0,0.761320950969491,0.0261446493238165,0,-0.0548726536985033,0.00440138983616494,0,0,0,9.68478790839303,"ROM",0,0,0,0,0,0,0,0,0,0,0,NA,NA,2
"ITEM248CLTIDYCATSNONCLUMP_ROM","Litter","Fareway","CL TIDY CATS NON-CLUMP 30LB",-0.609556372338735,0,0,0,0,0,0,0,0.85237618619466,-0.00599118070232243,0.0295063039819911,0.068362885168477,-0.0103013678389844,NA,0,0,7.59185758549017,"ROM",NA,NA,NA,NA,NA,0,NA,NA,NA,NA,NA,NA,NA,2
"ITEM249CLTIDYCATSNONCLUMP_ROM","Litter","Fareway","CL TIDY CATS NON-CLUMP 50LB",0,0,0,0,0,0,2.10408266022351,0,0.972783116803988,0,0,0,0,NA,0,0,5.1837039144241,"ROM",NA,NA,NA,NA,NA,0,NA,NA,NA,NA,NA,NA,NA,2
"ITEM249DWALPO_ROM","Wet Dog","Fareway","DW ALPO 13.2OZ 12CT",-2.5,0,-3.90017003082388,-2.75037907231029,0,10,0,0,-3.88051332697983,0,0,0,0,0,0,0,14.0584766089971,"ROM",NA,NA,NA,NA,NA,0,NA,0,NA,NA,NA,NA,NA,1
"ITEM250CLTIDYCATSNONCLUMP_ROM","Litter","Fareway","CL TIDY CATS NON-CLUMP 52LB",0,2.55314156861668,0,0,0,0,0,0,0,0,0,0,0,NA,0,0,6.19938656229499,"ROM",NA,NA,NA,NA,NA,0,NA,NA,NA,NA,NA,NA,NA,1
"ITEM251CLTIDYCATSCLUMPNONLW_ROM","Litter","Fareway","CL TIDY CATS CLUMP NON-LW 40LB",-2.5,0,0,-0.895407071099426,10,10,0,0,-6.21598030175669,0,0,0,0,NA,0,0,16.9596464486754,"ROM",NA,NA,NA,NA,NA,0,NA,NA,NA,NA,NA,NA,NA,1
"ITEM251DWALPO_ROM","Wet Dog","Fareway","DW ALPO 13.2OZ 24CT",0,10,-5.97751974484731,-1.3659050800142,0,0,0,0,0,0,0,0,0,0,-0.769233449523609,0,1.70838674579169,"ROM",NA,NA,NA,NA,NA,0,NA,0,NA,NA,NA,NA,NA,1
"ITEM253CLTIDYCATSCLUMPNONLW_ROM","Litter","Fareway","CL TIDY CATS CLUMP NON-LW 35LB",-0.36165456076488,0,0,0,0.949008992562526,0.374490641235171,0.405522248192671,0,0.194922749424895,0,0,0,0,NA,0,0,9.14070998142147,"ROM",NA,NA,NA,NA,NA,0,NA,NA,NA,NA,NA,NA,NA,2
"ITEM253DWBENEFUL_ROM","Wet Dog","Fareway","DW BENEFUL 10OZ 12CT",-0.386725368376594,1.72732716454965,-1.11716822940085,0,7.01495413086891,0,0,0,0.108227840370244,0.0296157057938033,0,0,0.00858332977001879,0,0,0,4.58941311141315,"ROM",NA,NA,NA,NA,NA,0,NA,0,NA,NA,NA,NA,NA,2
"ITEM254CLTIDYCATSCLUMPNONLW_ROM","Litter","Fareway","CL TIDY CATS CLUMP NON-LW 20LB 2PK",0,0.535663179779528,0,0,0,7.81077157107438,0,0,0,0,0,0,0,NA,0,0,6.53076126150166,"ROM",NA,NA,NA,NA,NA,0,NA,NA,NA,NA,NA,NA,NA,1
"ITEM254DWBENEFUL_ROM","Wet Dog","Fareway","DW BENEFUL 10OZ 06CT",-1.18958654492519,1.38374442217015,-0.530701139663759,0,0,0.528618178375244,0,0,0.734472579830337,-0.0129612488622906,0.0150304694061274,0,0,0,0,0,7.76953229502234,"ROM",NA,NA,NA,NA,NA,0,NA,0,NA,NA,NA,NA,NA,2
"ITEM255CLTIDYCATSCLUMPNONLW_ROM","Litter","Fareway","CL TIDY CATS CLUMP NON-LW 10LB",0,0,0,0,0,5.54139693863055,10,0,0,0,0,0,0.00390763538372015,NA,0,0,6.19252286799246,"ROM",NA,NA,NA,NA,NA,0,NA,NA,NA,NA,NA,NA,NA,1
"ITEM255DWBENEFUL_ROM","Wet Dog","Fareway","DW BENEFUL 03OZ 12CT",-0.845819390040287,0,0,0,1.69703956835966,0,0,0,0.888737410795412,0.0339683954887481,0,-0.0147742531389757,0.00716359610852343,0,0,0,6.62196631438035,"ROM",NA,NA,NA,NA,NA,0,NA,0,NA,NA,NA,NA,NA,2
"ITEM256CLTIDYCATSBREEZEPELLETS_ROM","Litter","Fareway","CL TIDY CATS BREEZE PELLETS 03.5LB",-2.5,0,-4.87469680614319,-2.85193149656329,7.04175928619608,0,0,0,-3.62186422775662,0,0,0,0,NA,0,0,12.1763003992292,"ROM",NA,NA,NA,NA,NA,0,NA,NA,NA,NA,NA,NA,NA,1
"ITEM256CWFANCYFEASTPURELYFILETS_ROM","Wet Cat","Fareway","CW FANCY FEAST PURELY FILETS 01OZ",-0.986399695641657,0.353970508827051,-0.825163226551887,-2.10556237790235,10,5.33037118877474,0,0,-2.76196947793248,0,0,0,-0.11556675751642,0,-4.77419656620851,-2.67374686731725,8.39722807304697,"ROM",NA,NA,-3.36092195180373,NA,NA,NA,NA,0,0,NA,NA,NA,NA,1
"ITEM257CWPURINAONETRGTD_ROM","Wet Cat","Fareway","CW PURINA ONE TRGTD 03OZ",-1.71101654293524,1.27444295783089,0,0,6.42443553273103,1.31509740733586,0,0,0.00112344146079578,0,0.0682165883710128,0.0751272283372103,0.0566430442924054,0,0,0,5.05544989197428,"ROM",NA,NA,0,NA,NA,NA,NA,0,0,NA,NA,NA,NA,2
"ITEM257DWBENEFULINCRNMED_ROM","Wet Dog","Fareway","DW BENEFUL INCR N MED 03OZ 30CT",0,0,-7.02326756703123,0,8.22937541159372,3.19213826420711,0,0,0,0,0,0,0,0,0,0,3.12381174713051,"ROM",NA,NA,NA,NA,NA,0,NA,0,NA,NA,NA,NA,NA,2
"ITEM258CLTIDYCATSBREEZEPADS_ROM","Litter","Fareway","CL TIDY CATS BREEZE PADS 04CT",-0.828041040494152,0,0,0,3.25560113788298,0,0,0,0,0,0,0,0,NA,0,0,5.92384140410103,"ROM",NA,NA,NA,NA,NA,0,NA,NA,NA,NA,NA,NA,NA,2
"ITEM259CLTIDYCATSCLUMPLW_ROM","Litter","Fareway","CL TIDY CATS CLUMP LW 19.5LB",0,4.10436658594394,-0.214682458244732,0,0,0,0,0,0,0,0,0,0,NA,0,0,5.95736318289403,"ROM",NA,NA,NA,NA,NA,0,NA,NA,NA,NA,NA,NA,NA,1
"ITEM259DWBEYONDGRFR_ROM","Wet Dog","Fareway","DW BEYOND GR FR 13OZ 6CT",0,1.32024699507816,-1.09764157608594,0,9.83070868532073,0,0,0,0,0,0,0,0,0,0,0,2.53082777635925,"ROM",NA,NA,NA,NA,NA,0,NA,0,NA,NA,NA,NA,NA,1
"ITEM25BENEFULSPRFOOD_Retailer","Wet Dog","Fareway","DW BENEFUL SPRFOOD 09OZ 06CT",-1.39278177757692,1.20729508066195,0,0,10,0,0,0,0.619400642879678,0.163947085411695,0.0828962607398349,0.0311311877038328,-0.0443521479977249,0,0,0,3.80608674673657,"Retailer",NA,NA,NA,NA,NA,0,NA,0,NA,NA,NA,NA,NA,0
"ITEM25BENEFULSPRFOOD_ROM","Wet Dog","Fareway","DW BENEFUL SPRFOOD 09OZ 06CT",-2.5,0.0673009126742171,-1.92083880315078,-2.50318033190037,0,10,0,0,-1.99309361529127,0,0,0,-0.112447112329424,0,0,0,11.331314690347,"ROM",NA,NA,NA,NA,NA,0,NA,0,NA,NA,NA,NA,NA,1
"ITEM260CLTIDYCATSCLUMPLW_ROM","Litter","Fareway","CL TIDY CATS CLUMP LW 06LB",-2.5,0.132800705942365,-1.25830182487767,-0.503522134838278,0,10,10,4.30086074103368,-1.72792987202006,0,0,0,0,NA,0,0,11.3846588362956,"ROM",NA,NA,NA,NA,NA,0,NA,NA,NA,NA,NA,NA,NA,1
"ITEM260DWBEYONDGRFR_ROM","Wet Dog","Fareway","DW BEYOND GR FR 13OZ",-1.09758717761551,0,0,0,3.11089997412459,3.20069055605417,0,0,0.455060324290346,-0.0753706644329271,-0.0240280949940246,0,0,0,0,0,6.95262191416313,"ROM",NA,NA,NA,NA,NA,0,NA,0,NA,NA,NA,NA,NA,2
"ITEM261CLTIDYCATSNATSTRGNONCLUMP_ROM","Litter","Fareway","CL TIDY CATS NAT STRG NON-CLUMP 35LB",-2.5,2.13767326811808,-0.0428053236048467,0,0,0,10,0,0,0,0,0,0,NA,0,0,11.5593173414326,"ROM",NA,NA,NA,NA,NA,0,NA,NA,NA,NA,NA,NA,NA,1
"ITEM261DWBEYONDMIXERSSUPPORT_ROM","Wet Dog","Fareway","DW BEYOND MIXERS SUPPORT 03OZ",-2.5,0,-4.00161974980081,-4.60043331556479,0,9.23520124863386,0,0,0,0,0,0,0,0,0,0,4.49844420624846,"ROM",NA,NA,NA,NA,NA,0,NA,0,NA,NA,NA,NA,NA,1
"ITEM262CLTIDYCATSNATSTRGNONCLUMP_ROM","Litter","Fareway","CL TIDY CATS NAT STRG NON-CLUMP 20LB",-1.89468749762034,2.94382059316443,0,0,3.67371489234743,0.679151230496728,4.80463115113438,0,0,0,0,0,0,NA,0,0,9.71308565022498,"ROM",NA,NA,NA,NA,NA,0,NA,NA,NA,NA,NA,NA,NA,2
"ITEM262DWBEYONDORGANIC_ROM","Wet Dog","Fareway","DW BEYOND ORGANIC 13OZ",-2.5,0,-2.6118214032655,-0.548875548444413,0,10,0,0,0,0,0,0,0,0,0,0,6.6910511102475,"ROM",NA,NA,NA,NA,NA,0,NA,0,NA,NA,NA,NA,NA,1
"ITEM263CLTIDYCATSNATSTRGNONCLUMP_ROM","Litter","Fareway","CL TIDY CATS NAT STRG CLUMP 14LB",-1.2663251670895,0.650637360721457,0,-2.58789301286387,0,1.2022767484921,0,0,0,0,0,0,0,NA,0,0,6.90631570560531,"ROM",NA,NA,NA,NA,NA,0,NA,NA,NA,NA,NA,NA,NA,1
"ITEM264CLTIDYCATSPURENATUREALT_ROM","Litter","Fareway","CL TIDY CATS PURE NATURE ALT 12LB",0,0,0,0,8.81390416653663,0,0,0,0,0,0,0,0,NA,0,0,3.27116990059339,"ROM",NA,NA,NA,NA,NA,0,NA,NA,NA,NA,NA,NA,NA,1
"ITEM265CLYESTERDAYSNEWSALT_ROM","Litter","Fareway","CL YESTERDAYS NEWS ALT 13.2LB",-2.5,0,-4.155197252482,-4.68627596388317,10,0,0,0,-1.32034824055312,0,0,0,0,NA,-4.04125704118084,-5.1806350222185,9.78208737515852,"ROM",NA,NA,NA,NA,NA,0,NA,NA,NA,NA,NA,NA,NA,1
"ITEM266DWBEYONDWILD_ROM","Wet Dog","Fareway","DW BEYOND WILD 13OZ",0,0,0,0,5.77102661647791,0,0,0,0,0,-0.0144186788016372,0,0,0,0,0,4.48323023961799,"ROM",NA,NA,NA,NA,NA,0,NA,0,NA,NA,NA,NA,NA,2
"ITEM267CLYESTERDAYSNEWALT_ROM","Litter","Fareway","CL YESTERDAYS NEW ALT 10LB",-2.5,0.994165077220833,-0.757154521824656,-2.14547679884512,0,0,0,0,-4.19040732731385,0,0,0,-0.0262729507031696,NA,0,-0.196901587578474,13.4198077156806,"ROM",NA,NA,NA,NA,NA,0,NA,NA,NA,NA,NA,NA,NA,1
"ITEM26DOGCHOWML_Retailer","Wet Dog","Fareway","DW DOG CHOW ML 13 OZ",-2.0141002785602,1.55400640930282,0,0,2.77795956063082,0,0,0,0,-0.308704738496136,-0.0960897914696624,0,0.0159886604332703,0,0,0,5.19673375879725,"Retailer",NA,NA,NA,NA,NA,0,NA,0,NA,NA,NA,NA,NA,2
"ITEM26DOGCHOWML_ROM","Wet Dog","Fareway","DW DOG CHOW ML 13 OZ",0,0,-6.50002221250607,-6.13841716887084,6.5245564339294,0,0,0,0,0,0,0,0,0,0,0,6.37702691565544,"ROM",NA,NA,NA,NA,NA,0,NA,0,NA,NA,NA,NA,NA,1
"ITEM26KITKABOODLE_Retailer","Dry Cat","Fareway","DC KIT KABOODLE 03.2LB",-2.5,1.72101598062621,0,0,6.55742994088421,0,0,0,-2.0419887068822,0,0,0,0,0,-5.73828221269588,0,7.15795257821275,"Retailer",0,0,-0.852679918676677,-0.569975788083606,NA,0,NA,0,0,0,NA,NA,NA,1
"ITEM26KITKABOODLE_ROM","Dry Cat","Fareway","DC KIT KABOODLE 03.2LB",0,3.18716086851246,-0.490550616274513,-11.5809701946417,6.55795647297971,10,0,0,-0.336352442991973,0,0,0,0,0,-11.9419217444186,-2.96382541230987,4.33884215932533,"ROM",0,0,0,0,NA,0,NA,0,0,0,NA,NA,NA,1
"ITEM26TBONZMT_Retailer","Dog Treats","Fareway","DT T BONZ MT 04.5OZ",-1.05546988570343,2.53848713297227,0,0,1.71527058245422,0,0,0,0.173790911550305,0,0,0,0,0,0,0,4.64740160174795,"Retailer",0,0,0,0,0,0,0,0,0,0,0,NA,NA,2
"ITEM26TBONZMT_ROM","Dog Treats","Fareway","DT T BONZ MT 04.5OZ",0,0,0,0,0,0.950711943888048,0,0,0.355104567908122,-0.0135604809929441,-0.075625994350189,0.00687265973678521,-0.0138865238361403,0,0,-0.00396084058286356,7.94918160567561,"ROM",0,0,0,0,0,0,0,0,0,0,0,NA,NA,2
"ITEM2CWFANCYFEASTML_Retailer","Wet Cat","Fareway","CW FANCY FEAST ML 03OZ",-0.370985589933423,0.747145971516694,0,0,0,0,0,0,0,0,0.0186498226582421,0,0,0,0,0,8.88184142786517,"Retailer",NA,NA,0,NA,NA,NA,NA,0,0,NA,NA,NA,NA,2
"ITEM2CWFANCYFEASTML_ROM","Wet Cat","Fareway","CW FANCY FEAST ML 03OZ",-2.37256025275336,0,0,0,0.594109492556285,0.0364399151790247,1.11819206250468,0,0.231358170730369,0,0.0235984062141743,0.103776803374763,0.0117050950903692,0,0,0,10.2738138787894,"ROM",NA,NA,0,NA,NA,NA,NA,0,0,NA,NA,NA,NA,2
"ITEM311DWDOGCHOWML_ROM","Wet Dog","Fareway","DW DOG CHOW ML 13 OZ 12CT",-0.969423928751407,0.917802260248454,-1.27376129469961,-0.601163136497041,0,10,10,0,0,0,0,0,-0.117278471336238,0,0,0,7.15042593912474,"ROM",NA,NA,NA,NA,NA,0,NA,0,NA,NA,NA,NA,NA,1
"ITEM312DWDOGCHOWML_ROM","Wet Dog","Fareway","DW DOG CHOW ML 13 OZ 24CT",-2.5,2.87569955060532,-2.06462935747893,-2.91115178520371,0,0,0,0,-13.8753863749855,0,0,0,0.104543702569254,0,0,0,24.6810868231261,"ROM",NA,NA,NA,NA,NA,0,NA,0,NA,NA,NA,NA,NA,1
"ITEM335DDALPO_ROM","Dry Dog","Fareway","DD ALPO 37-41LB",-2.5,1.19424535869017,0,0,0,10,0,0,0,0,0,0,-0.127302147760885,0,0,0,11.246012228066,"ROM",0,0,0,0,0,0,0,0,NA,NA,NA,0,0,1
"ITEM35BENEFULBAKEDCR_Retailer","Dog Treats","Fareway","DT BENEFUL BAKED CR 08.5-9.5OZ",-0.1,0.453901629845166,0,0,1.85644988125004,0,0,0,0,0,0,0,0,0,0,0,3.84085850901847,"Retailer",0,0,0,0,0,0,0,0,0,0,0,NA,NA,2
"ITEM35BENEFULBAKEDCR_ROM","Dog Treats","Fareway","DT BENEFUL BAKED CR 08.5-9.5OZ",-0.020338243809168,1.09937835902484,0,0,4.3743340548872,0.115180873277858,0,0,0.667585239163973,0,0,0.00806246609480596,0,0,0,0,4.22843652894223,"ROM",0,0,0,0,0,0,0,0,0,0,0,NA,NA,2
"ITEM363DDPROPLANESSENTIAL_ROM","Dry Dog","Fareway","DD PRO PLAN ESSENTIAL 05-6LB",-1.59114558094549,0,-4.05742746454021,0,0,10,0,0,0.646877830912337,0,0,0,0,0,0,0,6.30519968695479,"ROM",0,0,0,0,0,0,0,0,NA,NA,NA,0,0,1
"ITEM367DWPUPPYCHOW_ROM","Wet Dog","Fareway","DW PUPPY CHOW 05.5OZ 8 CT",-0.0543754386513715,0,-5.62186017602525,-11.2553836878942,0,0,0,0,0,0,0,0,0,0,0,0,3.21134001117807,"ROM",NA,NA,NA,NA,NA,0,NA,0,NA,NA,NA,NA,NA,1
"ITEM368DWPUPPYCHOW_ROM","Wet Dog","Fareway","DW PUPPY CHOW 05.5OZ",0,0,0,0,0,0,0,0,0,0,0,0,0.00399059249128133,0,0,0,6.43411781028453,"ROM",NA,NA,NA,NA,NA,0,NA,0,NA,NA,NA,NA,NA,1
"ITEM369DWPURINAONE_ROM","Wet Dog","Fareway","DW PURINA ONE 13OZ",-0.193873293671294,0,0,0,3.43278660629223,1.32887663360304,3.35976118594982,7.67041969089881,0.500274256912588,-0.0212799348241672,-0.0257009996005715,0,0,0,0,0,6.42318546393094,"ROM",NA,NA,NA,NA,NA,0,NA,0,NA,NA,NA,NA,NA,2
"ITEM370DWPURINAONE_ROM","Wet Dog","Fareway","DW PURINA ONE 13OZ 06CT",-0.0879362411616405,0,0,0,2.78156900954411,0.302907828278334,0,0,0.26679079848283,0,-0.010776908859008,-0.0324331979330835,0,0,0,0,5.32615688398171,"ROM",NA,NA,NA,NA,NA,0,NA,0,NA,NA,NA,NA,NA,2
"ITEM371DWPURINAONETRUINST_ROM","Wet Dog","Fareway","DW PURINA ONE TRU INST 13OZ 12CT",-2.5,0.433100562094908,-1.96415385276061,-2.53250698497287,0,0,0,0,0,0,0,0,-0.0280946470454683,1,0,0,9.86331365452227,"ROM",NA,NA,NA,NA,NA,0,NA,0,NA,NA,NA,NA,NA,1
"ITEM372DWPURINAONETRUINST_ROM","Wet Dog","Fareway","DW PURINA ONE TRU INST 13OZ 06CT",-0.259850666224317,0,0,0,4.2686408123836,0,1.42361766475066,0,0,0,0,0.0212307161601176,0.0089291153895066,0,0,0,4.99801437360468,"ROM",NA,NA,NA,NA,NA,0,NA,0,NA,NA,NA,NA,NA,2
"ITEM373DWPURINAONETRUINST_ROM","Wet Dog","Fareway","DW PURINA ONE TRU INST 13OZ",-0.120201103956047,0,0,0,3.01452721648048,1.26625284321994,0,9.99173753922006,0.269615207458731,-0.0345197974206206,-0.105634359681257,-0.110677943162973,0.00547116244478835,0,0,0,6.59232867561271,"ROM",NA,NA,NA,NA,NA,0,NA,0,NA,NA,NA,NA,NA,2
"ITEM374DDALPO_Retailer","Dry Dog","Fareway","DD ALPO 16LB",-2.5,0.01,0,0,8.82549479693143,0,0,0,0,0,0,0,0,0,0,0,6.25341478662575,"Retailer",0,0,0,0,0,0,0,0,NA,NA,NA,0,0,1
"ITEM374DDALPO_ROM","Dry Dog","Fareway","DD ALPO 16LB",-2.5,3.54311286268351,-0.332506998945643,-2.40576358504718,10,2.32177588795012,0,0,-6.06698926831148,0,0,0,0,0,0,0,15.5661587607296,"ROM",0,0,0,0,0,0,0,0,NA,NA,NA,0,0,1
"ITEM3810018507_ROM","Dog Treats","Fareway","DT BUSY TWISTED CW 66OZ",0,2.66068973991248,0,0,0,0,0,0,0.0738762178021278,0,0,0,0,0,0,0,5.68662756642761,"ROM",0,0,0,0,0,0,0,0,0,0,0,NA,NA,1
"ITEM38BUSYROLLHIDECW_ROM","Dog Treats","Fareway","DT BUSY ROLLHIDE CW 04-6OZ",-1.51638371481831,2.57848616371256,0,0,0.681958991052893,0.286801628862096,0,0,0.505200707015419,-0.0511465354533397,-0.0240290141081748,0.0458749283039517,-0.00192494726425887,0,0,0,7.02443763194259,"ROM",0,0,0,0,0,0,0,0,0,0,0,NA,NA,2
"ITEM40039DDDOGCHOWGREENBG_Retailer","Dry Dog","Fareway","DD DOG CHOW GREEN BG 30-33.5LB",-0.720433272090671,0.548852206532539,0,-0.166405766047581,4.72892033307331,0.0572540999628315,0,0,0.0428469326485739,-0.0171804482991035,0,0,0.002269606967854,0,0,0,4.91288995169461,"Retailer",0,0,0,0,0,0,0,0,NA,NA,NA,0,0,0
"ITEM40039DDDOGCHOWGREENBG_ROM","Dry Dog","Fareway","DD DOG CHOW GREEN BG 30-33.5LB",-2.5,0,-3.75676796622372,-5.73140560387746,10,10,10,0,5.30744265355706,0,0,0,0.0643032473916715,0,0,0,4.21897617433515,"ROM",0,0,0,0,0,0,0,0,NA,NA,NA,0,0,1
"ITEM407DDDOGCHOWLX_Retailer","Dry Dog","Fareway","DD DOG CHOW LX 16.5-18LB",-2.24172049541748,1.34239539368139,-0.928992591540841,-1.31902395766055,2.99502307204578,0.243347191149982,0,0,0,0.0485913398942276,0,0,0.010290892891524,0,0,0,8.34509908358766,"Retailer",0,0,0,0,0,0.336091897406821,0,0,NA,NA,NA,0,0,2
"ITEM407DDDOGCHOWLX_ROM","Dry Dog","Fareway","DD DOG CHOW LX 16.5-18LB",-3.95427654052423,1.03389306704118,-0.745617074759812,-0.995472213243139,6.00607639979501,1.37850824455384,2.5086388984506,0,0.231314028026282,-0.0664634100437518,0,0,0.0149907576971504,0,0,0,14.3708595901913,"ROM",0,0,0,0,0,0,0,0,NA,NA,NA,0,0,2
"ITEM40DENTALIFEDT_Retailer","Dog Treats","Fareway","DT DENTALIFE DT 06.8-7.8OZ",-0.1,0.177541534166893,0,0,0.1,0,0,0,0,0,0,0,0.000268961075180409,0,0,0,0.913052664154939,"Retailer",0,0,0,0,0,0,0,0,0,0,0,NA,NA,0
"ITEM40DENTALIFEDT_ROM","Dog Treats","Fareway","DT DENTALIFE DT 06.8-7.8OZ",-0.535204668560443,0,0,0,0,0.60854228647798,3.35131039227985,0,0.0445319073631183,0,0,0,0,0,0,0,7.02185501040696,"ROM",0,0,0,0,0,0,0,0,0,0,0,NA,NA,1
"ITEM440DDDOGCHOWGREENBG_Retailer","Dry Dog","Fareway","DD DOG CHOW GREEN BG 42-46LB",-0.720433272090671,0.548852206532539,0,-0.166405766047581,7.05296128448501,0.0572540999628315,0,0,0.0428469326485739,-0.0171804482991035,0,0,-0.00121035390117503,0,0,0,4.41059545041147,"Retailer",0,0,0,0,0,0,0,0,NA,NA,NA,0,0,0
"ITEM440DDDOGCHOWGREENBG_ROM","Dry Dog","Fareway","DD DOG CHOW GREEN BG 42-46LB",0,2.92357203528635,0,0,9.72063119274211,0,0,0,0,0,0,0,0,0,0,0,4.19605087121623,"ROM",0,0,0,0,0,0,0,0,NA,NA,NA,0,0,2
"ITEM441DDDOGCHOWLX_Retailer","Dry Dog","Fareway","DD DOG CHOW LX 04LB",-0.433806170642101,0.807809133496324,0,0,3.38610406314067,0,0,0,0,0,0,0,0,0,0,0,3.09049130160154,"Retailer",0,0,0,0,0,0.320845750719424,0,0,NA,NA,NA,0,0,2
"ITEM441DDDOGCHOWLX_ROM","Dry Dog","Fareway","DD DOG CHOW LX 04LB",0,0,0,0,2.68653345767627,1.19571726433457,0.347575433829546,0,0.449110176764123,0,0,0,0.0216979751941941,0,0,0,4.38882216442506,"ROM",0,0,0,0,0,0,0,0,NA,NA,NA,0,0,2
"ITEM449DDBEYONDSMP_ROM","Dry Dog","Fareway","DD BEYOND SMP9 14.5-15.5LB",-2.02785052844841,2.09559345435744,0,-0.625150359514775,0,0,0,0,0,0,0,0,0,0,0,0,8.76223041822725,"ROM",0,0,0,0,0,0,0,0,NA,NA,NA,0,0,1
"ITEM44CWPURINAONE_ROM","Wet Cat","Fareway","CW PURINA ONE 03OZ",0,0.969219565701932,0,-0.935345538079586,3.00788400113532,0,0,0,0,0,0,0,0.0158044380777814,0,0,0,5.74146234083136,"ROM",NA,NA,0,NA,NA,NA,NA,0,0,NA,NA,NA,NA,2
"ITEM45CWBEYOND_ROM","Wet Cat","Fareway","CW BEYOND 03OZ",0,1.96895469273443,0,-0.0788034805422404,3.93494735218633,0.0252941160990947,0,0,0.11641980172221,0,0,0,0,0.176903188964516,0,0,5.82456255903502,"ROM",NA,NA,0,NA,NA,NA,NA,0,0,NA,NA,NA,NA,1
"ITEM45HONESTTODOGMT_Retailer","Dog Treats","Fareway","DT HONEST TO DOG AOF",-0.520679658596702,0.636482927512214,0,0,10,0.107041893445951,0,0,0.112288494032589,0,0,0,-0.0508844659317767,0,0,0,2.01349932983411,"Retailer",0,0,0,0,0,0,0,0,0,0,0,NA,NA,0
"ITEM467DDPUPPYCHOW_ROM","Dry Dog","Fareway","DD PUPPY CHOW 08.8LB",-2.5,0,0,-0.874572100361452,0,0,0,0,0,0,0,0,-0.0997022032951922,0,0,0,9.00330516413583,"ROM",0,0,0,0,0,0,0,0,NA,NA,NA,0,0,1
"ITEM473DDPROPLANESSENTIAL_ROM","Dry Dog","Fareway","DD PRO PLAN ESSENTIAL 33-35LB",0,0,-1.86446282326854,-3.18578189461083,0,10,0,0,0,0,0,0,0,0,0,0,3.52613792125526,"ROM",0,0,0,0,0,0,0,0,NA,NA,NA,0,0,1
"ITEM478DDBENEFULPREMIUM_Retailer","Dry Dog","Fareway","DD BENEFUL PREMIUM 09.4-12.5LB",-0.539274769973063,2.42506343433595,0,-5.85279592342311,10,0,0,0,-0.114476977264822,0,0,0,0,0,-5.50998451777831,0,3.19789095787408,"Retailer",0,0,0,0,0,0,0,0,NA,NA,NA,0,0,1
"ITEM478DDBENEFULPREMIUM_ROM","Dry Dog","Fareway","DD BENEFUL PREMIUM 09.4-12.5LB",-2.5,0,-1.95200686362832,-2.02677289327988,6.22470946833719,0,0,0,0,0,0,0,0,0,-19.4296056639342,-8.15336848631553,10.4004540682493,"ROM",0,0,0,0,0,0,0,-3.03667746022307,NA,NA,NA,0,0,1
"ITEM485DDMOISTANDMEATY_ROM","Dry Dog","Fareway","DD MOIST AND MEATY 012OZ",0,0,-0.828133194427996,-4.79707226552178,0,0,0,0,0.455304571619291,0,0,0,0,0.450681477827542,-0.0694079927116126,0,4.07510642408231,"ROM",0,0,-2.21191066777468,0,0,0,0,0,NA,NA,NA,0,0,1
"ITEM490BEGGINMT_Retailer","Dog Treats","Fareway","DT BEGGIN MT 25OZ",-0.297902282889994,0.600509008591451,0,0,1.88516093016109,0.131669669346607,0,0,0.118927801558251,0,0,0,0.0025789282464486,0,0,0,4.35019177913122,"Retailer",0,0,0,0,0,0,0,0,0,0,0,NA,NA,2
"ITEM490BEGGINMT_ROM","Dog Treats","Fareway","DT BEGGIN MT 25OZ",-0.914818154686595,0,0,0,0.603848986687334,0.0411430968459625,1.25403903689573,1.40459143623483,0.421753906099085,0,0,0.0408676541399515,0,0,0,0,8.8748531524551,"ROM",0,0,0,0,0,0,0,0,0,0,0,NA,NA,2
"ITEM498BUSYCW_ROM","Dog Treats","Fareway","DT BUSY CW 06.5-7OZ",-1.64923385707947,0,0,0,0,0.0506373982275879,8.92099443986951,0,0.819034184916623,0.0273270845122316,0.0551976710912989,0.0472721713893298,0.00999176746396614,0,0,0,8.36690172695523,"ROM",0,0,0,0,0,0,0,0,0,0,0,NA,NA,2
"ITEM4CTFRISKIESPARTYMIXCR_Retailer","Cat Treats","Fareway","CT FRISKIES PARTY MIX/NAT YUM CR 06OZ",-2.5,0.132972722224829,-2.92092452534958,-2.33875845137641,6.80821530585845,0,0,0,0,0,0,0,0,0,0,0,4.51697818117525,"Retailer",NA,NA,NA,NA,NA,NA,NA,NA,NA,NA,NA,NA,NA,1
"ITEM4CTFRISKIESPARTYMIXCR_ROM","Cat Treats","Fareway","CT FRISKIES PARTY MIX/NAT YUM CR 06OZ",-3.2292327725783,0,0,0,0,0.23717789011895,0,0,0.882064988502538,0,0,0,0.0270984826717151,0,-0.091210010218057,-0.2393713674849,10.560745260289,"ROM",NA,NA,NA,NA,NA,NA,NA,NA,NA,NA,NA,NA,NA,2
"ITEM4CWFRISKIES_Retailer","Wet Cat","Fareway","CW AO PREMIUM",-0.1,6.62379755963509,0,0,0.1,0,0,0,0,-0.0390886572344739,0.216934910847928,0.176541198017665,0.00719482064384933,0,0,0,1.15650256670735,"Retailer",NA,NA,0,NA,NA,NA,NA,0,0,NA,NA,NA,NA,0
"ITEM503DDPURINAONETRUINST_ROM","Dry Dog","Fareway","DD PURINA ONE TRU INST 07.4LB",-0.0965044066536605,0,0,0,0,0.723954646032795,0,0,0.356377707982363,-0.0905922933302327,0,0,0.00535670340180592,0,0,0,5.03328894397787,"ROM",0,0,0,0,0,0,0,0,NA,NA,NA,0,0,2
"ITEM504DDDOGCHOWGREENBG_Retailer","Dry Dog","Fareway","DD DOG CHOW GREEN BG 18.5-20LB",-0.1,0.341440312073861,0,-0.537566085044382,1.98262198010714,0.194292684192642,0,0,0.423826838541614,0,0,0,0.000317191130638721,0,0,0,3.62059411510133,"Retailer",0,0,0,0,0,0,0,0,NA,NA,NA,0,0,2
"ITEM504DDDOGCHOWGREENBG_ROM","Dry Dog","Fareway","DD DOG CHOW GREEN BG 18.5-20LB",-0.415774640177437,0,0,0,1.16160436779572,0.122095773269279,0,0,1.48246229765407,-0.00817838689316884,-0.00304044358568083,0,-0.00430512973539336,0,0,0,6.95313324698989,"ROM",0,0,0,0,0,0,0,0,NA,NA,NA,0,0,2
"ITEM506DDPUPPYCHOW_Retailer","Dry Dog","Fareway","DD PUPPY CHOW 16.5LB",-0.183160223004583,0.559912777895398,0,0,3.32258791372924,0,0,0,0.385677533443857,0,0,0,0,0,0,0,3.01827431006724,"Retailer",0,0,0,0,0,0,0,0,NA,NA,NA,0,0,2
"ITEM506DDPUPPYCHOW_ROM","Dry Dog","Fareway","DD PUPPY CHOW 16.5LB",0,0,0,0,0,0.0433406783970464,0,0,0.768882483691177,0,0,-0.0188784335813567,0.0000814780755335537,0,0,0,6.46667562343793,"ROM",0,0,0,0,0,0,0,0,NA,NA,NA,0,0,2
"ITEM509DDPURINAONETRUINSTGF_ROM","Dry Dog","Fareway","DD PURINA ONE TRU INST GF 03LB",-2.5,2.05623977350474,0,0,0,0,0,0,1.86674171711629,0,0,0,0,1,0,-4.85072516053865,1.02540205632216,"ROM",1,0,0,0,0,0,0,0,NA,NA,NA,0,0,1
"ITEM511DDPURINAONEML_ROM","Dry Dog","Fareway","DD PURINA ONE ML 03LB",0,0.14329073475634,-0.640163941731462,-1.42905306276359,0,10,0,0,0.18525341995801,0,0,0,0.00506779583903037,0,0,0,5.62524165789359,"ROM",0,0,0,0,0,0,0,0,NA,NA,NA,0,0,1
"ITEM516DDPURINAONETRUINSTGF_ROM","Dry Dog","Fareway","DD PURINA ONE TRU INST GF 06LB",0,5.74981993299447,0,0,0,10,0,0,6.46097025008136,0,0,0,0,0,0,-5.64724694484283,-8.46957220652552,"ROM",0,0,0,0,0,1,0,-6.09995793291462,NA,NA,NA,0,0,1
"ITEM518DDALPO_Retailer","Dry Dog","Fareway","DD ALPO 04LB",-0.0689104703115277,2.5,0,0,8.09958276732042,0,0,0,-2.36545555505684,0,0,0,0,0,0,0,3.45381296527239,"Retailer",0,0,0,0,0,0,0,0,NA,NA,NA,0,0,1
"ITEM518DDALPO_ROM","Dry Dog","Fareway","DD ALPO 04LB",0,0,-2.81595415084714,-2.88829557381497,0,0,0,0,-4.6083588577772,0,0,0,-0.0816912031131483,0,0,0,9.97363303167173,"ROM",0,0,0,0,0,0,0,0,NA,NA,NA,0,0,1
"ITEM520DDBEYONDSMBRDSPRFOOD_ROM","Dry Dog","Fareway","DD BEYOND SM-BRD/SPR FOOD 03-4LB",0,0.319165376803402,-0.127326005116293,-1.15789193525947,0,0.523736793864319,0,0,0.94989616654808,0,0,0,-0.0324915797783233,0.643505899783416,-0.933831998780214,-1.53930497583474,-3.48315618516794,"ROM",0.171979099803321,0.554565722451065,-0.29904200232155,-1.07105105071937,-0.97415171331229,0.527170346425929,0.289068360099271,0,NA,NA,NA,0,0,1
"ITEM536DDBELLA_Retailer","Dry Dog","Fareway","DD BELLA 03LB",-2.5,0.01,0,0,9.59392532008476,0,0,0,-0.951911531321417,0,0,0,0.016678547217927,0,0,0,6.15280509012572,"Retailer",0,0,0,0,0,0,0,0,NA,NA,NA,0,0,1
"ITEM536DDBELLA_ROM","Dry Dog","Fareway","DD BELLA 03LB",-1.40758450787831,0,-7.23190050036556,-10.1784305481497,10,0,0,0,-2.02559709168313,0,0,0,0,0,0,0,7.52005906680019,"ROM",0,0,0,0,0,0,0,0,NA,NA,NA,0,0,1
"ITEM53CWFANCYFEASTMEDLEYS_ROM","Wet Cat","Fareway","CW FANCY FEAST MEDLEYS 03OZ",0,0,0,0,1.77806956419131,0.205564999062681,0,0,0.728435547286641,-0.0180452527745854,-0.104178479248107,-0.185425644047931,0,0,-0.00905824965135281,0,7.51078893325997,"ROM",NA,NA,0,NA,NA,NA,NA,0,0,NA,NA,NA,NA,2
"ITEM541DDPUPPYCHOW_Retailer","Dry Dog","Fareway","DD PUPPY CHOW 04.4LB",-0.125291330477744,1.08214582820451,0,0,2.67118770719075,0,0,0,0,0,0,0,0,0,0,-1.43426431649202,3.40440913022785,"Retailer",0,0,0,0,0,0,0,0,NA,NA,NA,0,0,2
"ITEM541DDPUPPYCHOW_ROM","Dry Dog","Fareway","DD PUPPY CHOW 04.4LB",-1.76732919607404,0,-0.98694262696397,-0.826768062153967,0,0,0,0,0.6132303895684,-0.00992901268244782,0.0863292940986226,0,0.00708182104440146,0,0,0,8.98700945457182,"ROM",0,0,0,0,0,0,0,0,NA,NA,NA,0,0,2
"ITEM546DENTALIFEACTIVEFRESHDT_Retailer","Dog Treats","Fareway","DT DENTALIFE ACTIVEFRESH DT 24.1OZ",-0.201976807291314,1.08360582120617,0,0,2.46845527949198,0,0,0,0,0,0,0,0,0,0,0,3.75184640615594,"Retailer",0,0,0,0,0,0,0,0,0,0,0,NA,NA,2
"ITEM546DENTALIFEACTIVEFRESHDT_ROM","Dog Treats","Fareway","DT DENTALIFE ACTIVEFRESH DT 24.1OZ",-1.2459877780136,0.281766159731623,-0.601957242885073,0,0,4.75744647827693,0,0,0.445746757023589,0,0,0,-0.00718762721419061,0,0,0,8.28466305074411,"ROM",0,0,0,0,0,0,0,0,0,0,0,NA,NA,2
"ITEM547DDMOISTANDMEATY_Retailer","Dry Dog","Fareway","DD MOIST AND MEATY 072OZ",-0.327967093691817,1.55494818753767,0,0,1.49628675366372,0,0,0,0,0,0,0,0,0,0,0,5.46147578716191,"Retailer",0,0,0,0,0,0,0,0,NA,NA,NA,0,0,2
"ITEM547DDMOISTANDMEATY_ROM","Dry Dog","Fareway","DD MOIST AND MEATY 072OZ",-0.379860607311765,0,0,0,0,0,0.681814407772197,0,1.16667007161511,0,0,-0.0158527362329931,0,0,0,0,7.15440928417175,"ROM",0,0,0,0,0,0,0,0,NA,NA,NA,0,0,2
"ITEM557DDDOGCHOWLX_ROM","Dry Dog","Fareway","DD DOG CHOW LX 13.5LB",-2.5,6.19781939282482,0,0,0,10,0,0,-5.47594372456798,0,0,0,0,0,0,0,15.9024158591141,"ROM",0,0,0,0,0,0,0,0,NA,NA,NA,0,0,1
"ITEM566DDDOGCHOWGREENBG_Retailer","Dry Dog","Fareway","DD DOG CHOW GREEN BG 04.4LB",-0.745994554885478,1.92895911812416,0,0,6.61206913369862,0,0,0,-2.53745705252571,0,0,0,0.0278059500880249,0,0,0,4.85591526052609,"Retailer",0,0,0,0,0,0,0,0,NA,NA,NA,0,0,1
"ITEM566DDDOGCHOWGREENBG_ROM","Dry Dog","Fareway","DD DOG CHOW GREEN BG 04.4LB",0,6.69251815632163,0,-3.09117361066973,3.89884877585508,0,0,0,0,0,0,0,0,0,0,0,4.50423419297174,"ROM",0,0,0,0,0,0,0,0,NA,NA,NA,0,0,1
"ITEM579DDPURINAONETRUINST_Retailer","Dry Dog","Fareway","DD PURINA ONE TRU INST 15LB",-0.504799639187121,2.36617320256021,0,0,4.644041593587,0,0,0,0.639769722091375,0,0,0,0,0,0,-0.669640209985596,3.45675057270683,"Retailer",0,0,0,0,0,0,0,0,NA,NA,NA,0,0,2
"ITEM579DDPURINAONETRUINST_ROM","Dry Dog","Fareway","DD PURINA ONE TRU INST 15LB",-0.578965127033905,0.638341285489622,0,0,1.76194110019949,0.155791445899122,0,0,0.104368567667406,-0.0373490735966642,0,0,0.00335742758607437,0,0,0,7.35436095312985,"ROM",0,0,0,0,0,0,0,0,NA,NA,NA,0,0,2
"ITEM584DDPROPLANSPORTPERFORM_ROM","Dry Dog","Fareway","DD PRO PLAN SPORT PERFORM 37.5LB",-1.77514284331525,0,0,-1.86389216436079,0,10,0,0,0,0,0,0,0,0,0,0,9.54002254236407,"ROM",0,0,0,0,0,0,0,0,NA,NA,NA,0,0,1
"ITEM586DDPURINAONEML_Retailer","Dry Dog","Fareway","DD PURINA ONE ML 16.5LB",-0.505547013500144,1.6256116016778,0,0,2.81701521152344,0.123680430594013,0,0,0.402779124350294,0,0,0,0,0,0,0,4.88736490031295,"Retailer",0,0,0,0,0,0,0,0,NA,NA,NA,0,0,2
"ITEM586DDPURINAONEML_ROM","Dry Dog","Fareway","DD PURINA ONE ML 16.5LB",-0.506826118381057,0,0,0,0,0.0676408151780698,0.293431786192,0,0.57664926293441,0,0,0,0.0037029065099282,0,0,0,8.67671200202987,"ROM",0,0,0,0,0,0,0,0,NA,NA,NA,0,0,2
"ITEM58CTFRISKIESPARTYMIXCR_Retailer","Cat Treats","Fareway","CT FRISKIES PARTY MIX/NAT YUM CR 20OZ",-0.1,1.34351565431861,0,0,2.94735077116088,0,0,0,0,0,0,0,0,0,0,0,3.38295723669534,"Retailer",NA,NA,NA,NA,NA,NA,NA,NA,NA,NA,NA,NA,NA,2
"ITEM58CTFRISKIESPARTYMIXCR_ROM","Cat Treats","Fareway","CT FRISKIES PARTY MIX/NAT YUM CR 20OZ",-0.165353213617786,0,0,0,0,0.19454259614469,1.97527680383036,5.01508440707423,0.193761432943639,-0.00929757057552617,0,0.0109826979421045,-0.00420562510901187,0,0,0,7.67402697276072,"ROM",NA,NA,NA,NA,NA,NA,NA,NA,NA,NA,NA,NA,NA,2
"ITEM598DDPURINAONETRUINST_ROM","Dry Dog","Fareway","DD PURINA ONE TRU INST 27.5LB",0,4.75358539194331,-0.0940369363940636,0,0,0.269543910722575,0,0,0.115770940625065,0,0,0,0,1,0,-1.77623460181579,0.53647394315063,"ROM",0,0,0,0,0,1,0,0,NA,NA,NA,0,0,1
"ITEM5ALPO_ROM","Wet Dog","Fareway","DW ALPO 13.0-13.2OZ",-0.321549857412281,0,-7.60097501913838,-4.60288151841626,10,1.29861532216737,10,10,0,0,0,0,-0.0418784684058082,0,0,0,6.83932438863464,"ROM",NA,NA,NA,NA,NA,0,NA,0,NA,NA,NA,NA,NA,1
"ITEM60004CWFANCYFEASTML_ROM","Wet Cat","Fareway","CW FANCY FEAST ML 03OZ  12CT",0,0,0,0,5.89193279535443,0.859565573708371,0,0,0.382641086768553,0.0355244681987701,0.23523696634091,0.203640805141737,0,0,0,0,3.05407770585507,"ROM",NA,NA,0,NA,NA,NA,NA,0,0,NA,NA,NA,NA,2
"ITEM60041CWFRISKIESPREMIUM_ROM","Wet Cat","Fareway","CW FRISKIES PREMIUM 03.5OZ",0,1.59754690289105,0,0,10,10,2.41020894582712,0,0,0,0,0,0,0,0,0,4.31373443029483,"ROM",NA,NA,0,NA,NA,NA,NA,0,0,NA,NA,NA,NA,1
"ITEM600DDDOGCHOWGREENBG_ROM","Dry Dog","Fareway","DD DOG CHOW GREEN BG 04LB",-2.5,0,-7.28153510348982,-8.36041875696627,0,10,0,0,-6.38641120120433,0,0,0,0,0,0,0,15.2901252745416,"ROM",0,0,0,0,0,0,0,0,NA,NA,NA,0,0,1
"ITEM60CTDENTALIFEDNT_ROM","Cat Treats","Fareway","CT DENTALIFE DNT 01.8OZ",-0.822160898891536,0.718384767062027,0,0,0,0,1.50732336464926,0,0.102488896802133,0,0,0,-0.00564319628743734,0,0,0,6.10420179841612,"ROM",NA,NA,NA,NA,NA,NA,NA,NA,NA,NA,NA,NA,NA,1
"ITEM612DDMOISTANDMEATY_ROM","Dry Dog","Fareway","DD MOIST AND MEATY 036OZ",-0.61143765987897,1.33488766166093,0,-0.428951513775471,0,0,0,0,0.102465400917767,0,0,0,0,0.0790045824654567,-0.575429249133372,-0.013647054027475,4.04858988137081,"ROM",0.603449873807881,0.0994261282479804,-0.87020945843435,-0.546289477300597,0,0,0,-0.151584071882961,NA,NA,NA,0.115430063202424,0,1
"ITEM613DDDOGCHOWGREENBG_ROM","Dry Dog","Fareway","DD DOG CHOW GREEN BG 14LB",-1.98089685657799,1.37579776307892,-2.70005639311752,-1.21976976130084,0,0,0,0.614438752510451,0,0,0,0,0.00659604806559929,0,0,0,9.87272642403402,"ROM",0,0,0,0,0,0,0,0,NA,NA,NA,0,0,1
"ITEM614DDALPO_ROM","Dry Dog","Fareway","DD ALPO 14LB",0,2.20407917132472,0,0,2.42118447543726,1.45004644056463,10,10,0.354984631185183,0,0,0,0,0,0,0,5.91099410654666,"ROM",0,0,0,0,0,0,0,0,NA,NA,NA,0,0,1
"ITEM616DDPURINAONETRUINSTGF_ROM","Dry Dog","Fareway","DD PURINA ONE TRU INST GF 12.5LB",0,0.737897280917582,-2.98648071235361,0,7.99967744043868,1.81586970624253,0,0,0,0,0,0,0,0,0,0,3.03787289681361,"ROM",0,0,0,0,0,0,0,0,NA,NA,NA,0,0,1
"ITEM621DDPURINAONETRUINST_ROM","Dry Dog","Fareway","DD PURINA ONE TRU INST 12LB",0,0,0,0,0,8.66305131604624,10,0,0.407169322739936,0,0,0,0.00544224175658203,0.941969955368994,0,0,1.66822551285676,"ROM",0.192379434413093,0,0,0,0,0.200638045219623,0,0,NA,NA,NA,0,0,1
"ITEM631PRIMEBONESCW_ROM","Dog Treats","Fareway","DT PRIME JERKY  MT 05OZ",-2.5,0,-2.79054525948017,-3.52342750292904,0,10,0,0,0,0,0,0,0,0,0,0,7.00578221535057,"ROM",0,0,0,0,0,0,0,0,0,0,0,NA,NA,1
"ITEM633DDPURINAONETRUINST_ROM","Dry Dog","Fareway","DD PURINA ONE TRU INST 40LB",0,2.75021563827386,-3.65367754373309,-3.22662906538199,0,0,0,0,0.679645359514205,0,0,0,0,0,0,0,3.57662485558124,"ROM",0,0,0,0,0,0,0,0,NA,NA,NA,0,0,1
"ITEM633DTALPODT_ROM","Dog Treats","Fareway","DT ALPO DT 01.6OZ",0,0,-5.72694262627396,-5.63986206233724,0,0,0,0,0,0,0,0,-0.00928681757565826,0,-1.54715278431121,-3.69032913216976,4.75559197461804,"ROM",0,0,0,0,0,0,0,0,0,0,0,NA,NA,1
"ITEM634DTALPODT_ROM","Dog Treats","Fareway","DT ALPO DT 21OZ",-1.16679545202827,0,0,0,0,0,0,0,0.193771875001007,-0.0201777365863234,0,0,0.00582924363413365,0,0,0,7.67323458569938,"ROM",0,0,0,0,0,0,0,0,0,0,0,NA,NA,2
"ITEM636DTALPOVARIETYSNAPSCR_ROM","Dog Treats","Fareway","DT ALPO VARIETY SNAPS CR 32OZ",-0.459347259081737,0,0,0,2.60410687107835,0.0209323276843325,6.35139972593243,0,0.674624534608152,-0.0583182996906768,-0.0448688462045463,0.0215395535158024,0.0120525539743341,0,0,0,5.68942941105568,"ROM",0,0,0,0,0,0.0349953309426539,0,0,0,0,0,NA,NA,2
"ITEM637DTALPOVARIETYSNAPSCR_ROM","Dog Treats","Fareway","DT ALPO VARIETY SNAPS CR 60OZ",-0.241454188207246,0,0,0,10.3776992059779,0,0,0,0.614945690060287,0,0,0,0,0,0,0,2.42801226316514,"ROM",0,0,0,0,0,0,0,0,0,0,0,NA,NA,2
"ITEM638DTALPOVARIETYSNAPSCR_ROM","Dog Treats","Fareway","DT ALPO VARIETY SNAPS CR 16OZ",-0.551446623521967,0,0,-1.98171681097354,0,1.35176420738915,0,0,0,0,0,0,0,0,0,-1.13532582997254,6.70234464345428,"ROM",0,0,0,0,0,0,0,0,0,0,0,NA,NA,1
"ITEM639DTTBONZMT_ROM","Dog Treats","Fareway","DT T BONZ MT 40OZ",-0.569169364081854,0,0,0,8.15202158476927,0,0,0,0.77852956472707,0,0,0,0.00664086620833299,0,0,0,3.16985649811459,"ROM",0,0,0,0,0,0,0,0,0,0,0,NA,NA,2
"ITEM640DTTBONZMT_ROM","Dog Treats","Fareway","DT T BONZ MT 10OZ",-2.5,3.57726813935102,0,0,0,10,10,0,0,0,0,0,-0.0108393800033092,0,0,0,6.16966028737053,"ROM",0,0,0,0,0,0,0,0,0,0,0,NA,NA,1
"ITEM641DTTBONZMT_ROM","Dog Treats","Fareway","DT T BONZ MT 45OZ",-2.5,0.261357369303836,-0.397061962547804,-5.08262484850765,0,10,0,0,1.56058201874738,0,0,0,0.23147912963418,1,-2.97563995833361,-0.0655330066173599,0.540138173509585,"ROM",0,0,-4.87219522925068,0,0,0.972429298982755,1,-1.68219440533398,-5.2085737591496,-3.23284874824998,-0.754779151582664,NA,NA,1
"ITEM642DTALPOTWISTABLESMT_ROM","Dog Treats","Fareway","DT ALPO TWIST-ABLES MT 05.5OZ",-0.0664634559058454,2.43025830329966,-0.672385511676965,-0.81856858090838,0,0.796120153673441,7.16743436507954,0,-0.0809468604296042,0,0,0,-0.00163593924495752,0,0,0,5.690325254374,"ROM",0,0,0,0,0,0,0,0,0,0,0,NA,NA,1
"ITEM644DDBENEFUL_ROM","Dry Dog","Fareway","DD BENEFUL 48LB",-1.05790598529579,2.90077964618222,0,0,0,0,0,0,0.2158514077019,0,0,0,0,0,0,0,8.79059963342853,"ROM",0,0,0,0,0,0,0,0,NA,NA,NA,0,0,1
"ITEM644DTBEGGINFUNSIZEMT_ROM","Dog Treats","Fareway","DT BEGGIN FUN SIZE MT 01.3OZ",-2.5,0,-3.31255331314766,-1.42671222830204,0,1.98412451073814,1.99335425070451,10,0,0,0,0,-0.0413389761575823,0,0,0,6.19416678205742,"ROM",0,0,0,0,0,0,0,0,0,0,0,NA,NA,1
"ITEM645DTBEGGINMT_ROM","Dog Treats","Fareway","DT BEGGIN MT 03OZ",-1.07276598432899,4.42160482199992,0,0,0,4.19410681453886,0,10,0.621115252296984,0,0,0,-0.019475652514613,0.283779230737796,-0.0448148836292471,0,3.35889407116186,"ROM",1,0,-0.138110674015175,0,0,0.045590571882246,0,0,0,0,0,NA,NA,1
"ITEM647DTBEGGINMT_ROM","Dog Treats","Fareway","DT BEGGIN MT 48OZ",-0.221669981751112,0.319689111644908,-0.405030380230091,-1.39239186372631,0,0,0,0,0,0,0,0,0,1,0,0,-1.28905526660495,"ROM",0,0,0,0,0,1,0,0,0,0,0,NA,NA,1
"ITEM648DDMOISTANDMEATY_ROM","Dry Dog","Fareway","DD MOIST AND MEATY 216OZ",-0.550010162770021,0,0,0,0,0,0,0,1.05181604812338,-0.0158283843964921,-0.00723307774514473,0.0468010954893328,0,0,-0.306764754716664,0,6.32280221921782,"ROM",0,0,0,0,0,0,0,0,NA,NA,NA,0,0,2
"ITEM648DTBEGGINMT_ROM","Dog Treats","Fareway","DT BEGGIN MT 08.5-9OZ",-1.11792450051376,1.02940444664992,0,-0.82797545944199,0,10,10,10,0,0,0,0,0.0352813161166058,0.18857624619183,0,-0.632281164155294,7.13953136061968,"ROM",0,0,0,0,0,0.612201825734084,0,-0.502442656805129,0,0,0,NA,NA,1
"ITEM649DTBEGGINMT_ROM","Dog Treats","Fareway","DT BEGGIN MT 40OZ",-1.31122278483397,0,0,0,2.0753767153142,0.0622626375884361,0,0,0.496013138322383,0.0166794316242502,0.0206148534349815,0.0358809731256192,0.0135884086154074,0,0,0,8.82461028743505,"ROM",0,0,0,0,0,0,0,0,0,0,0,NA,NA,2
"ITEM650DTBEGGINMT_ROM","Dog Treats","Fareway","DT BEGGIN MT 32OZ 2CT",0,0,-2.25767128098079,-4.86333227392721,0,10,0,10,0,0,0,0,0,1,-20.8555716030208,-15.3050257988656,1.86012089601296,"ROM",1,1,-2.40492360802071,0,0,0,0,0,0,0,0,NA,NA,1
"ITEM651DDDOGCHOWLX_ROM","Dry Dog","Fareway","DD DOG CHOW LX 40LB",0,0,-0.796079755310394,-4.2666945791794,0,10,0,0,0,0,0,0,0,0,0,0,1.67505142768213,"ROM",0,0,0,0,0,0,0,0,NA,NA,NA,0,0,1
"ITEM651DTBENEFULBAKEDCR_ROM","Dog Treats","Fareway","DT BENEFUL BAKED CR 19.5-22OZ",0,0,0,0,0,0,0,0,0.361758030140374,0.0548200605397058,0,0,0.00456971772949106,0,0,0,5.68650216146171,"ROM",0,0,0,0,0,0,0,0,0,0,0,NA,NA,2
"ITEM652DDMOISTANDMEATY_ROM","Dry Dog","Fareway","DD MOIST AND MEATY 360OZ",0,0,0,0,0,0,0,0,0.301280858389783,0,0,0,0.00284696461299551,0.0655610380351724,0,0,4.76292318837531,"ROM",0,0,0,0,0,0.215834303495705,0,0,NA,NA,NA,0,0,1
"ITEM652DTBENEFULBAKEDCR_ROM","Dog Treats","Fareway","DT BENEFUL BAKED CR 32-36OZ",0,0,0,0,0,0,0,0,0.486695096968537,0,-0.0151975089186247,0,0.0277743678692576,0,0,0,3.67442978214697,"ROM",0,0,0,0,0,0,0,0,0,0,0,NA,NA,2
"ITEM653DDPURINAONEML_Retailer","Dry Dog","Fareway","DD PURINA ONE ML 08LB",-0.17876618074503,3.64504524258703,0,0,1.77570423617972,0,0,0,1.64437556277566,0,0,0,0,0,0,0,2.53344288885127,"Retailer",0,0,0,0,0,0,0,0,NA,NA,NA,0,0,2
"ITEM653DDPURINAONEML_ROM","Dry Dog","Fareway","DD PURINA ONE ML 08LB",0,0,0,0,2.95786860567769,0.0918788037196437,2.38941429716993,2.0397375557391,0.166148288770692,0,0.0423353045244888,0,0.00789226879131073,0.0636861586077805,0,0,5.26675929256383,"ROM",0,0,0,0,0,0,0,0,NA,NA,NA,0,0,2
"ITEM655DDPURINAONEML_ROM","Dry Dog","Fareway","DD PURINA ONE ML 31.1LB",-1.73413224334107,3.84174367233269,0,0,0,0,6.53691776360476,0,0.707533493264159,0,0,0,0,0,0,0,11.3330204137728,"ROM",0,0,0,0,0,0,0,0,NA,NA,NA,0,0,2
"ITEM662DDPURINAONETRUINST_ROM","Dry Dog","Fareway","DD PURINA ONE TRU INST 36LB",0,0,-0.47720056372466,0,0,0.266290180687031,0,0,0.768635998859216,0,0,0,0.00572281750592059,0,0,0,4.42158080739638,"ROM",0,0,0,0,0,0,0,0,NA,NA,NA,0,0,2
"ITEM667DDPURINAONEML_ROM","Dry Dog","Fareway","DD PURINA ONE ML 44LB",0,3.20969462423273,0,-0.644313140527481,0,0.655263169964847,0,0,0.0177808284968658,0,0,0,0,0.456681596192047,0,0,4.7418228156009,"ROM",0,0,0,0,0,0,0,0,NA,NA,NA,0,0,1
"ITEM674DDPURINAONEML_ROM","Dry Dog","Fareway","DD PURINA ONE ML 40LB",-0.0953339908912711,0.674462216282869,0,0,0,0.0376478817706579,0.883674919752018,0,0.616509705538852,0,0,-0.0156270274049629,0.00667352888315269,0,0,0,6.35967792267324,"ROM",0,0,0,0,0,0,0,0,NA,NA,NA,0,0,2
"ITEM675DDDOGCHOWGREENBG_ROM","Dry Dog","Fareway","DD DOG CHOW GREEN BG 48-55LB",-2.5,6.03430016503397,0,0,5.49650099423106,10,0,0,-2.90155005273138,0,0,0,0,0,0,0,16.1283092877183,"ROM",0,0,0,0,0,0,0,0,NA,NA,NA,0,0,1
"ITEM685DDPURINAONETRUINSTHIPRO_ROM","Dry Dog","Fareway","DD PURINA ONE TRU INST HI-PRO 27.5LB",0,0,0,0,0,0,0,0,0.368457701407314,0,0,0,0.00706017070072878,0.207304455099629,0,0,3.2762869991867,"ROM",0,0,0,0,0,0,0,0,NA,NA,NA,0,0,1
"ITEM688DDPURINAONETRUINSTHIPRO_Retailer","Dry Dog","Fareway","DD PURINA ONE TRU INST HI-PRO 15LB",-1.48881193155305,1.01795062685668,0,0,10,0,0,0,-3.26062112752152,0,0,0,0.0747776274818309,1,-1.86955560767579,0,1.35095126260831,"Retailer",1,0,-0.537775221562243,0,0,1,0,0,NA,NA,NA,0,0,1
"ITEM688DDPURINAONETRUINSTHIPRO_ROM","Dry Dog","Fareway","DD PURINA ONE TRU INST HI-PRO 15LB",0,0,0,0,0,1.12675424274499,4.14426653520833,0,0.552749003489923,0,0,0,0.00412860523625486,0,-0.239589746113476,0,4.71084626851599,"ROM",0,0,0,0,0,0,0,0,NA,NA,NA,0,0,2
"ITEM689DTBUSYCW_ROM","Dog Treats","Fareway","DT BUSY CW 35OZ",-0.0782432078753071,1.2150805522379,0,0,5.79140376651634,1.35194170946755,0,0,1.1589209142274,0,0,0,0,0,0,0,3.30190518361566,"ROM",0,0,0,0,0,0,0,0,0,0,0,NA,NA,2
"ITEM68CTWHISKERLICKINSCR_ROM","Cat Treats","Fareway","CT WHISKER LICKINS CR 10OZ",0,5.06673814122425,0,0,9.48674852935968,0,3.00536051630589,0,0,0,0,0,0,0,0,0,3.04757194093684,"ROM",NA,NA,NA,NA,NA,NA,NA,NA,NA,NA,NA,NA,NA,2
"ITEM691DTBUSYCW_ROM","Dog Treats","Fareway","DT BUSY CW 01.2-1.7OZ",0,1.34779671100505,-1.84776756103469,-2.2173404798378,0,4.22293401507407,3.34311136343876,0,0.372844002049704,0,0,0,-0.0226059708490319,0,0,0,6.01083051571706,"ROM",0,0,0,0,0,0,0,0,0,0,0,NA,NA,1
"ITEM692DTBUSYCHEWNOLACW_ROM","Dog Treats","Fareway","DT BUSY CHEWNOLA CW 04OZ",-0.958754266987183,0,0,0,0,0,0,0,1.22697613213005,0,0,0.0252268301707248,-0.00449965953297594,0,0,0,5.64514292924402,"ROM",0,0,0,0,0,0,0,0,0,0,0,NA,NA,2
"ITEM693DTBUSYCWNOLACW_ROM","Dog Treats","Fareway","DT BUSY CWNOLA CW 20OZ",-1.93265879577428,0,0,0,0,0.186879456263246,0,0,0.808767875450581,0,-0.0696318186926182,-0.0691263375513023,0.00436307929656659,0,0,-0.209964505998742,9.8828213462409,"ROM",0,0,0,0,0,0,0,0,0,0,0,NA,NA,2
"ITEM694DTBUSYTWISTSCW_ROM","Dog Treats","Fareway","DT BUSY TWISTS CW 06.5OZ",-2.5,3.34509858709692,0,0,0,0,0,0,0.515294908748635,0,0,0,-0.00393267588628304,1,-2.65852318204982,-0.879704460046548,5.49964247802748,"ROM",0,0,0,0,0,1,0,-1.82251687156515,0,0,0,NA,NA,1
"ITEM695DTBUSYWRAPSCW_ROM","Dog Treats","Fareway","DT BUSY WRAPS CW 07.8OZ",-1.84257760632817,1.37769571292772,-1.15557652959993,-0.345189347698252,4.14985822527396,4.49835365762295,10,0,0.357553338886257,0,0,0,0,0,-2.95245388690382,-0.817563888504216,7.60249733418355,"ROM",0,0,-2.55788885126098e-14,0,0,0,0,0,0,0,0,NA,NA,1
"ITEM696DTBUSYRIBHIDECW_ROM","Dog Treats","Fareway","DT BUSY RIB HIDE CW 17.5OZ",-0.37413405045222,0,0,0,6.77875855404409,0,0,0,0.429516424267389,0,-0.00290813248468104,0,0,0,0,0,3.7348079316443,"ROM",0,0,0,0,0,0,0,0,0,0,0,NA,NA,2
"ITEM697DTBUSYRIBHIDECW_ROM","Dog Treats","Fareway","DT BUSY RIB HIDE CW 08.8OZ",-0.948309016105126,0,0,0,4.25525276429727,0.184429234964101,0,0,0.428203447904393,0,-0.00392931148632144,-0.0144757835256046,0,0,0,0,5.41900675464728,"ROM",0,0,0,0,0,0,0,0,0,0,0,NA,NA,2
"ITEM698DTBUSYROLLHIDECW_ROM","Dog Treats","Fareway","DT BUSY ROLLHIDE CW 12OZ",-0.771006237839243,1.42587998421196,-0.726612634659289,0,3.31077677121128,0.600058782210727,0.653742939786489,0,0,0,0,0,0,0,0,0,6.14930881600797,"ROM",0,0,0,0,0,0,0,0,0,0,0,NA,NA,2
"ITEM699DTBUSYTWISTEDCW_ROM","Dog Treats","Fareway","DT BUSY TWISTED CW 20.2-21OZ",-0.556773952915272,1.26614828068645,-0.529964851483816,0,0.651723982972372,0.412099577078217,0,0,0.761070614883192,-0.0270072531958529,-0.0238093676766792,0,0.00455091441442418,0,0,0,6.56828901424571,"ROM",0,0,0,0,0,0,0,0,0,0,0,NA,NA,2
"ITEM69CWFANCYFEASTBROTHS_ROM","Wet Cat","Fareway","CW FANCY FEAST BROTHS 01.4OZ",-0.483936834509153,0,0,0,2.99680247084369,0,0,0,0.125046210491411,-0.12956067247415,-0.088124757961029,0,0.00591325649268634,0,-0.0220730566053136,0,6.7841081735297,"ROM",NA,NA,-0.210649865358483,NA,NA,NA,NA,0,0,NA,NA,NA,NA,2
"ITEM6BENEFULINCRBITE_Retailer","Wet Dog","Fareway","DW BENEFUL 03OZ 03CT",-1.39278177757692,1.20729508066195,0,0,4.40740944876124,0,0,0,0.619400642879678,0.163947085411695,0.0828962607398349,0.0311311877038328,-0.284757830351105,0,0,0,4.21937082386419,"Retailer",NA,NA,NA,NA,NA,0,NA,0,NA,NA,NA,NA,NA,0
"ITEM6BENEFULINCRBITE_ROM","Wet Dog","Fareway","DW BENEFUL 03OZ 03CT",0,0.00118561210014602,0,-0.220831007396745,0.82169720300912,0,10.0202250690505,0,0.339547095821033,-0.0540126742342833,0.00392094368566272,0.0409846042025218,-0.000512020328950974,0,0,0,7.04669571567158,"ROM",NA,NA,NA,NA,NA,0,NA,0,NA,NA,NA,NA,NA,2
"ITEM700DTBUSYTWISTEDCW_ROM","Dog Treats","Fareway","DT BUSY TWISTED CW 36OZ",-1.49336668960464,0,0,0,0,2.68044428472748,0,0,0.636415977629607,0,0,0,0.00321148171413685,0,0,0,9.12193112038314,"ROM",0,0,0,0,0,0,0,0,0,0,0,NA,NA,2
"ITEM715DDPURINAONEMLTRGTD_ROM","Dry Dog","Fareway","DD PURINA ONE ML TRGTD 16.5LB",-0.582387080674018,0.675554719889728,0,-0.211676442552499,0,0.0757572029493677,0,0,0.562245231290068,0,0,0,0.00316820064731181,0,0,0,8.45047743001172,"ROM",0,0,0,0,0,0,0,0,NA,NA,NA,0,0,2
"ITEM716DDPURINAONEMLTRGTD_ROM","Dry Dog","Fareway","DD PURINA ONE ML TRGTD 07.4-8LB",0,0,0,0,2.84631251724568,0.0409204714146193,5.27893767357739,0,0.920171148844042,0,-0.00554465067389749,0,0.0122103144817613,0,0,0,4.43680463865731,"ROM",0,0,0,0,0,0,0,0,NA,NA,NA,0,0,2
"ITEM71CWFANCYFEASTPURELY_ROM","Wet Cat","Fareway","CW FANCY FEAST PURELY 02OZ",0,1.12969574637644,0,0,5.63914014901376,1.6648647263948,0,0,0,0.100243979481616,-0.259666665217645,0,0.0295215315792612,0,0,0,5.85654589205108,"ROM",NA,NA,0,NA,NA,NA,NA,0,0,NA,NA,NA,NA,2
"ITEM720DTDENTALIFEACTIVEFRESHDT_ROM","Dog Treats","Fareway","DT DENTALIFE ACTIVEFRESH DT 06.1-7.2OZ",-1.85525983955361,2.55593704673856,0,-0.409782152254174,0,0,0,0,0.845409835296096,-0.0201016524995195,-0.146218343272119,0.00623588931857298,-0.0253908493259405,0,0,0,8.47673468113031,"ROM",0,0,0,0,0,0,0,0,0,0,0,NA,NA,2
"ITEM721DDDOGCHOWHIPROTEIN_ROM","Dry Dog","Fareway","DD DOG CHOW HI PROTEIN 20LB",0,0,-0.681770866839076,-1.32477451326275,10,0,0,0,0.965124262519262,0,0,0,0.000298088234299156,0,0,0,2.09887544169356,"ROM",0,0,0,0,0,0,0,0,NA,NA,NA,0,0,1
"ITEM721DTDENTALIFEACTIVEFRESHDT_ROM","Dog Treats","Fareway","DT DENTALIFE ACTIVEFRESH DT 01.1OZ",0,1.63543307426526,0,0,0,0,0,0,0.323161994481724,0,0,0,0,0,0,0,4.76992706672665,"ROM",0,0,0,0,0,0,0,0,0,0,0,NA,NA,1
"ITEM722DTDENTALIFEACTIVEFRESHDT_ROM","Dog Treats","Fareway","DT DENTALIFE ACTIVEFRESH DT 16.9OZ",-0.533896711761609,0.343712613806844,-0.211248455649358,0,0,9.24134832359645,0,0,0,0,0,0,0,0,0,0,5.08050222521381,"ROM",0,0,0,0,0,0,0,0,0,0,0,NA,NA,1
"ITEM723DTDENTALIFEACTIVEFRESHDT_ROM","Dog Treats","Fareway","DT DENTALIFE ACTIVEFRESH DT 15.5OZ",-1.29015248142368,0.385259690673453,0,0,0,3.54086675979734,0,0,0.26593389715005,0.0454822165785685,-0.0343709276039112,-0.0273910304391881,0,0,0,0,8.01073087795266,"ROM",0,0,0,0,0,0,0,0,0,0,0,NA,NA,2
"ITEM724DTDENTALIFEDT_ROM","Dog Treats","Fareway","DT DENTALIFE DT 17.1-20.7OZ",-1.20752869029403,0,0,0,0,0,0,0,0,0,0,0,0,0,0,0,8.56414695017291,"ROM",0,0,0,0,0,0,0,0,0,0,0,NA,NA,1
"ITEM725DTDENTALIFEDT_ROM","Dog Treats","Fareway","DT DENTALIFE DT 02.1OZ",0,0,-2.52723888039868,-1.79660001614604,0,10,0,0,0,0,0,0,-0.160474743402197,0,0,0,5.99118256408821,"ROM",0,0,0,0,0,0,0,0,0,0,0,NA,NA,1
"ITEM726DDPURINAONEMLTRGTD_ROM","Dry Dog","Fareway","DD PURINA ONE ML TRGTD 15LB",-0.096203326507529,0.46237225014992,-1.1703867118291,0,0,10,0,0,2.13310927823683,0,0,0,0.00304739828034074,0,0,0,0.184566754596226,"ROM",0,0,0,0,0,0,0,0,NA,NA,NA,0,0,1
"ITEM726DTDENTALIFEDT_ROM","Dog Treats","Fareway","DT DENTALIFE DT 28.5OZ",-0.780948163777697,1.85367153654453,0,0,0,0,0,0,0,0,0,0,0,0,0,0,6.06649924965394,"ROM",0,0,0,0,0,0,0,0,0,0,0,NA,NA,1
"ITEM734DDDOGCHOWHIPROTEIN_ROM","Dry Dog","Fareway","DD DOG CHOW HI PROTEIN 13LB",0,0,0,0,0,10,10,0,0,0,0,0,0.0790881598419716,0,0,0,3.10839500479224,"ROM",0,0,0,0,0,0,0,0,NA,NA,NA,0,0,1
"ITEM73CTWHISKERLICKINSCR_ROM","Cat Treats","Fareway","CT WHISKER LICKINS CR 04OZ",-0.800511353936244,3.81191171944953,0,0,2.70989533820198,0.132940152657356,0,0,0.150790588438235,0,0,0,0,0,0,0,5.55654526673183,"ROM",NA,NA,NA,NA,NA,NA,NA,NA,NA,NA,NA,NA,NA,2
"ITEM74TIDYCATSCLUMPLW_ROM","Litter","Fareway","CL TIDY CATS CLUMP LW 17LB - PAIL",-0.760514512188634,0,0,0,3.61119969835228,0.581822543597639,0,0,0,0,0,0,0,NA,0,0,7.48354615868344,"ROM",NA,NA,NA,NA,NA,0,NA,NA,NA,NA,NA,NA,NA,2
"ITEM774DDPROPLANDEVPUPPY_ROM","Dry Dog","Fareway","DD PRO PLAN DEV PUPPY 04-6LB",0,0,-0.258768702086633,-0.116839340952494,0,0,0,0,0,0,0,0,0,0,0,0,2.41703990151715,"ROM",0,0,0,0,0,0,0,0,NA,NA,NA,0,0,1
"ITEM787DDPURINAONETRUINSTBNB_Retailer","Dry Dog","Fareway","DD PURINA ONE TRU INST B&B 15LB",-2.5,2.13050899927241,-1.41749686149575,-1.24237055564691,10,0,0,0,-3.80570981253219,0,0,0,0.0785096605159442,1,-1.75428355202912,0,8.19782090663807,"Retailer",1,0,0,0,0,0,0,0,NA,NA,NA,0,0,1
"ITEM787DDPURINAONETRUINSTBNB_ROM","Dry Dog","Fareway","DD PURINA ONE TRU INST B&B 15LB",-2.5,3.57596803053122,0,0,0,0,0,0,0,0,0,0,0,1,0,-3.1263632975417,9.56660015858504,"ROM",0,0,0,0,0,0,0,0,NA,NA,NA,0,0,1
"ITEM7906CTFANCYFEASTSAVORYCRAVINGS_ROM","Cat Treats","Fareway","CT FANCY FEAST SAVORY CRAVINGS 3OZ",-1.52786565566262,2.93836032347704,0,-0.977912520526715,0,8.57742280927604,10,0,0,0,0,0,-0.0964517834623195,0,0,0,6.56009284976217,"ROM",NA,NA,NA,NA,NA,NA,NA,NA,NA,NA,NA,NA,NA,1
"ITEM790DDPURINAONEMLTRGTD_ROM","Dry Dog","Fareway","DD PURINA ONE ML TRGTD 31.1LB",-0.234658209761167,0,0,-2.04603100081156,0,0.545904206664829,0,0,0.912234911413549,0,0,0,0.0154419784359521,0,0,0,4.53498175070643,"ROM",0,0,0,0,0,0,0,0,NA,NA,NA,0,0,1
"ITEM792DDPURINAONETRUINSTBNB_ROM","Dry Dog","Fareway","DD PURINA ONE TRU INST B&B 27.5LB",-2.5,0,-2.0018979752695,-1.93519634842858,0,10,0,0,0,0,0,0,0,1,0,0,3.15001264031592,"ROM",0,0,0,0,0,1,0.0728660443205365,0,NA,NA,NA,0,1,1
"ITEM7BUSYTWISTEDCW_ROM","Dog Treats","Fareway","DT BUSY TWISTED CW 05.3-7OZ",-0.277884733802618,0,0,0,2.65016650337742,1.3566246029061,0,0,0.805437254731815,-0.0116183410811414,-0.0149667024154898,0.0228419449748163,-0.010758862079143,0,0,0,4.65938615289874,"ROM",0,0,0,0,0,0,0,0,0,0,0,NA,NA,2
"ITEM7CTFRISKIESPARTYMIXCR_Retailer","Cat Treats","Fareway","CT FRISKIES PARTY MIX/NAT YUM CR 02.1OZ",-0.401734752131226,1.98537958477629,0,0,0,0,0,0,0.285983010606923,0.0285157542627506,0,0,0.00417328204968996,0,0,0,7.21196619968533,"Retailer",NA,NA,NA,NA,NA,NA,NA,NA,NA,NA,NA,NA,NA,2
"ITEM7CTFRISKIESPARTYMIXCR_ROM","Cat Treats","Fareway","CT FRISKIES PARTY MIX/NAT YUM CR 02.1OZ",-1.16126188020457,0.994243818277005,-0.29727897718366,-0.572762923148024,0.639605674736635,0.145334911818989,4.91020068777424,6.22345978798304,0.429518726810444,-0.0535077264704439,-0.0385057632540154,0,0,0,-0.0168933624259923,0,8.7437636016685,"ROM",NA,NA,NA,NA,NA,NA,NA,NA,NA,NA,NA,NA,NA,2
"ITEM7CWFRISKIES_Retailer","Wet Cat","Fareway","CW FRISKIES 05.5OZ 24CT",-0.1,0.420304105443049,0,0,2.4766291581185,0,0,0,0,0,0.109625452424367,-0.0141117014707647,-0.00497991073477691,0,-0.347407572521094,-0.940097425443689,4.56880305114573,"Retailer",NA,NA,0,NA,NA,NA,NA,0,0,NA,NA,NA,NA,2
"ITEM7CWFRISKIES_ROM","Wet Cat","Fareway","CW FRISKIES 05.5OZ 24CT",-0.85433612500909,0,0,0,1.48493897173344,0,0,0,0.387546247322999,0,0,0,0.00762350558382916,0,0,0,8.5054528560832,"ROM",NA,NA,0,NA,NA,NA,NA,0,0,NA,NA,NA,NA,2
"ITEM800DDPURINAONEMLTRGTD_ROM","Dry Dog","Fareway","DD PURINA ONE ML TRGTD 40LB",-0.185310826434092,0.539825204387597,0,0,0,0,1.91812718868579,0,0.471132068149584,0.0345467898737291,0.0472031336294612,0,0.00558258251160407,0,0,0,5.62714093288348,"ROM",0,0,0,0,0,0,0,0,NA,NA,NA,0,0,2
"ITEM803DDPURINAONEMLPUPPY_ROM","Dry Dog","Fareway","DD PURINA ONE ML PUPPY 03LB",0,10,0,0,0,10,0,0,-3.89517311012956,0,0,0,0.233971913050859,0,0,0,4.61437946809128,"ROM",0,0,0,0,0,0,0,0,NA,NA,NA,0,0,1
"ITEM804CTFANCYFEASTPUREFLAKED_ROM","Cat Treats","Fareway","CT FANCY FEAST PURE FLAKED 01.06OZ",-1.88770814064953,2.3483348815989,0,0,7.58766999383557,0.766116603403544,0,0,0.13309892959985,0,0,0,0,0,0,0,6.96307214928329,"ROM",NA,NA,NA,NA,NA,NA,NA,NA,NA,NA,NA,NA,NA,2
"ITEM808CTWHISKERLICKINSCR_ROM","Cat Treats","Fareway","CT WHISKER LICKINS CR 01.7OZ",-1.88223378619323,0.98752350153566,0,-0.283397928742737,0,1.13402825157093,9.93425017395388,0,0.467449090544228,0,-0.0972397167859425,-0.343498282472384,-0.0159812702399391,0.841883671500852,0,0,5.50312791537692,"ROM",NA,NA,NA,NA,NA,NA,NA,NA,NA,NA,NA,NA,NA,2
"ITEM826CTFANCYFEASTSAVORYCRAVINGS_Retailer","Cat Treats","Fareway","CT FANCY FEAST SAVORY CRAVINGS 01OZ",-0.158416983723183,0.995171219552561,0,0,6.1999620866354,0,0,0,-0.34314258798007,0.0377517994676995,0,0,0.0423727287233324,0,0,0,1.75902917197951,"Retailer",NA,NA,NA,NA,NA,NA,NA,NA,NA,NA,NA,NA,NA,0
"ITEM826CTFANCYFEASTSAVORYCRAVINGS_ROM","Cat Treats","Fareway","CT FANCY FEAST SAVORY CRAVINGS 01OZ",-1.71599010468806,0.866534729534991,0,0,10.8193907586504,0.0233781368479875,0,0,0,0,0,0,0,0,0,0,4.66223561858815,"ROM",NA,NA,NA,NA,NA,NA,NA,NA,NA,NA,NA,NA,NA,2
"ITEM832DTPIONEERWOMANMT_ROM","Dog Treats","Fareway","DT PIONEER WOMAN MT 16OZ",0,0,-0.841718028937828,-1.98242279109186,10,0,0,0,0,0,0,0,-0.0929120884588975,0,0,0,2.22113616426655,"ROM",0,0,0,0,0,0,0,0,0,0,0,NA,NA,1
"ITEM833DTPIONEERWOMANMT_ROM","Dog Treats","Fareway","DT PIONEER WOMAN MT 05OZ",-2.5,5.29297766574646,0,0,7.439690476762,3.19841402942955,10,0,-0.514138697759261,0,0,0,0,0,0,0,8.91187872934055,"ROM",0,0,0,0,0,0,0,0,0,0,0,NA,NA,1
"ITEM835DTPRIMEBONESCW_ROM","Dog Treats","Fareway","DT PRIME BONES CW 09.7-11.5OZ",-0.573426881974893,0.891153832824315,0,0,3.83003735970835,0.244222501759037,0,0,1.02498217374354,-0.0418404166648494,0,0.00587732243580027,-0.0271163179639516,0,0,0,5.7378851358803,"ROM",0,0,0,0,0,0,0,0,0,0,0,NA,NA,2
"ITEM836DTPRIMEBONESCW_ROM","Dog Treats","Fareway","DT PRIME BONES CW 21-22.8OZ",-2.5,0,-2.6717190173403,-3.86267296673588,0,2.28719338842344,0,0,0,0,0,0,0,0,0,0,10.2410967063242,"ROM",0,0,0,0,0,0,0,0,0,0,0,NA,NA,1
"ITEM837DTPRIMEBONESCW_ROM","Dog Treats","Fareway","DT PRIME BONES CW 39.7OZ",0,1.62233376295257,-0.207139868759489,-0.931339332858572,0,0,0,0,0.0565996444068622,0,0,0,0.0237157315798382,0,0,0,5.32153847083159,"ROM",0,0,0,0,0,0,0,0,0,0,0,NA,NA,1
"ITEM851DTPUPPYCHOWMT_ROM","Dog Treats","Fareway","DT PUPPY CHOW MT 24OZ",-2.5,1.97967629840637,0,-1.82172310499195,10,0,0,0,0,0,0,0,0,0,0,0,7.17416655507486,"ROM",0,0,0,0,0,0,0,0,0,0,0,NA,NA,1
"ITEM852DTPUPPYCHOWMT_ROM","Dog Treats","Fareway","DT PUPPY CHOW MT 07OZ",-0.280071176451943,0,0,0,5.86847866706406,112.616648507803,0,0,0.568324880518338,0,0,0,0,0,0,0,3.62528079733496,"ROM",0,0,0,0,0,0,0,0,0,0,0,NA,NA,2
"ITEM854DTPURINAONETRUEINSTMT_ROM","Dog Treats","Fareway","DT PURINA ONE TRUE INST MT 07OZ",0,0,-0.861540879009174,-0.789476711852339,4.87696036832552,0,0,0,0.714079521448902,0,0,0,0.0179214059370908,0,-3.71662689725094,-0.626801660655573,2.67993597803191,"ROM",0,0,-0.361302388439698,-0.495671112130985,0,0.596684676006257,0,-1.40603506282436,-0.0727614274687183,0,0,NA,NA,1
"ITEM855DDBENEFUL_ROM","Dry Dog","Fareway","DD BENEFUL 28LB",-0.330652888496282,0.65720158641496,-0.242796208918307,-1.15482730384606,0,1.55490458190445,0,0,0.294983749969456,0,0,0,0,0,0,0,5.84092895024858,"ROM",0,0,0,0,0,0,0,0,NA,NA,NA,0,0,1
"ITEM857DDALPO_ROM","Dry Dog","Fareway","DD ALPO 28-31LB",0,0,-1.44987464521567,-3.68915566515496,0,10,10,10,0.109852755662328,0,0,0,0.00546911098091085,0,0,0,5.41510994778831,"ROM",0,0,0,0,0,0,0,0,NA,NA,NA,0,0,1
"ITEM859DDBENEFULPREMIUM_ROM","Dry Dog","Fareway","DD BENEFUL PREMIUM 03LB",-2.5,0,-3.19773171455672,-3.13412568712511,0,10,0,0,-3.22242816348403,0,0,0,-0.00416428354575015,0,0,-14.1247291339528,12.4441130082113,"ROM",0,0,0,0,0,0,0,-16.0060422021987,NA,NA,NA,0,0,1
"ITEM85CWBEYOND_ROM","Wet Cat","Fareway","CW BEYOND 03OZ 6CT",-2.5,0.680689148414384,-1.08327309829244,-2.11835247593108,10,0,0,0,0,0,0,0,-0.101204296384438,0,0,0,7.57922416638049,"ROM",NA,NA,0,NA,NA,NA,NA,0,0,NA,NA,NA,NA,1
"ITEM860DDBENEFULPREMIUM_ROM","Dry Dog","Fareway","DD BENEFUL PREMIUM 03.3-4.5LB",-2.5,0.924847467892919,-0.609249637089056,0,0,0.00722132829169045,0,0,0,0,0,0,-0.0316767180407042,0,0,0,10.4410882319174,"ROM",0,0,0,0,0,0,0,0,NA,NA,NA,0,0,1
"ITEM861DDBENEFUL_ROM","Dry Dog","Fareway","DD BENEFUL 12LB",-0.786447153271852,1.33808744995965,-0.307743771607773,0,0,0.149829779218539,8.82284253134431,5.33619960200752,0,0,0,0,0,0.437933694710092,-0.112798514343877,-0.659913268865561,5.63101528449658,"ROM",0,0,-0.294676018713057,-2.00272287014116,0,0.326214997304945,0,-0.33332777459792,NA,NA,NA,0,0,1
"ITEM862DDBENEFUL_Retailer","Dry Dog","Fareway","DD BENEFUL 14LB",-0.539274769973063,1.16693547752636,0,-0.114462568708948,1.91037219017386,0.142397017944969,0,0,0.326494377863325,0,0,0,0,0,0,0,5.29631973145402,"Retailer",0,0,0,0,0,0,0,0,NA,NA,NA,0,0,2
"ITEM862DDBENEFUL_ROM","Dry Dog","Fareway","DD BENEFUL 14LB",-0.69543046173487,0,0,0,0,0.0810878512866564,0,2.24816787165213,0.85755708754272,-0.0176847824819581,-0.0122502008124854,0.0163689298002314,-0.0100810118871727,0,-0.115458259029245,-0.00742326338796916,9.17665265799889,"ROM",0,0,0,0,0,0,0,0,NA,NA,NA,0,0,2
"ITEM863DDBENEFUL_Retailer","Dry Dog","Fareway","DD BENEFUL 03.5LB",-0.539274769973063,2.77972299449595,-4.38136244163032,-2.6338364709341,6.3055210124882,0,0,0,0,0,0,0,0,0,-8.95375431278382,0,1.3742509625481,"Retailer",0,0,-0.613990485829789,0,0,1,0,0,NA,NA,NA,0,0,1
"ITEM863DDBENEFUL_ROM","Dry Dog","Fareway","DD BENEFUL 03.5LB",-1.66687490942445,0.505808302337386,0,0,3.01039491205917,0.33204940534455,4.91381408350719,3.20913446060459,0.0812690762526974,-0.0175989613461615,0,0,0,0,0,0,8.93302603526217,"ROM",0,0,0,0,0,0,0,0,NA,NA,NA,0,0,2
"ITEM864DDBENEFUL_ROM","Dry Dog","Fareway","DD BENEFUL 40LB",-1.56350291083259,0,0,0,0,0.118390135208874,0,0,0.515596054982822,-0.060036420513756,-0.0718199353075868,0,0,0,0,0,11.4306714158586,"ROM",0,0,0,0,0,0,0,0,NA,NA,NA,0,0,2
"ITEM867DDBEYONDORGANIC_ROM","Dry Dog","Fareway","DD BEYOND ORGANIC 03LB",-2.5,1.29682855893851,-0.713619125188785,-1.22767415367951,0,10,0,0,-5.28821485431273,0,0,0,0.107941413631447,0,0,0,13.4812175174849,"ROM",0,0,0,0,0,0,0,0,NA,NA,NA,0,0,1
"ITEM870DDBEYONDSMBRDSPRFOOD_ROM","Dry Dog","Fareway","DD BEYOND SM-BRD/SPR FOOD 14.5LB",0,0,-1.15906500764463,-0.995644688591783,0,6.43131766148962,0,0,0.336340425623506,0,0,0,0,0,-3.18736035291442,0,2.20988293635796,"ROM",0,0,-2.18096316647398,0,0,0,0,0,NA,NA,NA,0,0,1
"ITEM897DDDOGCHOWGREENBG_Retailer","Dry Dog","Fareway","DD DOG CHOW GREEN BG 33.6-36LB",-0.745994554885478,8.08464841417096,-1.90014956789888,-3.57006693607645,7.74579634929424,0,0,0,-0.972655062036614,0,0,0,0.00331991664059972,0,0,0,4.79755519488405,"Retailer",0,0,0,0,0,0,0,0,NA,NA,NA,0,0,1
"ITEM897DDDOGCHOWGREENBG_ROM","Dry Dog","Fareway","DD DOG CHOW GREEN BG 33.6-36LB",-2.5,0,-3.41138656109904,-4.2189504671296,10,10,0,0,-1.60470281488138,0,0,0,0,0,0,0,14.136180279435,"ROM",0,0,0,0,0,0,0,0,NA,NA,NA,0,0,1
"ITEM898DDDOGCHOWGREENBG_Retailer","Dry Dog","Fareway","DD DOG CHOW GREEN BG 46-48LB",-0.720433272090671,0.548852206532539,0,-0.166405766047581,10,0.0572540999628315,0,0,0.0428469326485739,-0.0171804482991035,0,0,-0.0176033008708075,0,0,0,3.97883273237763,"Retailer",0,0,0,0,0,0,0,0,NA,NA,NA,0,0,0
"ITEM898DDDOGCHOWGREENBG_ROM","Dry Dog","Fareway","DD DOG CHOW GREEN BG 46-48LB",0,0,0,0,10,2.05415987084969,8.66872257412952,10,0,0,0,0,0.153081071724027,0,0,0,0.197378780905548,"ROM",0,0,0,0,0,0,0,0,NA,NA,NA,0,0,1
"ITEM89CTFRISKIESPARTYMIXCR_ROM","Cat Treats","Fareway","CT FRISKIES PARTY MIX/NAT YUM CR 30OZ",-0.435159465272486,3.39036647216669,-1.08960540369254,0,1.98575990025222,0,0,0,0.537366224439738,-0.0384599610286378,-0.0278355052601603,0,0,0,0,0,5.89042355990767,"ROM",NA,NA,NA,NA,NA,NA,NA,NA,NA,NA,NA,NA,NA,2
"ITEM933DDMOISTANDMEATYHIPROTEIN_ROM","Dry Dog","Fareway","DD MOIST AND MEATY HI PROTEIN 72OZ",-0.377745214201897,2.24040463413167,-1.16317054628194,0,0,0,0,0,0.309154259263432,0,0,0,0,0,0,0,5.37650543172491,"ROM",0,0,0,0,0,0,0,0,NA,NA,NA,0,0,1
"ITEM949DTTREKKERSMT_ROM","Dog Treats","Fareway","DT TREKKERS MT 05OZ",-2.5,1.57551426301527,0,0,0,0,0,0,1.48413778875781,0,0,0,-0.0370994193605823,0,0,0,7.63454712432821,"ROM",0,0,0,0,0,0,0,0,0,0,0,NA,NA,1
"ITEM95CWFANCYFEASTMEDLEYS_ROM","Wet Cat","Fareway","CW FANCY FEAST MEDLEYS 03OZ 12CT",0,0,0,0,3.14729807508507,0,3.50101031999603,0,0.216368913052438,0,0,0,0.0103393827118747,0,0,0,5.45538142733585,"ROM",NA,NA,0,NA,NA,NA,NA,0,0,NA,NA,NA,NA,2
"ITEM962DTZUKESMININTRLSMT_ROM","Dog Treats","Fareway","DT ZUKES MINI NTRLS MT 06OZ",-1.11599124114436,0,0,-0.934606625964539,0,0,0,0,0.72752897397286,0,0,0,0,0,0,0,4.44674968226577,"ROM",0,0,0,0,0,0,0,0,0,0,0,NA,NA,1
"ITEM965DDPROPLANESSENTIAL_ROM","Dry Dog","Fareway","DD PRO PLAN ESSENTIAL 17-18LB",-0.333127801144769,0,0,0,0,0,0,0,0,0,0,0,0,0,0,0,3.03421453705346,"ROM",0,0,0,0,0,0,0,0,NA,NA,NA,0,0,1
"ITEM966DDPROPLANSPECIALIZED_ROM","Dry Dog","Fareway","DD PRO PLAN SPECIALIZED 16-18LB",0,1.62429279251369,-2.4240687044262,0,0,0,0,0,0,0,0,0,0.00882652556623917,0,0,0,1.41770385974965,"ROM",0,0,0,0,0,0,0,0,NA,NA,NA,0,0,1
"ITEM967DDPROPLANSPECIALIZED_ROM","Dry Dog","Fareway","DD PRO PLAN SPECIALIZED 24-34LB",-0.205539575518025,0,0,0,0,10,0,0,0,0,0,0,0,0,0,0,4.50462341995982,"ROM",0,0,0,0,0,0,0,0,NA,NA,NA,0,0,1
"ITEM968DDPROPLANSPECIALIZED_ROM","Dry Dog","Fareway","DD PRO PLAN SPECIALIZED 04-6LB",0,0,-1.5118138061643,0,0,10,0,0,0,0,0,0,0,0,0,0,2.98345913340523,"ROM",0,0,0,0,0,0,0,0,NA,NA,NA,0,0,1
"ITEM96CWFANCYFEASTML_ROM","Wet Cat","Fareway","CW FANCY FEAST ML 03OZ 12CT",-0.171417458227315,0,0,0,0,0.408988505150431,0.963558046330568,0,0.631948005624398,0,0,0,0,0,0,0,7.04293018066982,"ROM",NA,NA,0,NA,NA,NA,NA,0,0,NA,NA,NA,NA,2
"ITEM971DDPUPPYCHOW_ROM","Dry Dog","Fareway","DD PUPPY CHOW 32-36LB",0,0,0,0,13.3853254362411,2.44745818205922,0,0,2.62318729837363,0,0,0,0,0,0,0,-0.715069244404451,"ROM",0,0,0,0,0,0,0,0,NA,NA,NA,0,0,2
"ITEM972DDPUPPYCHOW_ROM","Dry Dog","Fareway","DD PUPPY CHOW 04LB",-0.163080194504626,2.358582974953,0,-0.524149027278448,0,0,2.43133967433657,0,0,0,0,0,0.0201820330096686,0,0,0,5.64114734520769,"ROM",0,0,0,0,0,0,0,0,NA,NA,NA,0,0,1
"ITEM973DDPUPPYCHOW_ROM","Dry Dog","Fareway","DD PUPPY CHOW 40LB",-2.5,6.67941189242566,0,0,0,0,0,0,-10.8642222436604,0,0,0,0,0,0,-5.16895030737649,23.2655498012726,"ROM",0,0,0,0,0,0,0,0,NA,NA,NA,0,0,1
"ITEM974DDPURINAONEMLTRGTD_ROM","Dry Dog","Fareway","DD PURINA ONE ML TRGTD 12.5LB",-2.5,10,0,0,0,10,0,0,-2.98931131437518,0,0,0,0.244619507729288,0,0,0,10.8278719058719,"ROM",0,0,0,0,0,0,0,0,NA,NA,NA,0,0,1
"ITEM975DDPURINAONEMLTRGTD_ROM","Dry Dog","Fareway","DD PURINA ONE ML TRGTD 03.8-4LB",0,0,0,0,0,0.101611462503777,0,0,0.39319438802112,0,0,0,0.0259504075584807,0,0,0,3.94535064527193,"ROM",0,0,0,0,0,0,0,0,NA,NA,NA,0,0,1
"ITEM977DDPURINAONEML_ROM","Dry Dog","Fareway","DD PURINA ONE ML 04LB",-0.388757716316816,0.591533496857182,-0.587065112449634,0,0,0.386265440551186,0,0,0.313408947104329,-0.0410495668509553,0,0,0,0,0,0,6.88583431947761,"ROM",0,0,0,0,0,0,0,0,NA,NA,NA,0,0,2
"ITEM978DDPURINAONEML_ROM","Dry Dog","Fareway","DD PURINA ONE ML 13.5LB",0,0,0,0,0,2.91561985845206,10,0,0.379489507073974,0,0,0,0.0160914080834474,1,0,0,1.84181955271596,"ROM",0.116513863325169,0,0,0,0,0,0,0,NA,NA,NA,0,0,1
"ITEM980DDPURINAONETRUINSTBNB_Retailer","Dry Dog","Fareway","DD PURINA ONE TRU INST B&B 03.8LB",-1.49983171684806,8.63942119325422,0,0,10,0,0,0,-0.635855284996825,0,0,0,0.0333358285756041,0,0,0,3.95497649653255,"Retailer",0,0,0,0,0,0,0,0,NA,NA,NA,0,0,1
"ITEM980DDPURINAONETRUINSTBNB_ROM","Dry Dog","Fareway","DD PURINA ONE TRU INST B&B 03.8LB",-2.5,0,-2.14910957923275,-4.60067180202501,10,0,0,0,-5.020055050169,0,0,0,0.0733521586211663,1,0,-3.37007358208584,11.1208094972825,"ROM",0,0,0,0,0,0,0,-2.43904777955219,NA,NA,NA,0,0,1
"ITEM981DDPURINAONETRUINSTBNB_ROM","Dry Dog","Fareway","DD PURINA ONE TRU INST B&B 36LB",-2.5,2.00100588130198,-0.200018928559441,-1.42908071210752,0,0,0,0,0,0,0,0,0,1,-8.80951471348286,0,3.8891661098332,"ROM",0,0,-13.5566609205189,0,0,0.575010857807748,1,0,NA,NA,NA,0,0,1
"ITEM982DDPURINAONETRUINSTHIPRO_Retailer","Dry Dog","Fareway","DD PURINA ONE TRU INST HI-PRO 03.8LB",-2.5,3.96770262156735,0,0,10,0,0,0,-2.76326219893166,0,0,0,0.0688128771208,1,0,-1.14311996291532,4.09503319619688,"Retailer",1,0,0,0,0,0,0,0,NA,NA,NA,0,0,1
"ITEM982DDPURINAONETRUINSTHIPRO_ROM","Dry Dog","Fareway","DD PURINA ONE TRU INST HI-PRO 03.8LB",0,0,0,0,4.08789435115946,0,0,0,0.612658119483738,0,0,0,0,0.679462618418556,0,0,-5.25876371082531,"ROM",0.121981019275628,1,0,0,0,1,0.0882510798767787,0,NA,NA,NA,0,0,1
"ITEM983DDPURINAONETRUINST_ROM","Dry Dog","Fareway","DD PURINA ONE TRU INST 03.8LB",0,3.36694071023169,0,0,0,0,7.86532357919272,0,0.252909086322062,-0.0193830983662994,0.0319718546615207,0.010561946760995,0.0210179808585731,0,0,0,5.29536582879171,"ROM",0,0,0,0,0,0,0,0,NA,NA,NA,0,0,2
"ITEM984DDPURINAONETRUINST_ROM","Dry Dog","Fareway","DD PURINA ONE TRU INST 02.8LB",0,2.18400573952185,0,-1.10111264353628,0,10,0,0,0.131542237902756,0,0,0,0.00925067128805196,0,0,0,4.95728818276806,"ROM",0,0,0,0,0,0,0,0,NA,NA,NA,0,0,1
